image_hash,family_shown,assigned_family,decision,notes,url_link,caption
ea30bd7e7207aaa7a6409f49ea460f44,temporal_transformation,,discard,,http://4.bp.blogspot.com/_wFEgQXH8AyQ/TL69KSGe08I/AAAAAAAABTQ/bxOOh38PwU4/S692/europe+in+my+hands.jpg,"""Creative hand art transforming into representations of {Country} with detailed {Maps}."""
fc74b9662779dab4a79e45f95266cca8,temporal_transformation,,discard,discard,http://getgags.com/images/items/big/EAGGWNGK9J8L3JHIRE1ZV6SWX.jpg,Innovative way to transform regular {Food} into creative {Faces} with the use of {Ingredients} and {Tools}.
f55b60c9a935834ea147badeb2553e73,temporal_transformation,,fits,,https://images-wixmp-ed30a86b8c4ca887773594c2.wixmp.com/f/bae76985-7a1a-49e4-b25f-b851e73cd15d/dchzfag-50188a71-a559-455f-9ba0-9d12218df60a.png?token=eyJ0eXAiOiJKV1QiLCJhbGciOiJIUzI1NiJ9.eyJpc3MiOiJ1cm46YXBwOjdlMGQxODg5ODIyNjQzNzNhNWYwZDQxNWVhMGQyNmUwIiwic3ViIjoidXJuOmFwcDo3ZTBkMTg4OTgyMjY0MzczYTVmMGQ0MTVlYTBkMjZlMCIsImF1ZCI6WyJ1cm46c2VydmljZTpmaWxlLmRvd25sb2FkIl0sIm9iaiI6W1t7InBhdGgiOiIvZi9iYWU3Njk4NS03YTFhLTQ5ZTQtYjI1Zi1iODUxZTczY2QxNWQvZGNoemZhZy01MDE4OGE3MS1hNTU5LTQ1NWYtOWJhMC05ZDEyMjE4ZGY2MGEucG5nIn1dXX0.f86XCIV_hnnE8LWksDCYsNW5Pk8Tc7iep4er-xnHpAA,"Follow the detailed development of {Subject} as it progresses from rough sketches to polished final art, incorporating fine details and precise proportions."
e0d85e6e729648fecbb55b244855c2ec,temporal_transformation,,discard,,https://us.123rf.com/450wm/chekman/chekman1603/chekman160300191/54524160-glowing-lightbulb-plant-coming-out-of-flowerpot-business-growth-concept-with-idea-light-bulb--vector.jpg?ver=6,Visual representation of {Plant} growing from a {Bag} of {Ideas}.
e4464a6a66795e36c73ee8ba4e352c46,temporal_transformation,,discard,,https://ksr-ugc.imgix.net/assets/011/155/364/99316028b7d7e338b7217b54fecf0fdc_original.png?w=680&fit=max&v=1462902478&auto=format&lossless=true&s=d1fb131659e25bc170b28e1b310f70a8,The transformation of {Subject} into an artistic representation using {Style} and {Medium}.
fde8b0483cad6ebcffd97dd83dce8fd2,temporal_transformation,,discard,,https://img.freepik.com/free-photo/oasted-coffee-beans-background-yellow-flower_5207-413.jpg?size=626&ext=jpg,"A scene showcasing {Growth} in {Environment}, with {Plant} sprouting from {Seed/Matter}"
ee038f9360b36ae1ae555cc320a797fa,temporal_transformation,,discard,,https://img.cutenesscdn.com/640/clsd/11/2/ac0d151f728b45bb98f82ff056647be0.jpg,The process of {Object} being modified using {Material} to transform it into a new {Creation}.
ea45a82b83357e43752e1b7a8a25cbcc,temporal_transformation,,discard,,https://images.squarespace-cdn.com/content/v1/568690b01115e06a4a17acb2/1460042078287-KTISYPZFN6IT6OG0S09Q/ke17ZwdGBToddI8pDm48kKAGTuyRrJpg8i89wxVwO71Zw-zPPgdn4jUwVcJE1ZvWQUxwkmyExglNqGp0IvTJZamWLI2zvYWH8K3-s_4yszcp2ryTI0HqTOaaUohrI8PIiW8y5t8kg646_0F5HXcvvr92gLiLlAnATZlcXk7d9qwKMshLAGzx4R3EDFOm1kBS/Tips+for+Moving+With+Kids,People wearing {Cardboard Boxes} creatively transformed into {Faces} while surrounded by {Objects} that mimic smiles and expressions.
e6276610a71f7f65691f804d88eab74e,temporal_transformation,,discard,,http://www.digyourowngrave.com/content/carved_melons/melon_04.jpg,Creative carvings of {Fruit} transformed into various {Animals} or {Objects} with intricate details.
e38397f130ee548a9471287de7056667,temporal_transformation,,discard,,"http://t12.deviantart.net/wBvcRsfdMrq-J8ICqyofbI3-Z90=/fit-in/700x350/filters:fixed_height(100,100):origin()/pre05/12e4/th/pre/i/2014/288/5/7/skull_ronnie_mena_by_selyachan-d82wb6x.jpg",Unique face art using {Creative Design} and {Unique Patterns} to transform real-life {Person} into artistic {Character} or {Theme}.
f60da86eb72ac291f909bb02b02ce9ff,temporal_transformation,,boundary_reject,"corrected: same issue as temporal boundary example 1 -- single terminal-state snapshot (hatched animal + empty egg), not a multi-stage depiction",https://ak0.picdn.net/shutterstock/videos/9230180/thumb/1.jpg,"A {Animal} has emerged from its {Egg}, illustrating the natural transformation of {Egg-Shaped Object}."
e3083156a6edbe315b6216e76a11a741,temporal_transformation,,discard,,"https://image.spreadshirtmedia.com/image-server/v1/compositions/106572591/views/1,width=300,height=300,appearanceId=2,backgroundColor=E8E8E8,version=1485256808/cyborg-man-t800-men-s-t-shirt.jpg",Artwork of {Fictional Characters} featuring damaged {Faces} combined with cyborg or mechanical {Features}.
e98f0bf7516edfd67c4645687bf394b9,temporal_transformation,,boundary_reject,,https://img.freepik.com/free-photo/miniature-shopping-cart-trolley-top-stack-used-gold-coins-white_105035-355.jpg?size=626&ext=jpg,"Creative use of {Tiny Objects} to illustrate {Concepts} like progress, teamwork, and challenges on a {Background}."
e230f152fca5e9f9f21327a4235df931,temporal_transformation,,discard,,https://us.123rf.com/450wm/domencolja/domencolja0805/domencolja080500020/3021733-illustration-of-stickers-with-a-beautiful-blue-sky-and-road-leading-in-the-horizon-blank-and-isolate.jpg,"Transformed {Landscape} into artistic depictions of {Shape}, {Pattern}, or {Texture} through unique arrangements of {Element}."
f7dd64e137eb26df582d355793a2724e,temporal_transformation,,discard,,https://www.wonderwardrobes.com/wp-content/uploads/2015/12/141711Akv.jpg,"Detailed instructions on styling {Hairstyle} with {Hair Styling Techniques}, featuring images of {Hair Transformation} applied to {Hair Type}."
ed866e1a8b4272c25e63f1c81d331703,temporal_transformation,,discard,,https://im-media.voltron.voanews.com/Drupal/02live-246/styles/892x501/s3/ap-images/2020/08/f6334bbc8c5a4ae993d31d540514976a.jpg?itok=KShx4voN,A building transformed into the flag of {Flag} through illuminated {Colors}.
fc01cf57e6c1bd6b5888472d15867fa3,temporal_transformation,,discard,,https://s-lite.qwant.com/thumbr/480x320/1/5/53def09a9f4ee1c55084375aff0f96/b_1_q_0_p_0.jpg?u=http%3A%2F%2Fcdn.wolfire.com%2Fblog%2Frabbits%2Frabbitsea.jpg&q=0&b=1&p=0&a=0,Illustrations of {Animal} characters transformed into {Human-Like Figures} dressed in {Clothing} in various settings.
f7e98f932732f2091de218590a26cbe7,temporal_transformation,,discard,,http://www.borgesogato.com/wp-content/uploads/2013/12/cat-fashion-decemb_1773594i.jpg,Transformed {Animal} into human-like figures wearing {Clothing} with unique styles and settings.
ebb0a441f27c21308e90b6f3f9ab0d3f,temporal_transformation,,fits,,http://1tb.favim.com/preview/7/763/7632/76327/7632706.jpg,"The transformation of {Ingredient} into {Product} shown through stages: {Raw Material}, {Processed Form}, {Finished Item}"
fcd2eb6ac5d35cbd5233a28ec7894470,compositional_formation,,discard,,http://i0.wp.com/s-media-cache-ak0.pinimg.com/originals/05/11/08/05110872c9f7f31e7066ecb46fbcee8e.jpg?strip=all,"""Creative arrangement of {Plant} into a whimsical {Object} design."""
ebee947c663d7c1e66065c1dc8e38f6c,compositional_formation,,boundary_reject,,https://bagcraft.uk/wp-content/uploads/2018/02/soake_rainbow_bcspprain_pagoda1.jpg,A circular design showcasing alternating segments of {Color} arranged in a {Theme/Pattern}.
e3643c20af8850c13d1871deabd0d46d,compositional_formation,,discard,,https://farm4.static.flickr.com/3046/3004318012_2dbb5f03dc.jpg?v=0,A {Creative Portrait} crafted from arranged {Objects} showcasing intricate details and personalized designs.
f7a829fad79772994d2abe53177f4e93,compositional_formation,,fits,,http://static9.depositphotos.com/1010535/1178/i/450/depositphotos_11783955-coffee-cup-image-made-up-of-coffee-beans-on-sack.jpg,A creative use of {Creative Object} made from {Ingredients} on a {Surface}.
ef68de28079804b9d24a5505fb5f86a2,compositional_formation,,discard,,https://www.moma.org/d/assets/W1siZiIsIjIwMTYvMDIvMDMvNDNtaDR1cW5mYV9TdGFuZGFyZF9EZXZpYXRpb25zX1R5cGVzX2FuZF9GYW1pbGllc19pbl9Db250ZW1wb3JhcnlfRGVzaWduLmpwZyJdLFsicCIsImNvbnZlcnQiLCItcmVzaXplIDIwMDB4MjAwMF4gLWdyYXZpdHkgQ2VudGVyIC1jcm9wIDIwMDB4MjAwMCswKzAiXV0/Standard%20Deviations-%20Types%20and%20Families%20in%20Contemporary%20Design.jpg?sha=94681e529c52d678,"""Arrangement of {Objects} stacked together to create a visually striking composition."""
f67e168b5b4c518c3411549f869689ac,compositional_formation,,discard,,https://www.monelisapizza.com/wp-content/uploads/2019/02/ACS_0076.jpg,"""Creative use of {Fruit} to form a {Shape}"""
df567ccf0076cfe15dc758ce5179fc77,compositional_formation,,fits,,https://img.freepik.com/free-photo/coffee-grains-heart-form_23-2147896434.jpg?size=626&ext=jpg,Creative use of {Objects} to form a {Shape}.
ecf878accf55d756e253f17993ec3b92,compositional_formation,,discard,,https://img-aws.ehowcdn.com/600x600/photos.demandstudios.com/getty/article/94/212/486726351.jpg,Playful arrangements of {Vegetables} shaped like {Animals} or {Characters}.
ed4e56476e4d0b60f47f65e85f6f64cb,compositional_formation,,fits,,https://i1.pickpik.com/photos/386/261/100/flowers-tree-harmony-harmonious-thumb.jpg,Creative tree designs using {Flowers} arranged to form a {Shape}.
efcda0d0b8bad6595d7adfd806c527d7,compositional_formation,,discard,"corrected: not a clear parts-forming-a-whole example, likely single sculptural artwork",https://a.1stdibscdn.com/sanseviero-sculptures-4-blue-boxes-illusion-sculpture-28x16-metal-and-enamel-for-sale-picture-2/a_2082/a_33041331536946311220/Sanseviero_4_Blue_Boxes_2018_front_master.jpg?width=768,"An artistic arrangement of {Shapes} featuring unique patterns and perspectives, produced with a focus on {Color} and {Geometry}."
f3c9463ad33ca289567c0c759a4f3a84,compositional_formation,,fits,,https://d2c5oomqu2hs08.cloudfront.net/wp-content/uploads/2018/02/cactus-1-web.jpg,A creative arrangement of {Balloon} shaped like a {Object}.
df2d61bdfb1747cc312dc5364084fc0d,compositional_formation,,discard,,https://i.pinimg.com/736x/62/1c/e9/621ce9b3841ceb123fedf4a577cbf7f7--barn-wedding-photos-funny-wedding-photos.jpg,"""Creative use of {Group} people positioned in front of {Background} to form an artistic or whimsical composition."""
f035802c69318a36bea439ebca0ecb74,compositional_formation,,discard,,https://img.izismile.com/img/img8/20150515/640/cubed_food_is_almost_too_perfect_to_eat_640_03.jpg,"Arrangement of {Fruits} sliced into cubes, displaying a variety of {Colors} and {Types}."
e5508681acc139892394c88383985568,compositional_formation,,discard,,https://ae01.alicdn.com/kf/HTB1gBtiLXXXXXctaXXXq6xXFXXXo/custom-3d-wallpaper-bedroom-mural-roll-3d-floor-self-adhesive-wallpaper-Landscape-Waterfall-3d-floor-tiles.jpg,"Creative use of floating {Object} to link seamlessly with the background environment, forming an imaginative and cohesive scene."
efbd0008cc61897c2baf43fdfa3674cf,compositional_formation,,discard,,http://mediad.publicbroadcasting.net/p/shared/npr/styles/placed_wide/nprshared/201805/173141431.jpg,An innovative parking structure with multiple levels showcasing {Vehicle} arranged efficiently.
f54e3fefe4206f79a3b37bfac1db08c8,compositional_formation,,fits,,https://img2.goodfon.com/wallpaper/big/b/26/fon-trava-listya-cvety-belye.jpg,A creative display of {Flowers} forming a {Symbol}.
f0bf5439539df8c9e1c95f913a745a0d,compositional_formation,,discard,,https://us.123rf.com/450wm/jblackstock/jblackstock0806/jblackstock080600004/3121455-clean-energy-a-light-bulb-with-a-bright-sky-grass-and-lady-bug.jpg?ver=6,"""Illustration of {Object} creatively merged with a {Plant} to form an artistic representation of {Concept}."""
df6f61aad08a895203b238a563d92ab3,compositional_formation,,discard,,https://img.freepik.com/free-vector/light-amorous-design-concept-with-realistic-electric-bulbs-heart-shape-hanging-wires-isolated_1284-49296.jpg?size=626&ext=jpg,"Shaped like {Shape}, these lightbulbs showcase {Material} encased in clear glass."
fb1245db1426cb077c93309476a0d5ed,compositional_formation,,discard,,https://us.123rf.com/450wm/elen/elen0802/elen080200052/2554263-one-egg-3d-graphics.jpg?ver=6,Visuals showing a {Symbol} placed on a {Surface} to signify {Concept or Idea}.
ea9cecc212c2bf9e1a56e29f7b29a07d,compositional_formation,,discard,,https://pics.me.me/thumb_my-friend-made-holes-in-his-gate-so-gus-the-72455341.png,Creative use of {Holes} to form the likeness of a {Animal}.
efaf88d95c61c6f8cd7182445c7279d7,compositional_formation,,discard,,https://i.pinimg.com/736x/ac/ee/c1/aceec1e75328e9cc205b35311a8eeee3--the-simpsons-maxis.jpg,"""Hidden {Object} within a crowd of diverse {People} in a creative and artistic arrangement."""
e291af82274868828f158594ef94fb55,compositional_formation,,fits,,https://i.pinimg.com/736x/e4/a6/51/e4a651e69ad6908e101bbf71e4c59708.jpg,"A whimsical arrangement of {Object} imitating a tree, with creative touches like {Material} for branches and {Item} for leaves."
f52184688f3699dd0472966f695c9779,compositional_formation,,discard,,http://www.vegasnews.com/wp-content/uploads/SawayaParkBench4-588.jpg,"""Creative sculptures made from {Material} shaped into human-like figures interacting with everyday {Objects}."""
e255b2c5d74978e6e5e70df7e43836d0,compositional_formation,,fits,,https://img1.etsystatic.com/203/0/5236506/il_340x270.1263092685_78ni.jpg,A heart-shaped arrangement made with {Objects} of different {Colors} and {Shapes}.
fbc538a31ce8036d597ee3578fb5f41a,compositional_formation,,discard,,https://i.pinimg.com/736x/75/f1/08/75f1083644ca365ad3ad3c16c9abbf45.jpg,Creative depiction of {Animal} integrated with the design of the letter {Letter}
e4402b2e7348f555b141c775291a2957,compositional_formation,,fits,,https://us.123rf.com/450wm/vsurkov/vsurkov1310/vsurkov131000013/23018109-burning-match-in-hand-near-the-model-of-the-house.jpg?veru003d6,Fire is ignited from a {Match} to form a {Scene/Object}.
e230f152fca5e9f9f21327a4235df931,compositional_formation,,discard,,https://us.123rf.com/450wm/domencolja/domencolja0805/domencolja080500020/3021733-illustration-of-stickers-with-a-beautiful-blue-sky-and-road-leading-in-the-horizon-blank-and-isolate.jpg,"Transformed {Landscape} into artistic depictions of {Shape}, {Pattern}, or {Texture} through unique arrangements of {Element}."
e361a402d3d9bb17b2c21c7ef79dd525,compositional_formation,,discard,,https://ak.picdn.net/shutterstock/videos/11264561/thumb/1.jpg,Unique fusion of {Creative Object} integrated with a {Traditional Object} to craft a distinctive {Scene/Arrange}.
f9575588fb765aac970bc1766efd47f6,compositional_formation,,fits,,https://i.pinimg.com/736x/44/d2/bd/44d2bd716582c8f399f6a0a51bce66d4.jpg,Artistic arrangements of {Fruit} and {Vegetables} shaped into the forms of various {Characters}.
ff03babbb0d4908dc16cb99716d5608e,compositional_formation,,boundary_reject,,https://us.123rf.com/450wm/dogfella/dogfella1509/dogfella150900100/45058834-wei%C3%9F-gl%C3%BChbirne-au%C3%9Ferhalb-der-zeichnung-box-gl%C3%BChend-denken-au%C3%9Ferhalb-der-box-oder-anderes-konzept-zu-sein.jpg?ver=6,"Visual representation of {Symbol} for embodying {Concept} or {Process}, using {Object} in a creative way."
eabee937d1ae55b1c389ae064de470d6,spatial_containment,,,,https://i.pinimg.com/736x/53/e4/0d/53e40de897dee4625b67393b04d9bad2--lunch-bags-kids-lunch-boxes.jpg,Preserving {Food Item} in a {Bag/Container} to maintain freshness and preserve quality.
e365431f3d8a5fddc3bb6ec0322d7f80,spatial_containment,,,,https://us.123rf.com/450wm/lnzyx/lnzyx1007/lnzyx100701072/7400349-a-transparent-glass-in-the-dry-land-close-up-dry-to-the-extreme-calling-people-to-conserve-water-pro.jpg,A {Container} filled with {Liquid} placed on an uneven surface of {Material}.
ef6a50ecd634b80f208047ff2959d593,spatial_containment,,,,https://ak3.picdn.net/shutterstock/videos/25578773/thumb/8.jpg,A hand carefully placing a {Object} into a {Container}.
f7eda1cd61c85369d6de3dcdce9a8d23,spatial_containment,,,,https://us.123rf.com/450wm/halfpoint/halfpoint1501/halfpoint150100071/35429600-joyful-kids-as-sailors-on-the-sea-studio-shot-on-a-beige-background.jpg?ver=6,Inventive uses of {Container} as creative platforms for {People} to simulate {Scenes or Activities}.
df6f61aad08a895203b238a563d92ab3,spatial_containment,,,,https://img.freepik.com/free-vector/light-amorous-design-concept-with-realistic-electric-bulbs-heart-shape-hanging-wires-isolated_1284-49296.jpg?size=626&ext=jpg,"Shaped like {Shape}, these lightbulbs showcase {Material} encased in clear glass."
ea69d702a8862c80298df089854ac9d0,spatial_containment,,,,http://myartmagazine.com/file/images/1-2015/spider-3d-drawing-sambailey.jpg,"Using a {Container} to gently capture a {Animal}, ensuring its safety."
f560fe5bb2d724422710912c7caa8e65,spatial_containment,,,,https://media.gq.com/photos/5cfed04e27710c27ed4e56b2/3:2/w_775%2Cc_limit/Personal-Finance-Suze-Orman-GQ-2019-061019.jpg,"A creative depiction of {Person} inside a large {Object}, blending artistic imagination with humor."
fd93f198ea8cc5b28723826829754005,spatial_containment,,,,http://www.chrisroubis.com.au/wp-content/uploads/2015/01/49.jpg,"""High-speed action shot capturing the explosion of {Fruit/Berry} from the inside of a {Bottle}, showcasing dynamic movement and splashing liquid."""
f6d2d0d144f92fe7528fbc19b71df3a7,spatial_containment,,,,https://us.123rf.com/450wm/denisvyalov/denisvyalov2005/denisvyalov200500080/148893313-raw-pasta-poured-into-a-saucepan-on-a-white-background-.jpg?ver=6,"""{Fruits} being dropped into a {Metallic Container} in a dynamic motion."""
e5ae9f7e9a747490a810ed7978190cc4,spatial_containment,,,,http://render.fineartamerica.com/images/rendered/search/wood-print/images-medium-5/galaxie-in-a-bottle-leah-saulnier-the-painting-maniac.jpg,An imaginative representation of {Object} being confined inside a {Container}.
fcf15d8f0f8582883667b616fbea626a,spatial_containment,,,,https://pinkl.ru/sites/default/files/imagecache/product_full/shop_im/creature/CC.009.Bear/CC.009.Bear_3.jpg,Unique 3D {Object} artfully placed inside a {Cup/Plate} to create an engaging visual effect.
f6fdf7ae8f6a353907a4d81a71150697,unmatched,,,,"https://01.img.society6.com/society6/img/YBzNh8Zf2UKAt0Bxy6qvcuCl82A/h_550,w_550/cases/iphone6/slim/back/~artwork/s6-0026/v/12271817_9004915.jpg","A creative depiction of {Animal} merging human characteristics, wearing {Clothing} and carrying a {Object}."
f0b100d7a592cf6073f87d0d45145f25,unmatched,,,,https://i1.wp.com/www.newsgroove.co.uk/wp-content/uploads/2020/11/Clae-announces-first-ever-cactus-leather-sneaker.jpg?resize=1170%2C726&ssl=1,An imaginative floating setup showcasing {Shoe} in interaction with {Plant}.
fddc510b0f421160ed416b5ad7d92256,unmatched,,,,https://miro.medium.com/max/1200/1*RNGynj0rSOaNqd9A7mHPyQ.jpeg,"Creative use of {Fingers} to illustrate engaging {Faces} with {Expressions}, enhanced by simple {Features}."
f0f921e1ebc4cc001894d857b80da299,unmatched,,,,https://www.stmargaretshistory.org.uk/wp-content/uploads/catalogue/4/43f676443a0f6b4a4d40728d2fc238c1-561x363.jpg,Illustrations showcasing {Scene} with oversized {Figures/Objects} to emphasize an exaggerated or surreal effect.
f18aab86017c8b53534271bea03291b0,unmatched,,,,https://render.fineartamerica.com/images/images-new-artwork/images/artworkimages/medium/1/ovine-dreams-jean-cormier.jpg,Creative blending of {Animal} into imaginative interactions with {Object} to form amusing visuals.
e8eb01b0fc6d52d7fbfe76e7f43f552f,unmatched,,,,https://cdn-0.slappedham.com/wp-content/uploads/2015/08/Cat-wearing-a-cabbage-leaf-hat.jpg,"Creative use of {Object} as headwear by animals, resulting in an imaginative and amusing look."
f4f7c6ff30c7304d0f4428e22255e8e4,unmatched,,,,https://64.media.tumblr.com/tumblr_m90a4doF2C1qfr055o1_500.jpg,Creative 3D illustrations showing {Person} interacting with a {Scene/Object} in a visually stunning and imaginative way.
f0443cb7be003ae94c31ea8fa94e02c3,unmatched,,,,https://photos.smugmug.com/Europe/Italy/i-WdXQwPL/0/XL/venetian%20frames-XL.jpg,Capturing the perspective of looking up at {Structure} with a view of {Sky} and {Details of Surroundings}.
e25a71080b3af1e1ea146975e4bab611,unmatched,,,,"https://assets.simpleviewcms.com/simpleview/image/fetch/c_fill,q_75,w_728/http://res.cloudinary.com/simpleview/image/upload/v1519409620/clients/grandrapids/catyoga_47_1__528be075-5cfd-4409-8e2f-5f1eb1a87e77.jpg",People performing yoga alongside {Animal} on their mats in a peaceful setting.
e9dc94125dfae9433fce39aff99f57b2,unmatched,,,,https://cdn6.dissolve.com/p/D256_57_431/D256_57_431_600.jpg,Dynamic shots of {Animal} in mid-air as they leap between branches or tree tops during their natural movements.
e752832b17784dcff79c07e7c2d04415,unmatched,,,,https://us.123rf.com/450wm/julos/julos1607/julos160729643/60174178-superhero.jpg?ver=6,Superhero juggling various {Objects} with skill and flair.
ef37d79a5f4626f05fdde7728069e55e,unmatched,,,,https://st4.depositphotos.com/19157714/30155/i/450/depositphotos_301552946-stock-photo-man-red-apples-concept-food.jpg,A creative portrait where a human face is seamlessly integrated into a backdrop of {Objects}.
ede59a61560aeef8829392cf4ed29d4a,unmatched,,,,https://img.freepik.com/free-vector/collection-cute-vector-christmas-balls-cartoon-style_122784-4514.jpg?size=338&ext=jpg,Creative drawings of {Characters} wearing unique {Outfits} with matching {Accessories} to reflect their individual roles.
fd70435e213676d3706c8428882260cc,unmatched,,,,https://cdn.images.express.co.uk/img/dynamic/130/590x/secondary/Quokka-621202.jpg,Photos featuring {People} interacting with {Animal} in a lighthearted and endearing way.
fea0204a4a647820af55831d261d974b,unmatched,,,,https://www.lilavert.com/blog_lilavert/wp-content/uploads/2016/04/Johnson-Tsang-Sculpture-380x285.jpeg,Expressive sculpted depictions of {Human Faces} showcasing a range of {Emotions} and {Expressions}.
ed0dcac2843004ca81c8f9dfd8ae5feb,unmatched,,,,http://www.superstokedmagazine.com/wp-content/uploads/2013/08/%C2%A9MatthewLang-ZackHumphries-BayheadNJ-resized-800.jpg,A {Surfer} navigating through a {Wave} in the {Ocean}.
e76b8b878311db12acf93c38eccaac9b,unmatched,,,,http://my-test-11.slatic.net/p/3/super-large-umbrella-enough-to-sheltered-3-persons-uv-lightprotection-automatic-open-and-close-0033-61885144-8dffc0e8b772ec7ab41a2d383f2763d6-.jpg,"Visuals showcasing {Object} magnified to an extraordinary size, making it interact with {Person} in unexpected ways."
e365984d3013e0cd37d26bcecf2dfb44,unmatched,,,,https://i.pinimg.com/736x/9a/92/78/9a92785b604db6816985910bc0c4ed52--a-fruit-fruit-trees.jpg,Unique integration of {Tree} as decorative elements on a {Building}.
fa7f26dfdf20d56d49d8986c84ad4622,unmatched,,,,https://800011.xyz/files/funzug/imgs/wildlife/squirrel_appreciation_day_19.jpg,Capturing {Animal} in an expressive pose as though they're reaching for something special or interacting with their environment.
fdad8662f0d4e9fb291a2227bbb7fc2a,unmatched,,,,https://render.fineartamerica.com/images/rendered/search/metal-print/images/artworkimages/medium/1/light-painting-on-skyline-drive-shannon-louder.jpg,Long exposure photography showcasing the light trails from {Light Source} against a nighttime backdrop with {Sky/Clouds} and {Foreground/Object} in view.
e1f32a81d859fcb05ad42d76f378979e,unmatched,,,,https://www.timetravelturtle.com/wp-content/uploads/2019/10/Tirol-2019-180_new.jpg,"Ingenious designs with living plants forming {Faces} that showcase {Eyes}, {Noses}, and {Mouths}, creating artistic structures in {Setting}."
f442566f9151c761348adb2839e88cbf,unmatched,,,,https://h2.commercev3.net/cdn.spilsbury.com/images/500/33947.jpg,A detailed illustration featuring several {People} and {Objects} where a specific {Item/Person/Object} is hidden among the complexity.
e406119e730dfd38e08ecaec5349af44,unmatched,,,,https://us.123rf.com/450wm/deagreez/deagreez1910/deagreez191001619/131544077-full-length-body-size-view-of-his-he-nice-cool-cheerful-cheery-fat-santa-walking-carrying-pink-life-.jpg?ver=6,"""Creative depictions of {Characters} wearing {Outfits} in unique poses with {Objects} in unexpected settings."""
f367a1923e7625c2e94305875bece500,unmatched,,,,https://media.istockphoto.com/vectors/makeup-mirror-isolated-with-lights-vector-square-and-round-frames-vector-id923685454?b=1&k=6&m=923685454&s=170667a&w=0&h=3Vc5vMuvvIfK4nrFhnys5muDOR_Kk6Rk4Qh3OaNY_wY=,Illuminated {Frames} in various shapes featuring decorative {Lighting} and {Design Elements}.
efc175acabdddd68843aa418c14bc764,unmatched,,,,https://us.123rf.com/450wm/serezniy/serezniy1406/serezniy140604489/29546757-beautiful-still-life-composition-with-vermicelli-food-art-concept-isolated-on-white.jpg,Using {Creative Object} to craft an imaginative representation of {Animal}.
f96bef81bb5be068798d887aff728cda,unmatched,,,,https://us.123rf.com/450wm/gopixa/gopixa1703/gopixa170300011/73521391-puzzle-pieces-with-the-flags-of-germany-and-the-usa.jpg?ver=6,Visual representation of {Process} using miniature {People} alongside oversized {Objects} with symbolic designs.
f1e4bd5d0e2484fc0f401b83c8b64771,unmatched,,,,https://1.bp.blogspot.com/-kw40-SN6pbQ/W_x_wnG17OI/AAAAAAAAraI/kVulLy-SlL83ev3MF7eJNG-x_B7JAeUGwCLcBGAs/s1600/Amazing%2BChristmas%2BFairy%2BLights%2BFor%2BBeards%2BFor%2BThose%2BWho%2BTruly%2BLike%2BTo%2BBe%2BFestive%2B1.jpg,"""Detailed analysis of {Surface} with highlights focusing on {Details} and {Patterns}."""
e99ffd8c2adac77de294b045e7473863,unmatched,,,,http://theholenyc.com/wp-content/uploads/2009/09/2012_4-Eyed_Heron_94x72-290x290.jpg,Creative fusion of {Animal} characters wearing {Human Accessories} to produce amusingly human-like figures.
e880bebe4feffebca02af07819be3714,unmatched,,,,http://rodneyboles.com/wp-content/uploads/2013/01/Fuji-8-640x512.jpg,"Inverted {Scene} where {People/Objects} defy gravity, creating surreal and imaginative visual effects."
e0535c28d5043660cefffd0129cba3a3,unmatched,,,,https://i.pinimg.com/736x/a4/25/88/a425888592830814084ebff328887a0a.jpg,Creative tree-mounted {Structure} made with {Material} for {Animal} to explore or interact with.
fff8a8417bcab4d01dbbdff3c4a4d717,unmatched,,,,https://us.123rf.com/450wm/pressmaster/pressmaster1005/pressmaster100500070/6895045-confident-business-people-lined-up-getting-ready-for-race.jpg?ver=6,"Businesspeople positioned at the starting line of a {Race Track}, ready to initiate their {Activity}."
eed2642da09d9043323592869a1fff6f,unmatched,,,,https://smlycdn.akamaized.net/products/270x270-fill/fb681c267e/7b990fd806699b782232314ca68f9ebb1eb12891.jpg,A modern-day interpretation of {Famous Artwork} with contemporary {People} and {Styles}.
e01c56fbf179839ebe953adc9c308ba6,unmatched,,,,https://us.123rf.com/450wm/kotoffei/kotoffei1806/kotoffei180600037/104339802-.jpg?ver=6,"An artistic rendering of a {Constellation} based on the alignment of {Stars}, accompanied by a symbolic {Animal}."
fbe5fac8aa02001823f5794afb64b1be,unmatched,,,,https://c1.staticflickr.com/1/185/450142019_a6bcc98e61.jpg,An illustrated anatomy view of the {Body Part} showing detailed {System} structures and {Components}.
e9ed1db971e04f3230f23054afc6f221,unmatched,,,,https://wehackthemoon.com/sites/default/files/styles/hero_small_2x_1534x_/public/media/photograph/AS08-14-2383.jpg?itok=84QlLiYW,The view of the {Celestial Body} as seen from the surface of the {Planet/Moon}.
e7f45ec5bbf1f75d53b5aa6fbed23f01,unmatched,,,,https://cdn11.bigcommerce.com/s-czjuat90w4/images/stencil/1024x1024/products/414/1076/NC03__00467__06443.1526648429.png?c=2,Artistic depictions of {Characters} engaging in bike rides using {Objects} as heads while wearing unique outfits.
febcca73f9c0e87ee82cb7a28def34de,unmatched,,,,http://thumbpress.com/wp-content/uploads/2016/10/cool-monkey-laying-bananas-happy.jpg,Unique compositions of {Animal} integrating with their {Environment} to produce surreal and playful visuals.
f193e7458ec1a9b598e8ed5afb47acf7,unmatched,,,,http://theinsidetrack.in/wp-content/uploads/2015/12/4-4.jpg,A unique architectural design blending {Building Style} with lush {Greenery} in an urban landscape.
e298aaee26e6b762507c424d4525c015,unmatched,,,,https://periodicoabcrm.blob.core.windows.net.optimalcdn.com/images/2018/10/23/cropw0h0dpumlroxuaatkpc1-focus-0-0-940-615.jpg,Unique shapes in nature: {Natural Formation}
ef27da0137f64ea582a86be9d4e6c494,unmatched,,,,https://images-wixmp-ed30a86b8c4ca887773594c2.wixmp.com/f/ad69c8ad-949d-4bd6-9d97-3eb44f1d7076/d5whytf-ed1c1aea-8595-437e-8d65-808288f71136.jpg?token=eyJ0eXAiOiJKV1QiLCJhbGciOiJIUzI1NiJ9.eyJpc3MiOiJ1cm46YXBwOjdlMGQxODg5ODIyNjQzNzNhNWYwZDQxNWVhMGQyNmUwIiwic3ViIjoidXJuOmFwcDo3ZTBkMTg4OTgyMjY0MzczYTVmMGQ0MTVlYTBkMjZlMCIsImF1ZCI6WyJ1cm46c2VydmljZTpmaWxlLmRvd25sb2FkIl0sIm9iaiI6W1t7InBhdGgiOiIvZi9hZDY5YzhhZC05NDlkLTRiZDYtOWQ5Ny0zZWI0NGYxZDcwNzYvZDV3aHl0Zi1lZDFjMWFlYS04NTk1LTQzN2UtOGQ2NS04MDgyODhmNzExMzYuanBnIn1dXX0.nPS56f4Wkg4p-CHwN5f27bAwAnyoatYxxWgicASkYLE,Creative depictions of {Animal} with liquid-like {Color} flowing from their form into an artistic design.
f32eed5173fc1e4f48bf4153e7cff892,unmatched,,,,https://cdn2.eyeem.com/thumb/3ce060ab7f61091ca91a943df9316ed53e2d3408-1489030051932/w/350,"""Reflection of {Subject} in a puddle capturing symmetry with surrounding environment."""
defc9aa533e63483306d9c1dbf8a2bd2,unmatched,,,,https://wp-denverite.s3.amazonaws.com/wp-content/uploads/sites/4/2017/06/170630-COMIC-CON-COSPLAY-KEVINJBEATY-24.jpg,Creative cosplays inspired by {Character} from {Series} with unique touches and elaborate designs.
f5d2a3eadb7c04f2dbb11c1fe89f9fba,unmatched,,,,https://images.squarespace-cdn.com/content/53c96473e4b0216897e9a46a/1484789828255-4TMB4LDJVGGHDSZKA9DS/Denver+Wedding+Photographer+Ceremony+-45.jpg?format=1000w&content-type=image%2Fjpeg,"""Unique interactions between {People} and {Animals} during special occasions, including {Event Setting}."""
fd1ebde6ed7b90ac84d611647a1191a3,unmatched,,,,https://haustierewelt.org/wp-content/uploads/2021/01/Sicherheitstipps-f%C3%BCr-National-Dress-Up-Your-Pet-Day-Am-14-600x385.jpg,A {Dog} sporting a {Accessory} and showcasing unique {Style}.
f1f524c89d4e57889d906ad9415ec65c,unmatched,,,,https://us.123rf.com/450wm/kraftwerk/kraftwerk1812/kraftwerk181200033/115331940-stock-vector-golfer-stays-near-a-water-obstacle-illustration-sad-golfer-has-done-a-bad-kick-and-lost-golf-ball-in.jpg?ver=6,Visual representation of someone using {Tool} to cross a {Barrier}.
e0fa84d6d9e6cbb73aae19b583ab78fe,unmatched,,,,https://us.123rf.com/450wm/darakchi/darakchi1511/darakchi151100001/47800199-heart-shape-white-cloud-with-a-cloud-arrow-going-through-it-isolated-over-blue-sky-background-love-a.jpg?ver=6,"""Creative representation of {Shape} formed by natural cloud formations against a {Background}."""
e8c327bc9ba4a623f55da33a774a829a,unmatched,,,,https://us.123rf.com/450wm/studiom1/studiom11605/studiom1160500004/55930558-woman-head-of-the-person-from-a-3d-grid-geometric-face-design-polygonal-covering-skin-vector-illustr.jpg?ver=6,A wireframe illustration of a {Human Figure} with {Animal Features}.
ed7ef6c6b149f30edbb6d5fd8533bec7,unmatched,,,,http://images.weserv.nl/?url=upload.wikimedia.org%2Fwikipedia%2Fcommons%2Fe%2Fee%2FRSAF_Black_Knights_-_Love_is_in_the_air.jpg&w=,A {Shape} etched by an aircraft in the sky using smoke trails.
e35a1f927ff2f5fc23b5776f720c5fda,unmatched,,,,https://oceangirlproject.files.wordpress.com/2013/09/ocean_girl_project_surf_with_us_surf_art_mural.png?w=1000,"Artistic depictions of {Object} on large surfaces, cleverly integrating real-world elements like {People}, {Buildings}, and {Landscapes}."
efe98268a75d252ec35b9f059e1ff498,unmatched,,,,"https://media-cldnry.s-nbcnews.com/image/upload/t_nbcnews-ux-1024-900,f_auto,q_auto:best/streams/2013/december/131223/2d10761950-apollo_8-_anniversary--447644923_v2.jpg","A glimpse of the {Celestial Body} as viewed from the {Spacecraft/Moon/Planet}, showcasing the contrast between {Terrain} and {Darkness of Space}."
f60dbe1f8ce4aa9fa6ee5067a91631e7,unmatched,,,,https://berena.writeside.net/wp-content/uploads/support-e1546785613235.jpg,Creative use of {Objects} to depict anthropomorphic figures and their connections with {Things}.
f7dcededf1299936f3b5f3892ceb4bc0,unmatched,,,,https://madeinshoreditch.co.uk/wp-content/uploads/2016/04/Duy-Huynh-1.jpg,"Artistic depictions of {Human Figure} merging with nature or animals, expressing themes of {Emotion} or {Relationship}."
e4d6c5c8ab62ec21339cf403d43b9175,unmatched,,,,http://render.fineartamerica.com/images/rendered/medium/greeting-card/images/artworkimages/medium/1/antinous--v8-bruce-algra.jpg?transparent=0,Artwork of {Object} styled in multiple {Colors} with distinctive {Backgrounds}.
f55ec602376e739faedb5d9aec35b582,unmatched,,,,https://images-na.ssl-images-amazon.com/images/I/81daf4CnIGL.jpg,A series of {Dog Breed} wearing a {Animal Costume} showcasing various poses and perspectives.
e30e657112efaacf3ac318539e505997,unmatched,,,,https://supya.co/wp-content/uploads/2019/06/30-cute-and-easy-braid-tutorials-that-are-perfect-for-any-occasion-for-cute-braiding-hairstyles-for-long-hair.jpg,Learn how to create a {Braid Style} with your {Hair} using this step-by-step guide.
fd0552f117f0eede0cae6e89fcdd4313,unmatched,,,,https://i.pinimg.com/600x315/b7/41/f4/b741f4162c72baf538f7415ee3f18011.jpg,Detailed micrographs showcasing the intricate textures and designs of {Plant} and {Animal} structures up close.
f3f7c2fbabd7b81fea3e840420bc6ac9,unmatched,,,,https://i.icanvas.com/DMS2?d=3&sh=h&p=1&s=s&bg=w,A geometric representation of {Landscape/Scene} using triangular patterns with shades of {Color}.
fc6cc1a244c075cf525dcb96229846f7,unmatched,,,,https://us.123rf.com/450wm/Elnur/Elnur1309/Elnur130901370/22276354-cook-with-stack-of-pots-on-white.jpg?ver=6,"Photos of {Person} dressed as a chef, showcasing a collection of {Cookware} in a lively manner."
ffd8f71a45e943b1c10059fd3843b4a5,unmatched,,,,https://www.thetimes.co.uk/imageserver/image/%2Fmethode%2Ftimes%2Fprod%2Fweb%2Fbin%2Fb0896734-7a1b-11e8-8b01-f67602c33163.jpg?crop=3429%2C2286%2C0%2C0&resize=400&quality=3,An {Animal} diving into the water with its catch during a hunting activity.
f3ad9c96aadba2525308f2119380ee1d,unmatched,,,,https://danielscommercial.com/wp-content/uploads/2019/11/Frozen-business-man-1024x938.jpeg,Visuals of {Object} breaking apart into pieces when {Action} is applied.
fc140042bfe7739d4aafa60187e327cd,unmatched,,,,https://us.123rf.com/450wm/jtplatt/jtplatt1602/jtplatt160200076/52484747-lions-drinking-at-a-waterhole-and-their-reflections.jpg?ver=6,"Groups of {Animals} facing a reflective surface, showcasing their mirrored images in the water."
e277867a541c4af8de55c70df451d9cb,unmatched,,,,https://img.freepik.com/free-vector/camping-hiking-isometric-icon-set_1284-15428.jpg?size=338&ext=jpg,A visual showcase of various {Object} grouped together by their {Theme}.
f97aeea824548f34a0e6060ecd35a988,unmatched,,,,https://us.123rf.com/450wm/coramax/coramax1208/coramax120800394/14767223-chair-in-the-limelight-this-is-a-3d-render-illustration.jpg?ver=6,{Object} placed in a spotlight against a dark background for emphasis.
f6706205abf0df9d675ec60ff6f6f404,unmatched,,,,https://us.123rf.com/450wm/hedgehog/hedgehog1801/hedgehog180100571/94041210-compare-of-old-photo-with-acne-and-new-healthy-skin-.jpg?ver=6,Side-by-side view of {Subject} with and without {Treatment/Procedure/Change}.
e0ab09a2eecb6ef5d73f6a1d003456d0,unmatched,,,,"https://static.toiimg.com/thumb/msid-72305296,width-550,resizemode-4/72305296.jpg",Pictures showcasing {Foot} being massaged by small {Animals} in serene aquatic surroundings.
f6e40a5b1bf811b43df03f67d28c4ad2,unmatched,,,,https://www.gusciostore.com/20672-home_default_2x/samsung-s8-white-two-component-cover-linx-tattoo.jpg,"Illustrated designs of {Animal} featuring human traits, presented on a {Device}."
ecb947aa98d82fc14138ea7a075cc2e3,unmatched,,,,"https://res.cloudinary.com/fleetnation/image/private/c_fill,g_center,h_640,w_640/v1441041017/ur0kejit9tfjxev8lplr.jpg",Photographs showing {Person} interacting closely with a {Animal} in a dynamic or engaging way.
f553203e1ad46551486751e5707cf873,unmatched,,,,https://us.123rf.com/450wm/nilsversemann/nilsversemann1905/nilsversemann190500036/123969551-rothschilds-giraffe-giraffa-camelopardalis-rothschildi-native-to-eastern-africa-.jpg?ver=6,"Giraffes in different positions, including {Sitting}, {Standing}, and {Lying Down}, surrounded by their {Environment}"
e0a11e36e22f984275805a38cfa3cfdc,unmatched,,,,https://thumbs.dreamstime.com/b/male-hands-use-pencil-to-draw-full-set-white-chess-pieces-paper-male-hands-use-pencil-to-draw-full-set-white-114801418.jpg,Visualizing {Drawing} as hands bring {Sketch} to life on a blank sheet of paper.
ef8c877e07be3d5f4880fed755994180,unmatched,,,,https://static.highsnobiety.com/thumbor/OKPyxp6Hdw3y61Pf_A1Tah1OFb0=/1600x1067/static.highsnobiety.com/wp-content/uploads/2021/09/14005328/met-gala-2021-best-looks-2-1.jpg,"The red carpet displays individuals in extravagant outfits with bold {Design} and {Color} accents, paired with unique {Accessories}."
fae7d4dedf3dddccc567f587dae611a7,unmatched,,,,https://tse2.mm.bing.net/th?id=OIP.3p4f06YwqhKsL1laOcgFyAHaHq&pid=15.1&w=410&h=424,A map of {Region} showcasing national flags as decorative elements representing each country.
fd9fec38f6470f769a225c309e34dc0c,unmatched,,,,https://mayhemandmuse.com/wp-content/uploads/2012/06/biting-pear-grinning-fruit-laughing-vegetable-smile-teeth-human-art-illustration-humore-funny.jpg,Imaginative scenes featuring anthropomorphic {Fruits} interacting with ordinary {Animals} in whimsical settings.
f53c95fc8d177e5446f0e29237fd749c,unmatched,,,,https://us.123rf.com/450wm/hjalmeida/hjalmeida0804/hjalmeida080400020/2820213-argue-between-two-businessman-in-a-field.jpg?ver=6,"""Two individuals in {Attire} facing each other with their backs turned, seated on {Chairs} in a {Setting}."""
e8c11b2cd13e87bc3d68751a8e1469fb,unmatched,,,,https://us.123rf.com/450wm/ljupco/ljupco1405/ljupco140500379/28507636-man-trapping-a-butterfly-in-a-jar-on-blue.jpg,Creative depiction of {Object} being incorporated into the {Person}'s real-world scenario to symbolize {Theme}.
fcc91833d00d0783cac612b0ba599b83,unmatched,,,,https://us.123rf.com/450wm/abluecup/abluecup1507/abluecup150700671/42539046-3d-people-with-stairs-and-a-door.jpg?ver=6,Visual representation of {Action} leading to {Destination}
f9dba33267f2a1339c49e66b0e96037c,unmatched,,,,https://d3ew4rh7xxgmkq.cloudfront.net/performer/28592/photos/28592_954e9b7b603a4101a02074434909e9e9.jpg,Individuals showcasing caricature portraits that emphasize exaggerated features of their {Face}.
e07a9653781f2fbd674c789b7a400531,unmatched,,,,https://i.pinimg.com/736x/80/23/a4/8023a48c1776755f9b082880676ddbaa--wire-crafts-barbed-wire.jpg,"Visual representation of {Animal} interacting with its {Imagery of Animal}, emphasizing the resemblance between real-life and artistic design."
e943bb29b6f7b4fa6bfd50b82065167c,unmatched,,,,https://thumbnails.yayimages.com/b/535/b5359ea.jpg,"An illustration highlighting {Individual} with a distinct {Color}, {Shape}, or {Feature} among a group of similar {Objects}."
e5b30975fbe182bfeb004b02e7a85b64,unmatched,,,,http://www.dolcevitavillas.com/resizer/resize.php?url=http://www.dolcevitavillas.com/articoli/bomarzo-park.jpg&size=960x540c25,"Artistic depictions of {Fictional Creatures} merged with natural surroundings, creating enchanting scenes from {Environment}."
f69e7fd14d460e819ed12495adc7941a,unmatched,,,,http://www.taxitam.it/wp-content/uploads/2019/06/piscina-cozzi-museum-of-the-moon-620x340.jpg,"A giant {Object} cast in an oversized scale, contrasting sharply with the {Background Environment}."
e9ff39a606aa1c1e3b403b833ab9864e,unmatched,,,,https://3c1703fe8d.site.internapcdn.net/newman/csz/news/800/2018/13-newresearchc.jpg,"Animals interacting with {Object} in an unexpected or amusing way, highlighting their natural curiosity or creativity."
fcf390898ef8c9fc659166953132a68c,unmatched,,,,https://static.wixstatic.com/media/2f7cd3_a72a9a9558f345c2a531259f50cb5ac7~mv2.jpg,Performances featuring {BMX Rider} executing impressive stunts on {Obstacle} in various {Location}.
eb1b21bbbfb745a4a5c845d1ca263820,unmatched,,,,https://us.123rf.com/450wm/chatsimo/chatsimo1705/chatsimo170500323/79087015-gmo-concept-on-white-background-with-syringes-pills-and-peppers.jpg?ver=6,A combination of {Vegetables} and {Mechanical Devices} showcasing how {Nature} and {Technology} interact.
e0a7b8a93a0f7c2aee0010950c85c330,unmatched,,,,https://cache.desktopnexus.com/thumbseg/2039/2039754-bigthumbnail.jpg,"The {Person}'s shadow is cast on the {Surface}, emphasizing their presence in front of the {Background}"
eba94b632c1f0c0d83282b36772b2428,unmatched,,,,https://cdn5.eyeem.com/thumb/80fd6ff3a3f74a9a9ee171eb93ea5a35a1cd2770-1503382904917/w/700,"""Creative use of {Object} to form abstract shapes or patterns on a {Background}"""
f60cc516819051920c729ec625801c2e,unmatched,,,,https://us.123rf.com/450wm/isselee/isselee1510/isselee151000054/46063817-close-up-van-een-chimpansee-die-de-camera-pan-troglodytes-ge%C3%83%C2%AFsoleerd-op-wit.jpg?ver=6,"""Portrait of {Animal} with {Accessory} placed on its face."""
f8ab97d347fde7b1ca1324fa6f68f4b3,unmatched,,,,https://smlycdn.akamaized.net/products/270x270-fill/68e653b26b/7e11dca956b7b3446a8faf33924af41d4d1b7c18.jpg,Various shapes of {Material} formed into unique {Objects} showcasing diverse styles and textures.
f5542a17179543d696b24b2b85a6b9c7,unmatched,,,,https://www.spikeisland.org.uk/wp-content/uploads/2021/03/annabel-pettigrew-1000x0-c-default.jpg,Unique artistic designs with {Natural Elements} shaping the {Human Head}.
f58a08e53debcea127e84ab661e5d6f9,unmatched,,,,http://ecx.images-amazon.com/images/I/51d0hueRePL.jpg,"""Illustration of a {Animal} anthropomorphized as a hairdresser, working with tools like {Hair Accessories}, {Scissors}, and {Comb}."""
e4bd45b2e17fe3442ed459c0c143621f,unmatched,,,,https://venturebeat.com/wp-content/uploads/2013/10/pacejet-cloud-shipping.jpg?fit=750%2C500&strip=all,Visual representation of {Object} decorated with {Cardboard Boxes} in a distinctive and artistic style.
fc67e4c40f0ffeecf24865bd26bea664,unmatched,,,,https://cdn.shopify.com/s/files/1/0104/3755/8372/products/il_570xN.1697608455_r1ow_778b0ed3-81cd-4c6b-b9c7-43bab22fc4ac_1024x1024.jpg?v=1575468795,"Artistic recreation of {Photo} in a {Style} artistic technique, showcasing unique features and tones."
f2856e2ddc196d5ee5f6f33aec5f11e0,unmatched,,,,https://us.123rf.com/450wm/andrymas777/andrymas7771812/andrymas777181200001/119736986-bright-chrysanthemum-on-the-wall-in-green-.jpg?ver=6,The {Flower} and its shadow are portrayed against a {Background}
f8d64242539969a54000de894009f5f3,unmatched,,,,https://img.freepik.com/free-vector/low-rider-bicycle-skull_215665-99.jpg?size=338&ext=jpg,"A creative design showcasing a {Skeleton} riding a {Vehicle}, with intricate details and artistic flair."
f96b2b4c560d3be859b8470ba381959c,unmatched,,,,https://www.gannett-cdn.com/-mm-/b000d22744145e487b8a500cf267603c3fe60276/c=153-0-2846-2025/local/-/media/2017/05/04/DetroitFreeP/DetroitFreePress/636295095847243920-LIFE-HOME-KIDS-SPACES-3-MS.jpg?width=540&height=405&fit=crop,"""Illustration of {People} interacting with a {Object/Setting} in a creative or artistic way, highlighting {Action} and {Interaction}."""
fb9791c1e41e678124f4b37fe208134a,unmatched,,,,https://cdn.shopify.com/s/files/1/2501/1524/products/product-image-265854276_300x300.jpg?v=1571711513,"""Close-up illustration of a {Subject} featuring vibrant {Color} patterns and detailed artistic embellishments."""
fba10df32e8348e3dd61ea630ca39858,unmatched,,,,https://photos.smugmug.com/STOCK/AMAZON/i-dPgKc6z/4/e549c081/L/Makuna_002-L.jpg,Aerial views of {River} winding through {Terrain}
fea5380c03ec2d222ca544f30225a1ef,unmatched,,,,https://www.willflyforfood.net/wp-content/uploads/2014/06/ninja4-620x930.jpg,People using {Rope} to cross the space between {Surface 1} and {Surface 2} in different environments.
f8f9944aefae60b89214217f7b8dcfee,unmatched,,,,https://img.freepik.com/free-photo/beautiful-girl-model-green-grass-yoga-beautiful-young-woman-green-lawn-performs-acrobatic-elements-flexible-gymnast-black-does-handstand-split_173815-1694.jpg?size=626&ext=jpg,"Performing {Position} on one hand in the open {Environment}, showcasing balance and strength."
ea2437e0bc30f71999b344e3f52a4416,unmatched,,,,https://media.istockphoto.com/photos/cat-with-a-french-flag-picture-id926730432?k=6&m=926730432&s=612x612&w=0&h=ArIRLHQWeafyeHN1LlnBDzzWLYljOLM_ohFMTI2FOk4=,An anthropomorphic {Animal} wearing a {Hat} while holding a {Country Flag}.
fdd52e167983e808507482cbd4a71eb3,unmatched,,,,https://www.fototrainer4you-rainer-hoffmann.de/wp-content/uploads/2016/11/RSH102260.jpg,A {Bird} standing near the water's edge with its reflection visible in the calm surface.
ef30b2ff640184b98f859aa0be271a58,unmatched,,,,https://s.yimg.com/ny/api/res/1.2/R92JMe9fZnFT1zQJCBIGsQ--/YXBwaWQ9aGlnaGxhbmRlcjt3PTk2MDtoPTY0MC4wNzIxNTMzMjU4MTcz/https://s.yimg.com/uu/api/res/1.2/IUuTfSjozSStxV9.Lu17lg--~B/aD0yOTU3O3c9NDQzNTthcHBpZD15dGFjaHlvbg--/https://media.zenfs.com/en/ap.org/bb9b91f13be8b8f93260319a7e5d0e54,Visuals showcasing {Person} carrying {Flower} in {Setting}.
fdd01675e4d16ec083956ed69d29e2e2,unmatched,,,,https://images.squarespace-cdn.com/content/v1/5b7435efee17590195972351/1560265919497-N8CZOXPM76DKKJ8XIXQ6/ke17ZwdGBToddI8pDm48kAJsswp0EXV6qc0SOJ8DOsUUqsxRUqqbr1mOJYKfIPR7LoDQ9mXPOjoJoqy81S2I8N_N4V1vUb5AoIIIbLZhVYxCRW4BPu10St3TBAUQYVKc_E7dXkCi7l7eF32s1E_vQW45WD95yMX6bcbEP6L1pnbQgytvpF9JKWwbDEjqe30p/45544026_10214032715071977_5340560209284694016_o.jpg,"""Group of individuals holding signs with different {Messages} or {Words} in a unified gathering."""
ebd10bf4eec682c4b9ae06de20c1c3ef,unmatched,,,,https://s3.amazonaws.com/spoonflower/public/design_thumbnails/0731/5698/rrspoonflower-david-extracted_shop_thumb.png,"""Repetition of the same {Subject} across multiple angles or perspectives, creating a cohesive visual composition."""
eb0d488a6fd99fef7a644dc9e4450484,unmatched,,,,https://i.pinimg.com/736x/5f/a9/a3/5fa9a318880e83055b2a7991ba14e613--firearms-the-history.jpg,An artistic presentation of a {Person} with each part of their body replaced by unique {Objects}.
e2dd03c2b184131b884d1d68a355ae10,unmatched,,,,https://s27957.pcdn.co/wp-content/uploads/2016/09/france-chateau-feely-night.jpg,"Captured over time, the sky's movement reveals star trails above {Landscape/Object} in a {Time/Location} setting."
df31345aef3e43851397f2e5e101c70c,unmatched,,,,https://img-fotki.yandex.ru/get/243077/480438961.6fa/0_185d57_4d6717e3_orig.Jpg,Visual representations of intense emotions or {Feelings} using symbolic {Faces} and dynamic {Expressions}.
ef46fcf2ddc46edd011d34b231694ebc,unmatched,,,,https://img1.etsystatic.com/145/0/7524090/il_340x270.1171221529_nzvl.jpg,Illustrations of {Fruits} with human-like facial expressions and emotional features integrated into their natural surroundings.
f6e7a3aaac34da3eeb9a4e9ac1b877d6,unmatched,,,,https://cdn.shopify.com/s/files/1/0075/6560/7002/products/11_1024x1024.jpg?v=1594985069,Elegant {Animal} portraits featuring {Species} in historical {Attire} adorned with {Accessory} and {Decoration}.
e185715ad3cced5e93b9380f0623a997,unmatched,,,,https://l450v.alamy.com/450v/fc5c1f/camera-lens-in-shopping-trolley-on-the-palm-fc5c1f.jpg,"A small {Object} being held in a {Hand}, showcasing a unique and artistic presentation."
ffe2fb8b9855bd90f068dc24ac637f38,unmatched,,,,"https://static.wixstatic.com/media/7024fa_e4100c48b24747b1bd05065faa0bc92d~mv2.jpg/v1/fill/w_321,h_321,q_90/7024fa_e4100c48b24747b1bd05065faa0bc92d~mv2.jpg",A {Subject} portrayed in real life alongside its artistic representation on a canvas.
e9f18cbc5504c53b7691446a66b0239b,unmatched,,,,https://images.squarespace-cdn.com/content/5277d798e4b0298e6ac9020f/1423248798490-X28D2AYKP8JP0CZ35FI3/146_ScienceSource_FE5922.jpg?content-type=image%2Fjpeg,"""Illustration of the {Body Part} with each {Section} colored in distinct {Color} to highlight the structure."""
ecb29b589c94b7b4ce8f5dce3db2e51d,unmatched,,,,https://byggehus.files.wordpress.com/2009/10/67400143l.jpg?w=529,Imaginative integration of {Object} and {Wall Outlet} turned into a creative and unexpected {Animal} design.
ee8ebcdc8a7bf9ad6590d00693dc9899,unmatched,,,,https://photos.smugmug.com/Birds/Other-Land-Birds/Pileated-Woodpecks/i-fdKSwVB/0/9a13a913/S/_EAB0264-Edit-S.jpg,{Bird} caring for its {Chick} by feeding it in their {Nesting Environment}.
ff5d8073744d395d9fc69d0000ace950,unmatched,,,,http://img1.wfrcdn.com/lf/49/hash/19526/10196228/1/OneBellaCasa.com-Pets-Rock-Glam-Rock-Pillow.jpg,Creative depictions of {Animal} characters featuring iconic {Human} looks and distinctive {Color} elements.
eb886bb0c8cb9026919edf9d5dabff02,unmatched,,,,https://64.media.tumblr.com/tumblr_lw7og95eId1qb1ld4o1_400.jpg,Unique artistic displays made by arranging {Objects} in an imaginative configuration to symbolize {Concepts} or {Scenes}.
fdee7dada24fc7d6cb56a26af27af1f8,unmatched,,,,https://i1.wp.com/photos.smugmug.com/Blog/Street-Art-Chat-Website/The-Street-Art-of-Malaysia/i-KxHmXBv/0/55f18cac/XL/003%20Brother%20and%20Sister%20on%20a%20Swing-XL.jpg?w=1080&ssl=1,Stylish street art incorporating {Figures} into imaginative {Scenes} on urban surfaces.
efed81c05633d7f0444e1588f124bb79,unmatched,,,,https://cs11.livemaster.ru/storage/topic/NxN/0e/2a/e46a9626ae4361ab7e9505dd92d6728e655cep.jpg?h=OTUqJEfnLFw-H39ERwYoOw,Imaginative designs fusing {Human Actions} with {Objects} to produce amusing and unexpected scenes.
f0e37fb2fe459e14f28ae1a0e0c7da41,unmatched,,,,https://cdn4.eyeem.com/thumb/6c03fa376d433104ac553e7f4e7174121bd8f8c7-1459934553584/w/800,Signs painted on {Surface} with {Petals} to signify {Object} or {Direction}.
e9017037c42a63adb1eab9d5cba27851,unmatched,,,,https://us.123rf.com/450wm/unlim3d/unlim3d1304/unlim3d130400255/19434648-3d-rendering-intestinal-internal-organ.jpg?ver=6,"A detailed internal anatomy visualization of the {Species}, showcasing the {Muscles}, {Bones}, {Joints}, {Nerves}, and {Blood Vessels} within the body."
f8919115f62a8787bc73181f6ff19114,unmatched,,,,http://tse1.mm.bing.net/th?id=OIP.XLRdDv4a-uD8V8Klpd6hBgHaEi,Beautifully folded origami creations of various {Animals} using {Paper} and {Colors}.
fd974b448bf6f7184abdf66c70ee8cb6,unmatched,,,,https://photos.smugmug.com/Wildlife-Photography/Everglades-National-Park/i-gvk4ZSP/0/5c809e8a/X2/Great%20Blue%20Heron-X2.jpg,"""Reflective surface capturing a {Animal} and its surroundings in a serene environment."""
e980a7369808dcb0f1cf33d19f8a3679,unmatched,,,,https://s.hdnux.com/photos/01/21/12/62/21277848/3/1200x0.jpg,People wearing {Face Mask} interacting with art installations or sculptures in {Setting}.
ecea5f1eb75645ec1f66c47872ba6c43,unmatched,,,,https://www.femininemoments.dk/blog/wp-content/uploads/2012/06/katalog_w.jpg,"An artistic showcase of {Facial Features} and {Hair Styles} with a variety of {Patterns}, {Colors}, and {Textures}."
f07917289beca997643c4b1279952a46,unmatched,,,,https://drscdn.500px.org/photo/261772143/w%3D440_h%3D440/v2?client_application_id=23693&webp=true&v=0&sig=90b86de7110cd7bb9cd14688ea4df2a2deacc1fae411d3b4f8ba150f62f68898,"Capturing motion with light trails formed by spinning {Object}, creating dynamic patterns against a dark background."
e675a1f38cc186ac1ab0eab2c0a81e94,unmatched,,,,http://render.fineartamerica.com/images/rendered/medium/greeting-card/images-medium/high-voltage-in-the-new-york-city-skyline-susan-candelario.jpg,"Lightning striking over a {Cityscape} during a stormy night, showcasing the dynamic energy of nature against urban life."
f1a95583438a36e1826e4760ac893679,unmatched,,,,https://s.yimg.com/aah/entirelypets/animal-planet-holy-hound-dog-costume-x-small-23.jpg,"""Animals dressed in costumes representing various {Characters} or {Figures} from {Settings}."""
e73619a1504bc7a52799daf60ada4a37,unmatched,,,,https://i0.wp.com/www.bitrebels.com/wp-content/uploads/2013/02/game-of-thrones-nerds-5.jpg?strip=all,"Inventive furniture pieces crafted from repurposed {Object}, including {Chair} and {Table}."
e4e3ceb9ebd202cb0643aeef5e8b8e08,unmatched,,,,https://www.theater-mimikry.de/wp-content/uploads/sites/4/elementor/thumbs/Mimikry1-scaled-p15p9xw4gk1otma0oy573y8jbt3ba54p88hizhv2i8.jpeg,"People holding {Object} in front of their faces, showcasing {Action} or {Expression}."
ee559edc6413ba949ca732570f37bd27,unmatched,,,,https://www.frommers.com/system/image_cache/slot/article/84765/05f3b10a4005e1acd6d342f791b737f2ca9b4ad9/David_Masked.jpg,A {Statue} adorned with a {Face Mask} as a tribute to {Theme or Character}.
fb980683695cddefc0f58477a18c4de1,unmatched,,,,https://www.ihavedogs.com/wp-content/uploads/2021/06/can-dog-Pizza-Crust-2.jpg,"""Creative depictions of {Animal} engaging with human-like activities using {Object} in whimsical settings."""
eabd7683dd7fb3a06b386d2357ae6440,unmatched,,,,https://www.courrierinternational.com/sites/ci_master/files/styles/image_original_765/public/assets/images/05_4.jpg?itok=CLUoWHRW,"Capturing {People} in motion as they work with {Light}, creating abstract patterns on a dark background."
f6af4fceac6f1e37b03bcabe88667dda,unmatched,,,,https://digitalsynopsis.com/wp-content/uploads/2016/05/creative-sketches-drawings-using-everyday-objects-6.jpg,Unique artwork featuring {Drawing} seamlessly integrated with real-life {Object} to create intriguing compositions.
f2af5995c3bd281ccd805b4c9cc9a9c3,unmatched,,,,https://img-fotki.yandex.ru/get/55431/361085784.6db/0_1a3b6b_a481a040_orig.Jpg,"""Wireframe sculptures of {Subject} showcasing intricate patterns and designs."""
ed933277a2cbda943983e3412594223e,unmatched,,,,https://archziner.com/wp-content/uploads/2019/05/blue-napkin-step-by-step-diy-tutorial-how-to-fold-napkins-for-napkin-rings.jpg,Follow these steps to create a {Flower} out of folded {Fabric}.
e9ffd8302ebccea59ca29a3b3ba2b1b5,unmatched,,,,https://www.theglobeandmail.com/resizer/PYuXN6ItrCQHBnIr6LMvpM14-qs=/1200x0/arc-anglerfish-tgam-prod-tgam.s3.amazonaws.com/public/YEYXIGIVSFADNDMB4NAICA3L2Y,An aerial view highlighting the striking contrast between {Person} and {Landscape Feature}.
e3ca55b36bb452fb0841d6066d917fa9,unmatched,,,,https://3.bp.blogspot.com/-qjIiuq8JhUs/XWvOp_mywvI/AAAAAAAACsU/y8k_isA8wGg374x0pD0xGFnwTkoiKdH4wCLcBGAs/s1600/Pressbild_Anyfin.jpg,A creative portrayal of {Animal} seated at a dining table with a plate of {Food}.
ec9d5ad8e5523b4ff801de8139a454e4,unmatched,,,,https://s3.amazonaws.com/missionloca/mission/wp-content/uploads/2012/06/dinosbedrinkingcerveza-e1339704618406.jpg,Unique {Person} costumes showcasing various {Animals} at dining tables in {Settings}.
e4c7f28ef526468a2a9d6980539901e0,unmatched,,,,https://imgc.allpostersimages.com/img/posters/the-bear-aupair_u-L-F96R3GO1ZLN.jpg?artHeight=550&artPerspective=y&artWidth=550&background=ffffff,A picture of a {Animal} creatively using a {Clothing Item} as a fashion statement.
f9385276964e5304bdcb5a0b3db09af5,unmatched,,,,https://us.123rf.com/450wm/bowie15/bowie151101/bowie15110100181/8734824-businessman-watering-a-little-plant-in-the-desert.jpg?ver=6,Visual representation of {Person} nurturing a small {Sprout} in a barren {Environment}.
f65f2f4a7b777359cf45265b84b25351,unmatched,,,,https://us.123rf.com/450wm/robeo/robeo1402/robeo140200099/25884999-beautiful-woman-in-wearing-a-boxing-glove-in-front-of-a-broken-heart--heartbreaker.jpg?ver=6,"Illustration of {Person} wearing {Clothing} near a large, symbolic {Object} representing emotional or metaphorical themes."
ea057fc5b9853c4b165b7fa6248c258c,unmatched,,,,https://us.123rf.com/450wm/archerix/archerix1810/archerix181000313/110637860-red-mans-with-continents-on-the-white-background-3d-illustration-.jpg?ver=6,Illustrations of {People} engaging with {Objects} on a map of {Geographic Regions}.
df5c5c3cd8d4162f5068efd56a9e10ef,unmatched,,,,https://i.pinimg.com/originals/23/e4/7f/23e47f4fdf20467e81a9396214373a90.jpg,The artist showcases their unique {Artwork} crafted with {Material}.
fa648d763b1648e57ab2b2786ff2a4f9,unmatched,,,,https://us.123rf.com/450wm/pickbiz/pickbiz1709/pickbiz170900016/85276129-stock-vector-bottle-and-glass-of-beer-with-bubble-in-paper-cut-style-vector-illustration.jpg?ver=6,Visual representation of {Action} leading to the formation of multiple {Objects} with patterns of {Color} and {Theme}.
dfc3da2dc2566228ba53b04e808388c0,unmatched,,,,https://inspirationfeeed.files.wordpress.com/2014/03/launching-bottle-rocket-by-dan-anderson.jpg,Long-exposure photography capturing {Lamp} to produce a radiant {Light Effect} in the darkness.
f90c57a23f845e3436248b8c297627ed,unmatched,,,,https://i0.wp.com/www.nessofbrodgar.co.uk/wp-content/uploads/2020/05/TMK_9219.jpg?fit=1024%2C995&ssl=1,"""Image of a {Subject} with its reflection on a calm {Surface}, creating a mirror-like effect."""
eff4ff7a8174a3a5fc295ac70a313a18,unmatched,,,,https://cdn2.eyeem.com/thumb/26ecfd7541c22f026a04fee2ad14527dc3674319-1429433275/w/700,"An aerial perspective capturing a {Animal} and its {Shadow} on the ground, showcasing the interplay between {Form and Direction}."
e4918b671e1d98407883c8a896298976,unmatched,,,,https://us.123rf.com/450wm/dezay/dezay1603/dezay160300037/55190452-ampoule-%C3%A9lectrique-avec-des-pi%C3%A8ces-de-rechange-pour-la-voiture.jpg?ver=6,A light bulb creatively filled with assorted {Rustic Items} to represent {Inspiration} or {Energy}.
f071ac8e6b36c3d08d6a6c148941fd27,unmatched,,,,https://www.wackyy.org/wp-content/uploads/funny-lazy-people-05.jpg,A toilet with an overflowing supply of {Object} on the ground surrounding it.
ee1a56e096550d2ddc42f2408c10571d,unmatched,,,,https://img5.goodfon.com/wallpaper/nbig/c/1a/burunduk-kukuruza-pochatok-fon-trapeza-mordashka-gryzun.jpg,Animals creatively interacting with {Object} in amusing or unexpected ways.
e3885fd5dbda8d1d13e2c960b24c28d1,unmatched,,,,https://us.123rf.com/450wm/orla/orla1803/orla180300007/97572876-il-ragazzino-e-un-elefante-si-siedono-su-una-riva-e-guardano-insieme-all-orizzonte-questa-%C3%A8-un-illustr.jpg?ver=6,The {Child} and a colossal {Animal} share a quiet moment on a {Seat}.
e8aad1a6eb2554706f98a8ed5977a02b,unmatched,,,,https://data.ac-illust.com/data/thumbnails/94/94e844655fe19ee245832daef423637f_t.jpeg,"Illustrations showcasing {People} lifted by {Drone Aircraft} in diverse environments like {Mountains}, {Beaches}, or {Cities}."
f0267c7bd2bdadf85eec08dab7534273,unmatched,,,,https://miot.ua/uploads/ck/xiaomi-Yi-Wu-Yi-Shi-Beech-handle-stainless-steel-shovel-spoon-SET-4-pcs-08.jpg,Visual representation of {Objects} with their sizes indicated in {Units}.
e7d12a97e03b8df4c6853f10c3707f44,unmatched,,,,https://i2.wp.com/www.fabfunky.com/wp-content/uploads/2021/04/AP2605244071114_72DPI-1.jpg?fit=260%2C331&ssl=1,"""Illustration of a {Animal} creatively using a {Vehicle} to transport another {Animal} in an imaginative setting."""
fde02c92c83d0aa0c005de06905f75ac,unmatched,,,,https://static.wixstatic.com/media/c303d1_b49c52cff16f474f4c960c1691e3f967.jpg_srz_1600_1600_85_22_0.50_1.20_0.00_jpg_srz,"""Animals performing human-like {Pose} in creative and imaginative ways."""
e1fbc2db0353781783e1062c2702e8e9,unmatched,,,,https://i.pinimg.com/736x/4b/6b/26/4b6b265a7c77d8170a2c6e874661790e.jpg,Unique artistic depictions featuring {Creative Object} blending with a human head for an extraordinary design.
ea273fd22140a360465e31bd72921d22,unmatched,,,,https://i.pinimg.com/736x/60/2a/af/602aafc33570f41b9079cff4d35362a7--hidden-litter-boxes-cat-litter-boxes.jpg,Hidden {Cat Litter Box} in a sleek {Furniture Piece} that looks like an everyday object for a better match with the space's decor.
fb9ee808d316062379a29edbb4541c5f,unmatched,,,,https://static.turbosquid.com/Preview/001273/722/JI/_D.jpg,"Detailed anatomical illustration highlighting the {Muscular System} and its connection with {Bones}, {Nerves}, and {Blood Vessels} in the {Body Part}."
f30841342ea2a19193c6987aa9cc0163,unmatched,,,,http://tse4.mm.bing.net/th?id=OIP.Fl64psItlZ-SXawNsL5puAHaE7,Visuals of {Animal} creatively using {Object} for their own purposes in nature.
f4224e910c9a86397fb16f56b1084e72,unmatched,,,,https://i.chzbgr.com/full/7316223744/h028FBBD7/,Intriguing interactions between {People} as they perform {Activity or Pose} in shared {Setting}.
e479e25a91f4c859c994bfe6d8ec899b,unmatched,,,,https://www.rasta-products.com/wp-content/uploads/sites/rasta-products.com/files/sites_rasta-products.com_files_bonnet-vert-600x400.jpg,Creative fusion of {Object} and {Fruit} to craft unique and imaginative {Wearables}.
e421a44ae6febe3427b4675c367f3f8f,unmatched,,,,http://img.youtube.com/vi/DkHQD9SDuZE/hqdefault.jpg,"A depiction of {Distance} achieved by {Vehicle/Person}, overlaid on a real-world setting."
e2dfc0ca6a5c5696287570f2ac0f5c99,unmatched,,,,https://i0.wp.com/americanautoshield.com/aas/2014/11/11083856_l-e1439220886510.jpg,Unusual pairings of {Object} and {Unrelated Object} placed within a creative or unexpected combination.
f73f3c6c6ec30af55e07fda038ba2fb1,unmatched,,,,https://visitmuskegon.org/wp-content/uploads/2018/09/singing-christmas-tree-square.jpg,A creative representation of a {Object} built from individual {People}.
fa6e969bb6333046bd99d63e68f8a8a4,unmatched,,,,https://render.fineartamerica.com/images/rendered/search/framed-print/images-medium-5/toadstool-obviously-galen-valle.jpg,Visuals showcasing {Animal} merging with surreal or abstract {Object} to create imaginative compositions.
f1bccb8752935987741f3123fd6fa7a7,unmatched,,,,https://i.pinimg.com/736x/a0/29/01/a02901076d83e32c29cb1373e2be4b89.jpg,Unique {Bridge} structures connecting two locations with the use of {Material}.
efd9aaa36c77692e3e09f8a9d58ca3a0,unmatched,,,,https://i.pinimg.com/736x/36/87/34/368734da9e377166a47a233b795ac85c.jpg,Unique portrayals of {Animal} engaging with a {Human-Owned Object} in surprising and creative ways.
feed1e73621175d2159dca05350ab64a,unmatched,,,,http://ak1.ostkcdn.com/images/products/12752552/iCanvas-Crazy-Like-A-Fox-by-Terry-Fan-Canvas-Print-06e1bea9-8ec9-4bc3-bf77-22a38f52d6fc_600.jpg,"""Anthropomorphic animals dressed in human-style attire, including {Animal} wearing a {Type of Clothing} and carrying a {Accessory}."""
e39220e487687c75302e890c2f21a922,unmatched,,,,https://i0.wp.com/www.buildering.net/wp-content/uploads/2005/05/chongo-highline_1920.jpg?resize=1067%2C710,Performances showcasing {Athlete} walking on a {Tightrope} over buildings in diverse locations.
e7a9ab1df8e762ef68bf5befc32012a8,unmatched,,,,https://i.pinimg.com/736x/a9/91/61/a9916180e0f3d517b254a8a45095017a.jpg,Innovative use of {Food Items} to design an adorable {Animal} design in a charming {Setting}.
e05daa0a5ca6c5bfb0eeee55d60eef29,unmatched,,,,https://image1.masterfile.com/getImage/NzAwLTAyOTcyNzMwZW4uMDAwMDAwMDA=AKnJZH/700-02972730en_Masterfile.jpg,"A winding {Path} stretching into the distance, flanked by {Edges} on both sides."
f75ab816dbbd98e13f99233826d65001,unmatched,,,,https://i.chzbgr.com/full/9026885120/h6D2937CE/,Animals cleverly mimicking their surroundings by using {Leaves} for perfect concealment in nature.
e74d3147d327693616cb324c9841a494,unmatched,,,,https://bigbangpage.com/wp-content/uploads/2016/01/illustration-depicting-human-evolution.jpg,"""Illustration of the evolution process showing gradual changes in {Species} over time, transitioning from {Early Form} to {Modern Form}."""
ee10c1b62cda448df5d211143ee61cf6,unmatched,,,,https://pics.ballmemes.com/ra-za-ra-h-finished-this-drawing-of-apollo-and-his-golden-62964735.png,Illustrations of {Character} based on their {Famous Person} inspirations.
e8485954964ce04e65e044a698fe3424,unmatched,,,,https://static1a.thecuddl.com/images/2018/04/11-quick-hair-color-thecuddl.jpg,Unique and artistic hair designs featuring intricate patterns or shapes carved into the {Hair} using creative {Cutting Technique}.
dfc8e0df9f61f9b6d6e9647d745f226a,unmatched,,,,https://s3.amazonaws.com/bncore/wp-content/uploads/2015/10/308574.jpg,"""Wildlife interacting with {Surface} near {Environment} in unexpected ways."""
ee943a138ff81fef492434f4bade9c21,unmatched,,,,https://us.123rf.com/450wm/kozzi/kozzi1211/kozzi121100120/16212321-ball-dropped-into-the-water-creating-splashes.jpg?ver=6,"Objects like {Ball}, {Stone}, or {Fruit} striking water, creating an impact and splash effect."
f7ac9e10d9d4750ba3ab58b2936ba77d,unmatched,,,,https://www.telegraph.co.uk/content/dam/news/2016/05/06/RESTRICTED-Mark_Rylance__trans_NvBQzQNjv4BqCca9BU0TuyHkZJzHTSJqzg57EFzlVrO-V_kNyX87nOk.jpg?imwidth=450,Unique and artistic portrayals of {Person} with {Animal} in loving or unexpected positions.
fa4dd86ad303fc51214cd60e8f68fe44,unmatched,,,,http://ak1.ostkcdn.com/images/products/9207805/P16378530.jpg,A selection of {Item} in various {Colors} showcasing diverse {Designs} or {Themes}.
eb115c494d59e50b6b85dec2a9db96f9,unmatched,,,,https://us.123rf.com/450wm/ljupco/ljupco2101/ljupco210100313/162357561-full-length-profile-shot-of-a-saudi-arab-man-pushing-a-hand-truck-with-a-fridge-isolated-on-white-ba.jpg?ver=6,"Pictures showing people pushing or pulling oversized {Object} that exceed their size, emphasizing extraordinary effort or creativity."
e66f53921b64d8293847f23b02586846,unmatched,,,,http://tse2.mm.bing.net/th?id=OIP.ml4Q_5_04WlUKAcKlFFIoAHaEK,"Artistic 3D drawings on paper showcasing realistic {Object} or {Scene}, integrated with the actual environment for an immersive visual effect."
e4ccc990f2498de69017c6b0cd49f2fc,unmatched,,,,https://www.snow-forecast.com/system/images/33969/large/Swinhope.jpg?1568783616,"""Shadow patterns created by {Object} on a {Surface} in response to sunlight."""
e992cd1c3c4905598c508234ad057508,unmatched,,,,https://birdscanada.b-cdn.net/wp-content/uploads/2021/05/GreatHornedOwl_DanielArndt.jpg,"""{Animal} nestled within a hollow in a {Tree}."""
ea528d660fd7b8f8171b9f29d8fa97e8,unmatched,,,,https://www.picclickimg.com/d/l400/pict/122755717961_/The-Purrfect-Wine-Glass-Cat-Kitten.jpg,Creative designs of {Fruit} shaped into a {Beverage} featuring artistic details.
e346e75492fb26c96496e21115b73913,unmatched,,,,https://us.123rf.com/450wm/magicleaf/magicleaf1810/magicleaf181003998/110280517-vector-design-of-footwear-and-woman-sign-set-of-footwear-and-foot-stock-symbol-for-web-.jpg?ver=6,"A set of {Object} icons showcasing diverse styles, designs, and colors in a visually appealing format."
f295f095e706b4a28ee416a2bcf345c8,unmatched,,,,https://cdn1.eyeem.com/thumb/f1c2819b730209cd3e92da4a61d9372390a559a8-1477275473789/w/700,"Individuals partially submerged in {Grain}, creating an artistic depiction of {Shape} with their {Body Part}."
ed93af7bf093b965c94fd423a5d84dec,unmatched,,,,https://cdn2.eyeem.com/thumb/f2417ff32795ed9c8c010eb1ce02dd8b8dc5e85f-1597570576569/w/750,The {Shadow} formed by a {Plant}落 on a {Surface}.
ee6a84945251609feed1bf375273571d,unmatched,,,,https://m3.paperblog.com/i/22/225526/post-it-in-paris-ein-urbaner-krieg-L-1dTC_w-370x297.jpeg,"""Creative use of {Pixel Art} to form images of {Characters}, {Objects}, or {Scenes} using small {Pieces}."""
e89c090a914a845bf0b4da2011271841,unmatched,,,,https://images.takeshape.io/fd194db7-7b25-4b5a-8cc7-da7f31fab475/dev/f8575689-589f-4ce4-9c7b-bae327da3aa5/snowflake4.jpg?auto=compress%2Cformat,"""Unique patterns formed by frozen {Snowflakes} on a {Black Surface}"""
fef471b4d5fd755fa4df203db26acc78,unmatched,,,,https://render.fineartamerica.com/images/rendered/default/print/8.000/5.375/break/images-medium-5/rose-labyrinth-lisa-yount.jpg,Enormous {Object} shrunk in size to resemble a miniature scene with {People} interacting with {Scene}.
fdc256261d0d86e7dbfa9a3d0b5d8064,unmatched,,,,https://www.lawfuel.com/wp-content/uploads/2020/09/gender-diversity.png,"""Visual representation of balancing {Weight 1} and {Weight 2} to achieve equilibrium on a scale."""
ec33d38b4eba1cb56aa9f0f719421a4a,unmatched,,,,https://cdn.shopify.com/s/files/1/1254/5099/files/donut-dawgs_4x6-5730c1558ff88__880_1024x1024.jpg?16349362292343901251,A playful design of {Fruits} shaped into {Animals} with imaginative designs for their features and surroundings.
e33e406dfa6e2f31e15f5dad63e53150,unmatched,,,,https://us.123rf.com/450wm/nexusplexus/nexusplexus1408/nexusplexus140804124/30689396-joven-malestar-de-negocios-sentado-en-la-silla-con-la-cartera.jpg?ver=6,Visuals showing {Person} seated near a sketch of {Family} with symbols of {Emotion} or {Togetherness}.
ec4edaa527f8efcd9b835c27e64e61ab,unmatched,,,,https://i.pinimg.com/736x/e3/ad/78/e3ad78b879a8b5b91af68fa3f2232db4.jpg,Creative incorporation of {Animal} faces on handcrafted {Object} to produce visually unique and artistic designs.
fe286cbcdf50a403f6ad9869e2f444d5,unmatched,,,,https://www.seenox.org/wp-content/uploads/2014/07/Funny-Animal-Photobombs-13.jpg,Photos combining {Scene} with an unexpected {Object/Person} to produce a surreal effect.
faa94303e22f019e688d502c2c2b4db7,unmatched,,,,https://e3.365dm.com/19/01/640x380/skynews-jetpack-marine-assault_4551574.jpg?20190120093313,Individuals using {Device} for {Activity} in the air.
ea2ddcb20abf673f7e207ebf3d1a7958,unmatched,,,,http://2.bp.blogspot.com/-XRi5R3h63PQ/TaW77biz5sI/AAAAAAAAAkU/zw24XxhcyMs/s1600/DeAngel+-+%252852%2529.jpg,"""Creative fusion of {Falls} and {Human Forms}, resulting in surreal and imaginative visual representations."""
e726b613840a71d877a88ae17d747fe1,unmatched,,,,https://daks2k3a4ib2z.cloudfront.net/5592e29b654c69dc323aa806/56cf7b64a84250e77e9f414f_lemon-1203562_1920.jpg,{Fruit} plunging into water against a black background.
f16fc50a4a27687eb03b9219df881754,unmatched,,,,https://us.123rf.com/450wm/tzido/tzido1504/tzido150400328/39234132-businessman-pointing-or-touching-with-upper-graph-on-dark-blue-background.jpg,Visual representation of {Graph Type} with a {Hand Gesture} indicating {Data Point} on the {Axis}.
fbf67424dff10cff40a8d115054d3309,unmatched,,,,"https://ctl.s6img.com/society6/img/pukRIcbM-owVd6sQyA8tBMG2r4w/h_264,w_264/canvas/~artwork/s6-original-art-uploads/society6/uploads/misc/e6d60e2547e14844b8d873c3f8fe3c8e/~~/russell-crowe-replaceface-canvas.jpg?wait=0&amp;attempt=0",A classic {Style} portrait showcasing {Person} in an elaborate {Attire} with stylish {Accessories}.
f567dd35ea9064f35d30d13eb0118a23,unmatched,,,,https://artsandsciences.utulsa.edu/wp-content/uploads/sites/6/2019/11/Karl-Marks-Childrens-Hour-2-505x275.jpg,A creative portrait with a person surrounded by oversized headpieces featuring various {Faces} and {Expressions}.
df1b6118c4bc38c460b0a62a481b7b33,unmatched,,,,http://i2.asntown.net/h4/13/lifestyle/1/artist/dad-drew-on-son-lunch-bags-16.jpg,Creative use of {Surface} to craft stunning representations of {Object} with intricate details and realistic textures.
ec269f506eb650be59e1ce87da2b5bed,unmatched,,,,https://render.fineartamerica.com/images/rendered/search/print/images-medium-5/dead-oak-with-star-trails-paul-freidlund.jpg,A long-exposure shot capturing star trails around the {Pole Star} over the {Scene or Landscape}.
eb850008050b004ecffcda70880025c6,unmatched,,,,https://i.pinimg.com/736x/82/01/db/8201dbe2f3750ab2f623d02b00f90e6b--photo-charms-your-pet.jpg,"""Image of a {Animal} drinking water, creating a reflection on the surface."""
e68e80570cf947437f3c933eb68e4527,unmatched,,,,https://us.123rf.com/450wm/chastity/chastity1203/chastity120300131/12741694-illustration-of-the-anatomy-of-the-female-human-body-isolated-on-a-white-background.jpg?ver=6,"""Anatomical illustration highlighting the muscular system of a {Species}, showcasing the distribution of muscles across different body regions."""
dfccb7a8b89e0f0cdd0f5c1c0e3920e8,unmatched,,,,https://s.hdnux.com/photos/26/50/55/5933938/3/920x920.jpg,"""Dynamic action shots capturing {Dog} mid-air as they jump to catch a {Object} with their owner."""
fef307888d4a209eeb65fdc2178e3745,unmatched,,,,https://imgc.allpostersimages.com/img/print/u-g-OSROY0.jpg?w=338&amp;h=450,Creative depictions of {Scene} where human beings interact with oversized or surreal {Object} in imaginative fashions.
e274a4da7a380383d995427da975e1cf,unmatched,,,,https://shop.amazing-crocodile.de/wp-content/uploads/2018/06/Humade_Teller_Porzellankleber_595-300x300.jpg,Objects mended with {Material} to highlight their unique imperfections and infuse them with a new aesthetic appeal.
f4d86b28cecd662638e4d13f0f765cc3,unmatched,,,,https://us.123rf.com/450wm/harvepino/harvepino1709/harvepino170900168/85320823-stock-illustration-belgium-on-political-globe-with-embedded-flags-3d-illustration-isolated-on-white-background-.jpg?ver=6,A world map where each country is marked with its {Flag}.
eb706f06e1af17af906cf3e4b43a723d,unmatched,,,,https://images.assetsdelivery.com/compings_v2/vimax001/vimax0011203/vimax001120300051.jpg,People holding a {Magnifying Glass} to closely examine {Object}.
f29ffcaec699705a0316ef3dc5a89895,unmatched,,,,https://melhorcomsaude.com.br/wp-content/uploads/2013/09/amor-santo-remedio3.jpg,"""Creative use of {Fruits} to depict anthropomorphic emotions, such as {Happy}, {Sad}, {Surprised}, or {Confused} expressions."""
e5ee1462ccbafa4ae1f934d0c21831be,unmatched,,,,https://i2-prod.mirror.co.uk/incoming/article3940565.ece/ALTERNATES/s615/Ultimate-free-jumpers.jpg,In-flight teamwork between skydivers performing intricate {Formation} above the {Background}
ecb30818a443c1a8b413f6c22547d3ca,unmatched,,,,https://www.christies.com/img/LotImages/2019/CKS/2019_CKS_16954_0126_000(maurits_cornelis_escher_stars).jpg?w=780,"Detailed etchings showcasing intricate designs with geometric patterns, organic forms, and dynamic interactions between {Shapes} on a vivid {Background}."
e664b45890bf4ec35bfd5370e81ba67e,unmatched,,,,https://quietlunch.com/wp-content/uploads/2015/03/Quiet_Lunch_Magazine_Anders-Krisar-Torso-3-bronze-20141.jpg,Creative fusion of {Foliate Design} and {Animal Form} in artistic sculptures.
ef211365d0967b6b83785a83c88aa672,unmatched,,,,https://i2.wp.com/farm8.staticflickr.com/7060/6868331367_1d82e1814e_z.jpg,Side-by-side comparison between a real-life {Scene} and its artistic rendition in {Medium}.
e7a97e4e4c3a0ee5cd1bed4ec21783e5,unmatched,,,,https://us.123rf.com/450wm/mdilsiz/mdilsiz1209/mdilsiz120900017/15228853-one-businessman-forcing-another-to-sign-a-contract--isolated-background.jpg?ver=6,Visuals showcasing exaggerated {Action} by one person using {Object} to humorously or dramatically interact with another individual.
fe914f6af53407a4b8229d4037b0d7a3,unmatched,,,,https://stillpointmag.org/wp-content/uploads/2019/05/Political-Truth-in-the-Age-of-Populism-638x1024.jpeg,"""Creative fusion of {Tree} into architectural or urban environments, forming unique and imaginative {Scene}."""
f5ededccca8635e064b4bc0ac919b1f1,unmatched,,,,http://www.fakeblog.de/wp-content/uploads/2013/02/laferriere02.jpg,Imaginative drawings of {Characters} crafted using {Food Items} on a base of {Bread}.
e190142123f0534b020d6cd3e84993b5,unmatched,,,,http://cdn2.newsok.biz/cache/r960-8bca689474bfada8e417ee0e7b475cb3.jpg,A {Athlete} in a {Team Uniform} executing a dramatic airborne move during a {Sport}.
f5d469b46827a77549030f007dd188ce,unmatched,,,,https://cdnfr1.img.sputniknews.com/img/104179/15/1041791527_166:0:3070:2048_638x450_80_0_0_38e7ad38d475b053e3794a84aeec99bc.jpg,"An amusing moment when a {Animal} interferes with a soccer match, running alongside the {Ball} on the field."
f49cac90a9de71bf8859a4e1c5438d89,unmatched,,,,https://i.ebayimg.com/00/s/MTYwMFgxMjAw/z/LgQAAOSwcy1gM9~m/$_3.JPG,"Figurines dressed in {Clothing} with unique {Animal} heads, embodying creative styles and designs."
f256cade2df716a565c4557147d7ab58,unmatched,,,,https://img.izismile.com/img/img10/20170715/640/being_a_wildlife_photographer_is_basically_to_become_one_with_the_nature_640_03.jpg,Curious {Animal} interacting with a {Camera} in unexpected and humorous ways.
ec28a58fd53ab863ec491f470cf4ba13,unmatched,,,,https://us.123rf.com/450wm/rudzhan/rudzhan2009/rudzhan200900426/155615460-set-of-allergy-concepts-to-pollen-food-and-cats.jpg?ver=6,"""Illustrations depicting {People} experiencing allergic reactions to {Allergen 1}, {Allergen 2}, {Allergen 3}, and {Allergen 4}, highlighting {Symptoms} in various scenarios."""
f92a2bf8a50ec27865467b33e6237045,unmatched,,,,https://artika-image-prod.s3.us-east-2.amazonaws.com/uploads/img-tiny/30prc/Artika_GS120BMB_size_1200x1200.jpg,"Illustration showing the dimensions and measurements of a {Object}, including its height, width, and depth."
fe8c37827f24ce1c086ddb5a80a4b54e,unmatched,,,,http://www.powerleadgeneration.ca/wp-content/uploads/2016/03/new8086395_cute-cartoon-mouse-just-wont-stay-inside_tcf71e9b5.jpg,"""Creative fusion of {Famous Character} with {Animals} resulting in unique and whimsical designs."""
ec7ca5d9bd4a1078cd081251a3f49b91,unmatched,,,,https://mexicoinstitute.files.wordpress.com/2013/08/nafta.jpg,A map outline of {Region} filled with its flag design.
f970a81ec466bbd833f199f0dbb5ef11,unmatched,,,,https://www.sciencefriday.com/wp-content/uploads/2018/07/shutterstock_334071773-min.jpg,Photos capturing wild {Animal} interacting with human-made {Object} in unexpected ways.
e7cc29a5e93c2cb0f591c13beaf7c883,unmatched,,,,https://64.media.tumblr.com/tumblr_me3qslkwnX1qasthro1_500.jpg,Turning ordinary {Surface} into a creative display of {Faces} through clever use of {Objects}.
f120ab1f26c752ee23427ee325bedea6,unmatched,,,,https://us.123rf.com/450wm/kameel/kameel1111/kameel111100027/11455497-healthy-goldfish-in-a-water-glass-pouring-water-out-of-a-waterbottle-concept-of-fresh-and-healthy-mi.jpg,Visuals showing {Object} being used to nurture or introduce {Living Creature}.
e01596771a8513c992a745dbbb852765,unmatched,,,,https://bonexpose.s3.amazonaws.com/Photography/WildLife-Photography/Tim-Flach/Dogs%20Gods/Dogs-Gods-by-Tim-Flach-1.jpg,Dynamic poses of {Animal} captured mid-leap or mid-flight against a black backdrop.
f5df81bd96b987f21c2b3fe329d17283,unmatched,,,,https://s.yimg.com/cd/resizer/2.0/FIT_TO_WIDTH-w500/5ed3446926da6bd2d6c5407da12b9cd28cc94fed.jpg,Unique illustrations of {Object} blending with everyday {Thing} in an unexpected and artistic way.
ea0a5d97a028db9c16161e7fd85631b6,unmatched,,,,https://ae01.alicdn.com/kf/HTB1muuDKcfpK1RjSZFOq6y6nFXaL/New-luxury-jewelry-brand-Cufflinks-of-high-grade-Safety-hat-fire-extinguisher-Judge-hammer-alarm-clock.jpg,"""Illustration showcasing various {Object} designs featuring unique {Material}, {Shape}, and {Color} elements."""
e339f3b1b5c436cf99e009867072cca0,unmatched,,,,https://render.fineartamerica.com/images/rendered/medium/print/images/artworkimages/medium/2/hikers-sleeping-in-bivouac-on-mountain-greg-epperson.jpg,"An adventurous setup of {Camping Equipment} placed in striking outdoor settings, from {Campsite Scenery} to {Rugged Mountain Cliffs}."
e47ede72c17e884a91e72715257f2cd9,unmatched,,,,https://us.123rf.com/450wm/choneschones/choneschones1411/choneschones141100034/33820143-concept-for-leadership-with-many-blacks-and-blue-umbrella.jpg?ver=6,A standout {Object} in a unique {Color} emerges from a uniform collection of {Objects} with a standard {Color}.
f2b24b49efd71b7517ca52692d2a629d,unmatched,,,,http://tse3.mm.bing.net/th?id=OIP.NF4PD8gY_h9ir-Gg9MViAwHaFj,"A satellite view highlighting {Landscape} with the illumination of {Cities}, {Rivers}, and {Bodies of Water}."
ef38a0764d22d677f3a106d4f8f263a5,unmatched,,,,https://s3-production.bobvila.com/articles/wp-content/uploads/2013/06/dresser.jpg,Unique repurposing of {Objects} into functional storage solutions with an emphasis on creative design and individuality.
e483f0dd3e530aa3503eb7159938bdc2,unmatched,,,,https://us.123rf.com/450wm/dejanj01/dejanj010904/dejanj01090400055/4677392-smiling-balls-representing-natural-elements-water-wind-earth-and-fire.jpg,Depictions of {Element} represented as anthropomorphic figures with distinct expressions and emotions.
fae8b291c694d93adc5440054b9e012c,unmatched,,,,https://us.123rf.com/450wm/vrabelpeter1/vrabelpeter11601/vrabelpeter1160100012/50869575-heart-shape-of-dried-parsley-on-the-plate-valentine-s-day-symbol-of-lovers.jpg?ver=6,"A heart shape created with {Fruits}, {Beverages}, or {Food Items} on a {Plate} or {Surface}."
fe72f676ea79adf662800015c491a27b,unmatched,,,,https://gooooorgeous.one/wp-content/uploads/2019/09/portraits_ibride_tiere_collector_10.jpg,"Artistic portraits of {Animal} dressed in {Human Clothing}, showcasing unique styles and elegant poses against sophisticated backdrops."
e7de4a94a1ac4e6b0ea8ce07b70df4d0,unmatched,,,,https://c1.staticflickr.com/9/8578/16397145787_b83837387d_b.jpg,"""Illuminate {People} with oversized neon wings creating a striking contrast against a dark background."""
e479a88b8256e1a90bb7e3bf0a628ad3,unmatched,,,,https://render.fineartamerica.com/images/rendered/search/print/images/artworkimages/medium/1/personification-nudgee-beach-danielle-latta.jpg,Visuals showcasing human-like {Animals} with imaginative {Humans} blending together in artistic and surreal designs.
eb4520cf42762ebe1a60c27a32ccb556,unmatched,,,,https://i.ytimg.com/vi/TN_SUvQmKl4/hqdefault.jpg,{Animal} in its natural habitat interacting with {Human Activity} in the background.
e959aab0b0ffb559ffa0bc78b0f4914b,unmatched,,,,https://thumbnails.yayimages.com/e/f9b/ef9b130.jpg,"People wearing {Animal} costumes working at desks with {Human-Equipped Object}, creating a funny mix of {Environment} and {Action}."
f5cb6067725bf801485243c9a66c2541,unmatched,,,,https://us.123rf.com/450wm/kongvector/kongvector1910/kongvector191012322/131803553-boxing-champagne-bottle-isolated-with-the-mascot-vector-illustration.jpg?ver=6,"""Imaginative representations of {Object} as sports figures, wearing {Equipment} and embodying dynamic poses."""
f747db46314d70f72eb305a31ed97469,unmatched,,,,http://3.bp.blogspot.com/-1_IoVITU2zQ/UDEGcnZVgnI/AAAAAAABMGw/msa37jIC1Hw/s400/9.jpg,"Creative use of {Surface} to simulate an opening in {Object}, making the illusion of {Scene} feel real."
f728c708a871c07778d9dd00c6e02e4d,unmatched,,,,https://render.fineartamerica.com/images/rendered/search/print/images-medium/tuffy-amy-reisland-speer.jpg,Artwork featuring {Animal} with a {Style of Headwear} against a vivid background.
e7f81613f514cebe2a32d5457d78c3ab,unmatched,,,,https://d31029zd06w0t6.cloudfront.net/wp-content/uploads/sites/54/2021/01/web1_AP21025714519677.jpg,"""Cat standing at a podium with {Background Setting} behind them, ready for a speech or presentation."""
ecc24ed154b0babfabb641e59e0c0c07,unmatched,,,,https://us.123rf.com/450wm/elxeneize/elxeneize1202/elxeneize120200035/12617248-facade-of-an-office-building-with-one-open-window.jpg?ver=6,"""Image of a {Building Type} with a unique {Window Design} standing out among uniform patterns."""
f50246d369c23d142a5c5cf55403c8da,unmatched,,,,https://www.thebeardmag.com/wp-content/uploads/photo-1516353231735-20b3e660227c.jpg,"People performing activities on {Surface}, leaving their {Shadow} visible on the surface."
ff5c91134173802a978b8d3f4592d5f7,unmatched,,,,"https://images-wixmp-ed30a86b8c4ca887773594c2.wixmp.com/f/3b61ef37-f0b5-44f3-9478-b9e89d25b250/d9o9iai-001a7ccc-987e-4786-ab49-1c41e412f915.png/v1/fit/w_300,h_900,q_70,strp/the_first_pokemons_by_hakkasm_d9o9iai-300w.jpg?token=eyJ0eXAiOiJKV1QiLCJhbGciOiJIUzI1NiJ9.eyJzdWIiOiJ1cm46YXBwOiIsImlzcyI6InVybjphcHA6Iiwib2JqIjpbW3siaGVpZ2h0IjoiPD0xOTI3IiwicGF0aCI6IlwvZlwvM2I2MWVmMzctZjBiNS00NGYzLTk0NzgtYjllODlkMjViMjUwXC9kOW85aWFpLTAwMWE3Y2NjLTk4N2UtNDc4Ni1hYjQ5LTFjNDFlNDEyZjkxNS5wbmciLCJ3aWR0aCI6Ijw9MTgwMCJ9XV0sImF1ZCI6WyJ1cm46c2VydmljZTppbWFnZS5vcGVyYXRpb25zIl19.9f3m4HvnRVgEOoKBY7lGJjoimDq_tKgGrG4MVoiN4TE","A collection of {Object} designs featuring individual attributes like {Type}, {Theme}, or {Characteristic}, organized into distinct groups based on {Color}, {Theme}, or {Style}."
e18fb6bd732df3a0b2424a0ff197feca,unmatched,,,,https://teachmetarot.files.wordpress.com/2018/08/dreaming-girl.jpg?w=498&h=332,Imaginative scenes featuring {People} sleeping on floating {Clouds} with unique {Settings} and {Furniture}.
f91701a92aa3471011ad43f037389684,unmatched,,,,https://img1.etsystatic.com/042/0/6595143/il_340x270.601310635_41ro.jpg,Inventive illustrations showcasing {Animals} interacting with anthropomorphic {Objects} in imaginative ways.
e266964daebef6d259919e6eb25286bd,unmatched,,,,https://i2.wp.com/animalencyclopedia.info/wp-content/uploads/2017/04/1-animal-photobombs-that-made-pics-even-more-hilarious.jpg?resize=600%2C400,A funny moment where a {Person} appears to interact with a {Animal} in an unexpected way.
fdaa38d8b1b615e5756d684fd27e8e3d,unmatched,,,,https://www.buro247.me/thumb/300x300_5/images/CR_moma-otkroet-pervuyu-personalnuyu-vystavku-yoko-on-t.jpg,"Multiple reflections of {Person} in a mirrored setting, emphasizing symmetry and repetition."
e293b695aa5d3842c7a721009c7e0a62,unmatched,,,,https://us.123rf.com/450wm/robertindiana/robertindiana2009/robertindiana200900089/156081554-a-woman-in-a-yellow-dress-walks-with-white-clouds-on-strings-as-it-they-are-a-bunch-of-balloons-.jpg?ver=6,"Visual representation of {Person} connecting with multiple {Clouds} to symbolize {Imagination}, {Inspiration}, or {Connection to Nature}."
fdefec5c6e353f655973d82ef20a826f,unmatched,,,,https://i.ytimg.com/vi/VQrYFBUztis/maxresdefault.jpg,Detailed {Drawing} coming to life through careful {Tool} touches and {Detail} refinement.
f34a374cc683ee7a9abf2fb97d418108,unmatched,,,,https://www.samfordpetresort.com.au/wp-content/uploads/2017/01/tipsforcuringyourdogsbadbreath-thumb-600x450-400x300.jpg,Two {Animals} holding a {Toothbrush} in a playful or creative manner.
df53b774064af9c66ea6218255d8ea1b,unmatched,,,,https://childhoodbynature.com/wp-content/uploads/2021/04/nature-tree-moss-face-1791062-scaled-1-2000x1866.jpeg,"Artistic faces created by using natural materials like {Leaves}, {Fruits}, {Seashells}, and {Sand} to craft unique {Faces}."
fc9d5131ee2e472862dd8675ea061b70,unmatched,,,,https://www.frommers.com/system/media_items/attachments/000/864/267/s980/Reindeer.jpg?1561641056,A peaceful outdoor setting with {People} practicing yoga near a curious {Animal}.
e0f9d47d95a5a297a029c4747d1b76a2,unmatched,,,,https://www.dhresource.com/600x600/f2/albu/g5/M01/76/7F/rBVaJFkQpriABOSjAANRSn9KqE4703.jpg,Artistic depictions showcasing {Object} merging seamlessly with {Body Part} in surprising or imaginative ways.
ed0d137b1012bb7b1d0e46c11998ef80,unmatched,,,,https://bumblebeelinens.com/images/hankieShirt/fullsize/HankieShirt.jpg,Artistic napkin folding showcasing {Shaped Object} with {Material} and {Accessory}.
feeecb7e56da040cfdc4e6cb4e5fedaa,unmatched,,,,https://us.123rf.com/450wm/funwayillustration/funwayillustration1712/funwayillustration171201516/92735219-stock-vector-african-guy-lift-weight-with-mustache%C3%A2%E2%82%AC%E2%80%9C-stock-illustration.jpg?ver=6,Creative depictions of {Fictional Characters} holding onto {Object} with unique designs and styles.
f8d881719281163ad6508f374f696de6,unmatched,,,,https://www.consultancy.nl/illustrations/news/spotlight/1492763095321_chemiesector.jpg,Creative depiction of {Object} formed with lush grass and detailed {Patterns} on a plain background.
e061fb6a315aaa9d955bc838fdc477b3,unmatched,,,,https://images.robertharding.com/preview/RF/RH_RF/VERTICAL/832-35252.jpg,"Groups of {Animals} gathered in a {Environment}, highlighting their natural bonds or shared activities."
ec30e1d16bf7033bafc1016012ba4083,unmatched,,,,https://render.fineartamerica.com/images/rendered/medium/print/images-medium-5/a-young-girl-sitting-on-a-toy-swan-horst-p-horst.jpg,Creative portrayals of {Child} interacting with {Animal Figurine} in a whimsical or imaginative way.
fe7c9645d374d7270e5d5e285bb855dd,unmatched,,,,http://static.boredpanda.com/blog/wp-content/uploads/2018/08/Photographer-makes-dogs-fly-and-the-result-is-pure-relaxation-between-the-owners-and-the-animals-5b8460c213362__700.jpg,"A {Dog Breed} captured mid-air while jumping, showcasing its energy and playfulness."
f286d400ff8230eaf0f5a0fbdac4867e,unmatched,,,,https://us.123rf.com/450wm/lightwise/lightwise2001/lightwise200100062/140524216-sports-depression-and-tragic-sport-event-and-grief-psychology-symbol-as-a-basketball-inside-a-crying.jpg?ver=6,"A tear-shaped frame holding a {Object}, symbolizing {Emotion} or {Taste}."
fd5983e720b0131be6fcb0216740e93f,unmatched,,,,"https://ctl.s6img.com/society6/img/F8-qJ8WU3dzNVKfaIXB0CCskiWM/h_264,w_264/pillows/~artwork,fw_3501,fh_3501,fy_-6,iw_3500,ih_3500/s6-original-art-uploads/society6/uploads/misc/1140d5f2ead14440b423e386adf61897/~~/baby-snow-leopard-blowing-bubble-gum-pink-nursery-baby-animals-art-print-by-synplus-pillows.jpg?wait=0&attempt=0",Photos of {Animal} with a {Bubble} set against a simple background.
e05a956ac2ca86149d7d2f4e1205c10c,unmatched,,,,https://us.123rf.com/450wm/sudowoodo/sudowoodo1506/sudowoodo150600043/40912973-stock-vector-illustration-of-the-concept-of-balance-between-logic-and-emotion-cartoon-brain-and-heart-with-cute-f.jpg?ver=6,Visual representation of balance between {Object 1} and {Object 2} on a scale.
e2f6fdddc6ad4e76d36fb685b07730f6,unmatched,,,,"https://static.wixstatic.com/media/267765_84bd3ae44398497daaa3d28c61496cd3~mv2.jpg/v1/fill/w_550,h_365,q_90/267765_84bd3ae44398497daaa3d28c61496cd3~mv2.jpg",Innovative lighting designs incorporating repurposed {Object} to create unique {Light Fixtures}.
f411679df541427f3c41f4e431c3f6fd,unmatched,,,,https://us.123rf.com/450wm/talashow/talashow1510/talashow151000007/46177509-children-and-parents-silhouettes-set-on-a-white-background.jpg?ver=6,Silhouettes showcasing {People} engaging in different {Actions} or {Interactions}.
f192d23c62cd7eef487ff2025100d093,unmatched,,,,https://us.123rf.com/450wm/danielkrol/danielkrol1104/danielkrol110400015/9394215-studio-portrait-of-young-woman-jumping-in-air-with-umbrella.jpg?ver=6,People jumping mid-air while holding an {Object} in their hands.
ebdee04021b6f93a7fc8b0486b2149e0,unmatched,,,,https://www.acepnow.com/wp-content/uploads/2019/04/ACEP_0419_pg1a.png,Artwork showing {Faces} on top of {Figures} representing different {Roles} or {Professions}.
f2a74695279289fa9f277ca31908adc7,unmatched,,,,https://i.pinimg.com/736x/49/2e/87/492e87035de35208624588f2bdbdf555.jpg,"""An image of {Object} held gently between open hands against a dark background."""
fcb8fbdb05c93db16fb6bbfd63b67e94,unmatched,,,,https://smlycdn.akamaized.net/products/270x270-fill/fb674dd43f/134649b2cc3eff7c58cc96f9453fd4cff4f35596.jpg,Water droplets capture the reflection of {Flower} in their spherical surfaces.
e1bd6313937e6d7497ab36ce29925e58,unmatched,,,,https://images.squarespace-cdn.com/content/v1/5d3f128d7a5c4300017dd6a3/1564425878383-QQXRN1OBYAMC07J1VQ1E/ke17ZwdGBToddI8pDm48kJeSYBBt_osl7Rh7FD8Hr2VZw-zPPgdn4jUwVcJE1ZvWQUxwkmyExglNqGp0IvTJZUJFbgE-7XRK3dMEBRBhUpypO-Xj1FtM-XeLFu1OeDCCR_pMyMLGlSTjBvadWuxohAf-lIBJ0ZbcSzacjXChe0k/bearteaparty.jpg,Visual depiction of a {Person} engaging in an activity with a {Animal} at a {Setting}.
f5e89c5662ce1d177bb49f4860ad9b0c,unmatched,,,,https://www.rts.ch/2017/09/13/11/17/8915694.image,"Representation of {Hidden Complexity} where only part of the {Object} is visible, revealing the rest beneath the surface."
fc3e9e79703d7fb9089dc6d5d2d796fc,unmatched,,,,https://us.123rf.com/450wm/ilixe48/ilixe481909/ilixe48190900251/130108672-the-food-scientist-checks-the-peppers-for-chemicals-and-pesticides-growing-organic-vegetables-eco-fr.jpg?ver=6,Examining {Plant} with a {Magnifying Glass} to explore fine details of {Leaf} or {Flower}.
ef88606286d42ce3ea8c7c9f03ec10e2,unmatched,,,,https://us.123rf.com/450wm/iimages/iimages1501/iimages150100265/35370992-small-buttons-and-a-big-button-with-a-disposable-glass-on-a-white-background.jpg?ver=6,Illustration of a {Object} presented in multiple styles with various {Colors} and {Shapes}.
f856a230be7be179c0c70d242eb855fa,unmatched,,,,https://us.123rf.com/450wm/bowie15/bowie151410/bowie15141000621/32936664-businessman-in-the-shower.jpg,Unusual combinations of {Action} in a {Work Environment} that produce amusing or unexpected results.
f826e8ac11ec7739b961a4fd8cf890be,unmatched,,,,https://hdwallsource.com/img/2014/2/cute-dog-with-glasses-wallpaper-40033-40964-hd-wallpapers.jpg,"Illustrations of {Animal} wearing {Humans' Eyewear}, blending wildlife with a modern aesthetic."
ea482a9c2dde1e773c0552cef922e1c3,unmatched,,,,https://www.purdue.edu/uns/images/+2008/locke-k08.jpg,A performer in {Attire} showcasing an impressive display with multiple {Objects}.
e772f93be4578f9c01a14ed9a6502d24,unmatched,,,,"https://ik.imagekit.io/theartling/p/products/Product/53d2d226971b4928b8b7e9e9cb5cd900.jpg?tr=cm-pad_resize,w-611,h-611,bg-FFFFFF",Innovative use of {Object} to creatively showcase {Accessory} in an unexpected and artistic way.
fb2a9fab2c798746790a0811e406c8f3,unmatched,,,,https://us.123rf.com/450wm/galitskaya/galitskaya1612/galitskaya161200663/67449045-monkey-looking-through-the-bars-and-holding-a-man-s-hand.jpg?ver=6,Handshakes between {Living Creature} and {Human} showcasing connection or shared moments.
eaf147fd49efdb9891c7efaf38dddbde,unmatched,,,,https://images2.bonhams.com/image?src=Images/live/2015-12/22/9231341-1-1.jpg&width=640&height=480&autosizefit=1,"Formal portraits featuring {Animal} heads in elegant {Attire}, set against rich {Background} and sophisticated {Accessories}."
e86cdcf8f7ba693369017d12ac8b5f38,unmatched,,,,https://s3.amazonaws.com/charitycdn/cache/resizedcrop-83c61f6c6d45f02996996347a428dd9e-840x480.jpg,Creative reinterpretations of {Famous Artwork} featuring modern {Objects} to produce unexpected fusions of {Era} and {Contemporary Culture}.
fd1c0a96e73b7d6f81edda75278ff89c,unmatched,,,,"https://mshanken.imgix.net/wso/bolt/2020-10/un_disgustinga100620_1600.jpg?auto=compress,format,&sharp=5&vib=20&q=70&w=800","""Creative and anthropomorphic depictions of {Animal} interacting with anthropomorphic {Object} in whimsical scenes."""
fd4ce3388a8df38672a437bf76a5d3b1,unmatched,,,,https://fthmb.tqn.com/Q5427IHwrWMD3IUA4omQf-laqRI=/960x0/filters:no_upscale()/dog-meet-bird-145036742-resized-58a6e49f5f9b58a3c9183b1e.jpg,"""Intimate moments between a {Dog} and a {Small Bird} showcasing curiosity and affection."""
e5a48979f275af3440746026e89fda9d,unmatched,,,,http://img.scoop.it/0WxaVXfYPbPaVAIkZuqAMLmaMWt8S7yYbGKaDIxiMng=,"""Individuals wearing {Accessory} as part of their {Outfit} for a unique look or style."""
dee6aff0fa5d71fbe2c35be46bf40e18,unmatched,,,,https://i.ytimg.com/vi/DbGSSitd8RQ/hqdefault.jpg,Photos showcasing {Athlete} interacting with a oversized {Sports Equipment} in a playful or exaggerated manner.
ea5857043b65d23704ebe72ac543e977,unmatched,,,,https://cdn3.eyeem.com/thumb/fd525495caed8a7c95ce4e0d111f0945b5cee8b2-1582232527140/w/800,"Capturing the upward view of {Buildings} with {Sky} in the backdrop, showcasing {Details like {Windows}, {Balconies}, and {Architectural Features} against the {Cloudy or Blue Sky}."
e8e9e9d636bd580ea842fdc11f0036de,unmatched,,,,https://us.123rf.com/450wm/cheersgroup/cheersgroup1909/cheersgroup190900138/130518534-flying-popcorn-from-paper-striped-bucket-isolated-on-black-background-concept-of-watching-tv-or-cine.jpg?ver=6,Explosive motion captured as {Object} sprays outward against a dark backdrop.
eaa2c1cf37c9b13f3afffbd80a121f3d,unmatched,,,,https://www.boldwallart.com/wp-content/uploads/2013/04/pike-wall-decal-illuminated-350x350.jpg,Visuals depicting {Object} interacting with their {Environment/Object} in a striking or unexpected way.
e19ab7f8b53d9bb45ea73ea16f168f42,unmatched,,,,https://static.b-bro.net/img/600/5/cat-with-a-pearl-earring-tapestry-cushion.jpg,"""Reimagined artistic depictions of {Subject} in iconic {Style} traditions."""
fc6bf644abe61cba9072ed408d1cb93e,unmatched,,,,https://us.123rf.com/450wm/kongvector/kongvector1801/kongvector180103898/93643225-%E3%82%AE%E3%82%BF%E3%83%BC%E3%82%A8%E3%83%B3%E3%83%89%E3%82%A6%E3%83%9E%E3%82%B9%E3%82%B3%E3%83%83%E3%83%88%E6%BC%AB%E7%94%BB%E3%82%B9%E3%82%BF%E3%82%A4%E3%83%AB%E3%81%A7.jpg?ver=6,"A playful {Fruit} character holding a {Instrument}, highlighting its musical abilities."
ebaeab679b52f9cd7aa93d59641f93e8,unmatched,,,,"http://t12.deviantart.net/Gyuid0VXX_qpBKZZA4-wiWt3jxw=/fit-in/700x350/filters:fixed_height(100,100):origin()/pre15/d8a0/th/pre/i/2005/348/8/1/little_squall_and_chocobo_by_oriano_shinkaze.jpg",Creative portrayal of {Animal} interacting with {Human Object} in a whimsical or imaginative manner.
ebbdff30870c8c1041b7ce339d5fc91e,unmatched,,,,https://www.funbaja.com/wp-content/uploads/2018/09/home-boxes-funbaja-03.jpg,"""Underwater view of {Human} interacting with large marine {Animal} in their natural habitat."""
e5b3f0d0ea5da561e12a3256cd4d8322,unmatched,,,,https://us.123rf.com/450wm/ahasoft2000/ahasoft20001909/ahasoft2000190900010/129984298-glowing-mesh-swiss-knife-with-glitter-effect-abstract-illuminated-model-of-swiss-knife-icon-shiny-wi.jpg?ver=6,"""Geometric representations of {Object} featuring triangular mesh patterns and glowing highlights on a dark background."""
e5d138b58b728314f814b026113ac368,unmatched,,,,https://i.pinimg.com/736x/2d/1e/ea/2d1eea2eb0f1b97d8436fde8d9cd137a--cubism-fashion-origami-fashion.jpg,"""Creative use of {Wearables} blending with origami-inspired {Shapes} and {Patterns} to form unique designs."""
ed2b1d3b6a8e68cde9045e4a6363d7ff,unmatched,,,,https://i.chzbgr.com/full/9172603648/hE944E310/of-cats-in-various-situations-in-the-late-19th-century-look-ww-whats-delaying-my-dinner-b838,"A vintage photograph of {Animal} portrayed in human clothing, set within relatable or humorous scenarios."
fc6d0a70176aced24195a1952e3575e1,unmatched,,,,https://cdn.acidcow.com/pics/20170105/3d_paper_art_28.jpg,Visual representation of using {Drawing} and actual {Objects} to bring a {Scene/Scene-Specific Action} to life.
e772c488b3dfede79e09ba3b661b49a2,unmatched,,,,https://tinyhousetalk.com/wp-content/uploads/Norway-Tiny-House-Builder-Norske-Mikrohus-0015-900x868.jpg,The {Vehicle} is being suspended mid-air during a {Event}.
eb24e614a2367ec7ec1eacbb8182b19b,unmatched,,,,https://www.maars.org/wp-content/uploads/2020/12/Winston-2020-04-Pic-01-400.jpg,"Creatures like {Animal} use their beaks or feet to interact with a brush, creating art on a canvas featuring {Color}."
e652e587d5ad7e44d8246c673eda6cf9,unmatched,,,,https://viola.bz/wp-content/uploads/2013/03/Awesome-sculpture-of-watch-parts-Cat.jpg,An inventive combination of {Steampunk Elements} into {Animal Figures} using gadgets and metalwork.
f690c529703f4fdefb06866974d1f3bf,unmatched,,,,https://st.depositphotos.com/2772447/3876/v/380/depositphotos_38766631-stock-illustration-seamless-pattern-with-fox-and.jpg,"""Visual representation of {Object} standing out among a group of similar {Objects}."""
f026c970db04491dff33aa3bb2aca00f,unmatched,,,,https://img.kingandmcgaw.com/i/prints/lg/3/7/379190.jpg,"""Portrait-inspired artworks featuring historical {Figures} in modern {Clothing} with contemporary {Accessories}."""
f88f24a3ba56a83c8a3b8d661c03915d,unmatched,,,,https://us.123rf.com/450wm/artcasta/artcasta1206/artcasta120600052/14182640-eine-h%C3%B6lzerne-attrappe-aus-holz-kleine-mann-aus-anderen-helfende-hand-zu-vzabratsya-auf-einem-ast-gehal.jpg?ver=6,Unique poses of wooden figurines interacting with {Surface} in creative ways.
f95010fc9c6ce3abcaa062664aaa2709,unmatched,,,,https://us.123rf.com/450wm/gloffs/gloffs1405/gloffs140500008/28101825-naked-restaurant-chef-hiding-behind-a-frying-pan-for-a-menu-with-prices.jpg?ver=6,"""Creative use of {Object} to cover the face of a {Person}, resulting in an artistic or whimsical visual presentation."""
e8ad6d894059e71df960e771db0793fa,unmatched,,,,https://us.123rf.com/450wm/napat/napat1603/napat160300368/55195012-betta-fish-siamese-fighting-fish-betta-splendens-crown-tail-isolated-on-black-background.jpg?ver=6,Photos of {Animal} with unique {Color} hues set against a black backdrop.
f774f5b1c88129801af091f8b60eff3d,unmatched,,,,http://ecx.images-amazon.com/images/I/41JARVzAPAL.jpg,Animals sporting small {Hat} with decorative {Design} and {Feathers}.
ff36794b564d94bffbb41812f4f1e5d4,unmatched,,,,https://us.123rf.com/450wm/jozefmicic/jozefmicic2001/jozefmicic200100032/140194210-business-opportunity-or-career-success-vector-concept-with-man-walking-into-door-with-light-.jpg?ver=6,Representation of {Person} stepping into a {Direction} using a {Path} in a {Background}
e86d769d522d7de5dbe2372591a0d2d7,unmatched,,,,https://i.pinimg.com/736x/66/16/77/6616777be69d3fba298ab7e95bc89e6c.jpg,Pictures of {Child} wearing {Outfit} alongside {Animal} in a harmonious and affectionate connection.
e78219c9cccc2ef4266c56a4fd31112a,unmatched,,,,https://mymodernmet.com/wp/wp-content/uploads/2020/09/leaf-art-lito-leafart-1.jpg,Creative use of {Material} to craft representations of {Object}.
f2979fe72005c3759f8419933e2a6fa9,unmatched,,,,https://thumbnails.yayimages.com/e/7d8/e7d8f00.jpg,Players from opposing sides of {Game} touch hands over their shared {Object}.
fbdd8d371f89338c786eb8f19421d6a8,unmatched,,,,https://i.pinimg.com/736x/40/4d/4f/404d4ffd44a5172e92d0bd72567d482d.jpg,Historical depictions featuring {People} with {Objects} that symbolize {Themes} or {Characters} in unique interactions.
ed673b6287e14e1ad653c16c52c2c699,unmatched,,,,https://pp.userapi.com/c840735/u2197765/video/y_b9539624.jpg,Creative {Fruit} carvings shaped into diverse {Animal} designs.
fd4d66cd72f3528904268067acd2fa3b,unmatched,,,,https://www.footandleg.com.au/wp-content/uploads/2017/09/footwear.jpg,"An X-ray view of {Object}, highlighting the internal structures and shapes in a translucent design."
eb85b144614bf4eda30cb364b375a3b4,unmatched,,,,https://laughingsquid.com/wp-content/uploads/2014/02/hero.jpg,Creative representation of {Characters} with unique {Outfits} showcasing individual traits or themes.
eebdd3810747a6f280ad09c1b7039195,unmatched,,,,https://cdn.britannica.com/78/149178-004-4E58EB7E.jpg,"The process of light dispersion through a {Material}, creating a spectrum of {Colors}."
f2abb1330e560353f7b52b2528541716,unmatched,,,,https://us.123rf.com/450wm/julos/julos1607/julos160759091/81042508-dentures-character-with-braces-pointing-at-a-donut.jpg?ver=6,"""Anthropomorphic anthropods holding anthropomorphic {Object} with playful expressions."""
e10b07c461ed04e685fa9de87e35c957,unmatched,,,,https://static.independent.co.uk/s3fs-public/thumbnails/image/2015/08/13/15/fox-london-johnson-one-use.jpg?width=982&height=726&auto=webp&quality=75,A {Animal} resting on top of a {Structure}.
e5d1166b5a19543b408cb699cfe8675a,unmatched,,,,https://i.etsystatic.com/13690831/r/il/56f672/1520074601/il_570xN.1520074601_gzkj.jpg,Animals wearing {Hat} to represent different {Styles} or {Colors}.
df6477670e4ceaab1d056c13dd3471d9,unmatched,,,,https://us.123rf.com/450wm/ruslanshug/ruslanshug1710/ruslanshug171000138/88493739-beautiful-kitten-stretches-to-a-container-with-water-clutching-a-rope.jpg?ver=6,Adorable {Animal} interacting with {Water Source} in a natural or casual atmosphere.
e34c42f51952e1362631c5275f942ade,unmatched,,,,https://i.imgur.com/LOKxk9P.jpg,"Using {Recycled Materials}, people create {Boats} for floating on water."
ff605dcfb3f30b7846435cc14958e430,unmatched,,,,https://i.insider.com/609b1f74ba78eb001906ecaf?format=jpeg,"A nostalgic {Photo} superimposed onto the modern {Location}, highlighting the passage of time."
f9e7f46bca6044558902e7232ddc7f97,unmatched,,,,https://cdn.shopify.com/s/files/1/0057/9698/6995/products/7841boydtv808mdb_4_300x.jpg?v=1560894128,"A detailed illustration showing the layers of a {Product} with each component represented separately: {Layer 1}, {Layer 2}, {Layer 3}."
fee58167cff37f46920dc0915e211f20,unmatched,,,,https://us.123rf.com/450wm/ms10/ms101901/ms10190100014/115341283-basketball-player-in-red-jersey-running-with-ball-low-polygonal-vector-illustration-african-american.jpg?ver=6,"A geometric design featuring a {Person} in motion, set within an angular frame with dynamic shapes and patterns."
e19b300c7234212cc060111b43a4d023,unmatched,,,,https://media.pri.org/s3fs-public/styles/w768/public/128285840.jpg,"""Group of {Animals} gathered together on {Surface}, displaying social behavior in nature."""
e8a67edf0325f78826bf7852aca703e2,unmatched,,,,https://4.bp.blogspot.com/-jc329uWmWcY/XAWzcIRWGwI/AAAAAAAANfA/FAepeFiskc4QytVAG0N4d2CiG9Zk4CvSACLcBGAs/s1600/rat.jpg,"Animals engaging with {Object} in their natural surroundings: {Animal 1} on a {Surface 1}, {Animal 2} on a {Surface 2}."
e54893b5a50c20378ed714fc681b394b,unmatched,,,,https://americandigest.org/wp/wp-content/uploads/2019/12/american_reflection.jpg,"""Image of a {Subject} standing on reflective water surface, creating a symmetrical mirror effect."""
eb5fc81dc6899693e48f210dbd5b222e,unmatched,,,,"https://static.wixstatic.com/media/395779_9f07b7d9a2d04eb290906fe0fa0a9852.jpg/v1/fit/w_509,h_413,q_75,usm_0.50_1.20_0.00,lg_1/395779_9f07b7d9a2d04eb290906fe0fa0a9852.jpg",Performing a strength-building exercise with {Equipment} for targeted {Body Part} enhancement.
f8c1db3e03d931b3b43ea72bf4b8ef5f,unmatched,,,,https://pictolic.com/img/2020/metro-a-place-of-contrasts/metro-a-place-of-contrasts-19.jpg,Creative use of {Objects} to visually separate or highlight {People} in various settings.
ef2d104d02a18ebadded28419b2b38a2,unmatched,,,,https://i.pinimg.com/736x/9a/cc/f6/9accf6043a79554a3ddda95a2ba7a28d--dope-music-my-music.jpg,Expressions of individuals using {Metal} {Masks} to conceal their faces with unique {Designs} and {Styles}.
e272a04b333d0233cba54946618878a5,unmatched,,,,https://www.slon.pics/file/2018/03/Robot-playing-football.-3D-illustration.-Isolated.-Contains-clipping-path-18461.jpg,Creative depictions of {Characters} engaging with {Objects} in playful or artistic ways.
f9d2dd71beb2feb1f51d079875aef823,unmatched,,,,https://4.bp.blogspot.com/-o45B_LeMhyw/U_OOSru8L4I/AAAAAAAAC5w/IoWWFtp68uM/s1600/old%2Band%2Bnew%2Bdog.jpg,Visuals depicting oversized {Dog} interacting with miniature {Human} or {Animal}.
e6f8260f9fb074c2f00c8b6f0f570248,unmatched,,,,http://st.depositphotos.com/1518767/2414/i/450/depositphotos_24148737-White-bunny-wearing-human-glasses-on-its-head.jpg,"""Animals wearing {Accessory} to create a whimsical and human-like look."""
f013495007801be2a7e962ec4be22be9,unmatched,,,,http://i.ytimg.com/vi/pHJnYgdGhUo/0.jpg,Creative use of {Drawing} to depict the likeness of {Person} on a {Object}.
e6c88b2dd4a584f389081d39a34dfee7,unmatched,,,,https://img2.goodfon.com/wallpaper/nbig/f/71/buldog-radio-naushniki-muzyka.jpg,"""Animals wearing {Headphones} interacting with a {Device} to listen to music."""
fc8801f2c1c98992102b807905dbd2d5,unmatched,,,,https://aac-publications.s3.amazonaws.com/articles/aaj-12201223000-1410825291.jpg,"Illustration of the ascent route on a {Mountain}, marked by {Direction} and labeled with {Starting Point} and {Destination}."
fbe58646f03956f3fee4aec5ffc118ab,unmatched,,,,"https://media-cldnry.s-nbcnews.com/image/upload/t_fit-760w,f_auto,q_auto:best/MSNBC/Components/Slideshows/_production/twip-131114/ss-131114-twip-05.jpg",Artistic use of {Scene} to depict {People} in unique or imaginative positions or settings.
e22b4e8159740f224e22c1122afd6ecd,unmatched,,,,https://render.fineartamerica.com/images/rendered/medium/canvas-print/mirror/break/images-medium/walking-on-sunshine-italy-genoa-a-rey-canvas-print.jpg,The shadow of {Shadow-Creating Object} is cast onto a {Surface}.
f8bf367858c12dc591d4df4ce8dafde9,unmatched,,,,https://tse1.mm.bing.net/th?id=OIP.1SYdsg_8R7Yfvy5gFYh-1wHaE8&pid=15.1,"""Optical illusion depicting {Chair} seemingly falling into a {Depth} void on a {Surface} background."""
f7d9199c27045ae10b49cedb65617f3f,unmatched,,,,https://mymodernmet.com/wp/wp-content/uploads/2018/12/squirrel-photos-geert-weggen-21.jpg,"""Animals interacting with {Fruit} in a natural setting, showcasing their unique relationship with {Plant}."""
