image_hash,family,url_link,caption,group,download_ok
f55b60c9a935834ea147badeb2553e73,temporal_transformation,https://images-wixmp-ed30a86b8c4ca887773594c2.wixmp.com/f/bae76985-7a1a-49e4-b25f-b851e73cd15d/dchzfag-50188a71-a559-455f-9ba0-9d12218df60a.png?token=eyJ0eXAiOiJKV1QiLCJhbGciOiJIUzI1NiJ9.eyJpc3MiOiJ1cm46YXBwOjdlMGQxODg5ODIyNjQzNzNhNWYwZDQxNWVhMGQyNmUwIiwic3ViIjoidXJuOmFwcDo3ZTBkMTg4OTgyMjY0MzczYTVmMGQ0MTVlYTBkMjZlMCIsImF1ZCI6WyJ1cm46c2VydmljZTpmaWxlLmRvd25sb2FkIl0sIm9iaiI6W1t7InBhdGgiOiIvZi9iYWU3Njk4NS03YTFhLTQ5ZTQtYjI1Zi1iODUxZTczY2QxNWQvZGNoemZhZy01MDE4OGE3MS1hNTU5LTQ1NWYtOWJhMC05ZDEyMjE4ZGY2MGEucG5nIn1dXX0.f86XCIV_hnnE8LWksDCYsNW5Pk8Tc7iep4er-xnHpAA,"Follow the detailed development of {Subject} as it progresses from rough sketches to polished final art, incorporating fine details and precise proportions.",anchor,True
f60da86eb72ac291f909bb02b02ce9ff,temporal_transformation,https://ak0.picdn.net/shutterstock/videos/9230180/thumb/1.jpg,"A {Animal} has emerged from its {Egg}, illustrating the natural transformation of {Egg-Shaped Object}.",anchor,True
ebb0a441f27c21308e90b6f3f9ab0d3f,temporal_transformation,http://1tb.favim.com/preview/7/763/7632/76327/7632706.jpg,"The transformation of {Ingredient} into {Product} shown through stages: {Raw Material}, {Processed Form}, {Finished Item}",anchor,True
f7a829fad79772994d2abe53177f4e93,compositional_formation,http://static9.depositphotos.com/1010535/1178/i/450/depositphotos_11783955-coffee-cup-image-made-up-of-coffee-beans-on-sack.jpg,A creative use of {Creative Object} made from {Ingredients} on a {Surface}.,anchor,True
df567ccf0076cfe15dc758ce5179fc77,compositional_formation,https://img.freepik.com/free-photo/coffee-grains-heart-form_23-2147896434.jpg?size=626&ext=jpg,Creative use of {Objects} to form a {Shape}.,anchor,True
ed4e56476e4d0b60f47f65e85f6f64cb,compositional_formation,https://i1.pickpik.com/photos/386/261/100/flowers-tree-harmony-harmonious-thumb.jpg,Creative tree designs using {Flowers} arranged to form a {Shape}.,anchor,True
efcda0d0b8bad6595d7adfd806c527d7,compositional_formation,https://a.1stdibscdn.com/sanseviero-sculptures-4-blue-boxes-illusion-sculpture-28x16-metal-and-enamel-for-sale-picture-2/a_2082/a_33041331536946311220/Sanseviero_4_Blue_Boxes_2018_front_master.jpg?width=768,"An artistic arrangement of {Shapes} featuring unique patterns and perspectives, produced with a focus on {Color} and {Geometry}.",anchor,True
f3c9463ad33ca289567c0c759a4f3a84,compositional_formation,https://d2c5oomqu2hs08.cloudfront.net/wp-content/uploads/2018/02/cactus-1-web.jpg,A creative arrangement of {Balloon} shaped like a {Object}.,anchor,True
f54e3fefe4206f79a3b37bfac1db08c8,compositional_formation,https://img2.goodfon.com/wallpaper/big/b/26/fon-trava-listya-cvety-belye.jpg,A creative display of {Flowers} forming a {Symbol}.,anchor,True
e291af82274868828f158594ef94fb55,compositional_formation,https://i.pinimg.com/736x/e4/a6/51/e4a651e69ad6908e101bbf71e4c59708.jpg,"A whimsical arrangement of {Object} imitating a tree, with creative touches like {Material} for branches and {Item} for leaves.",anchor,True
e255b2c5d74978e6e5e70df7e43836d0,compositional_formation,https://img1.etsystatic.com/203/0/5236506/il_340x270.1263092685_78ni.jpg,A heart-shaped arrangement made with {Objects} of different {Colors} and {Shapes}.,anchor,True
e4402b2e7348f555b141c775291a2957,compositional_formation,https://us.123rf.com/450wm/vsurkov/vsurkov1310/vsurkov131000013/23018109-burning-match-in-hand-near-the-model-of-the-house.jpg?veru003d6,Fire is ignited from a {Match} to form a {Scene/Object}.,anchor,True
f9575588fb765aac970bc1766efd47f6,compositional_formation,https://i.pinimg.com/736x/44/d2/bd/44d2bd716582c8f399f6a0a51bce66d4.jpg,Artistic arrangements of {Fruit} and {Vegetables} shaped into the forms of various {Characters}.,anchor,True
e0fa6b5ae10efedbd0d7132ab05cf39f,temporal_transformation,https://images-na.ssl-images-amazon.com/images/I/417Dc3ix1yL._SL480_.jpg,"A series of images showcasing {Action} performed by a {Person} with a {Object}, highlighting the progression of {Motion}.",anchor,True
e21d6504d352830ab076256736f498d7,temporal_transformation,https://photos.smugmug.com/Trips/2015-Portland/i-k7Z5sR8/6/c588a0ff/S/Lunar%20Eclipse%206%20Sequence-S.jpg,"The progression of {Celestial Event} across its stages, including changes in {Appearance}, {Color}, and {Moon/Planet Position}.",anchor,False
ebd67189cf79d3ab02d0a14cbb5c4247,temporal_transformation,http://notedlist.com/wp-content/uploads/2015/07/wine-barrel-project-ideas/6-wine-barrel-project-ideas.jpg,"""Creative transformation of repurposed {Object} into functional {Dog Bed} with unique design and artistic details.""",anchor,True
ee75ff67be9685d5e0f8f83c519954c1,temporal_transformation,https://us.123rf.com/450wm/holwichaikawee/holwichaikawee1712/holwichaikawee171200009/91346811-l-albero-che-cresce-sulle-monete-di-un-dollaro-ha-sistemato-come-grafico-sulla-tavola-di-legno-con-i.jpg?ver=6,"Visual representation of {Growth} where {Objects} accumulate gradually, symbolizing {Progress} in stages.",anchor,True
ed83ebbc55d3e4338818b3dbb02fe695,temporal_transformation,https://i.dailymail.co.uk/i/pix/2017/10/18/21/4577E3A800000578-0-image-a-108_1508356961338.jpg,The transformation of {Animal} from its original state to a clean and polished appearance through grooming.,anchor,True
f910f8cd550d71199357803316171d8e,temporal_transformation,https://s.hdnux.com/photos/33/73/21/7320648/3/920x920.jpg,"Visual representation of the {Cycle} of the {Object}, showcasing the sequence of phases or transformations step by step.",anchor,True
fd170b47807317844cf1df55b1bce272,temporal_transformation,https://us.123rf.com/450wm/beaubelle/beaubelle1509/beaubelle150900004/44846317-%E7%94%9F%E5%91%BD%E3%81%AE%E6%A8%B9%E3%80%81%E3%83%8F%E3%83%BC%E3%83%88%E5%BD%A2%E3%81%AE%E6%9E%9D%E3%81%A8%E6%A0%B9.jpg?ver=6,"Artwork showing {Tree} with heart-shaped {Leaves} and {Roots}, symbolizing {Love} and {Growth}.",anchor,True
e0077c41c38d5e6857a4d343c0cbc889,temporal_transformation,https://i0.wp.com/s2.storage.snapzu.com/b8/2d/a3/45/Maternitus/snaps/a4/7e/185241/thumbs/61bb37facb6d21a1_fpi_large.jpg,"A transformation story of {Subject} from its initial state to a refined, enhanced version, emphasizing changes in {Appearance}, {Design}, or {Function}.",anchor,True
e91c016d738c8981682a96d5d19a8ffc,temporal_transformation,https://us.123rf.com/450wm/yderbisheva/yderbisheva2012/yderbisheva201200010/160438373-watercolor-cocoa-set-with-leaves-hand-painted-gold-linear-fruits-isolated-on-white-background-autumn.jpg?ver=6,"A detailed view of the life cycle of a {Plant}, highlighting its {Seed}, {Sprout}, {Leaves}, and {Flower/Bloom} stages.",anchor,True
f1ff4ab844a704d88cb60740bfed50cc,temporal_transformation,https://img.freepik.com/free-photo/customer-service-evaluation-rating-feedback-satisfaction-survey-concept-hand-holding-sad-failed-emoticon-face-wooden-ball-dark-background_36367-2195.jpg?size=626&ext=jpg,"Visual representation of {Object} with evolving {Features} or {Emotions}, illustrating changes in {Theme} or {Feeling}.",anchor,True
f37aebc58e6f499c7b3bdf740e730ca1,temporal_transformation,https://us.123rf.com/450wm/mathisa/mathisa1606/mathisa160600092/60898309-isolated-five-bar-swordtail-butterfly-life-cycle-antiphates-pompilius-on-twig-with-clipping-path.jpg?ver=6,"The life cycle of a {Insect}, showcasing its development from a {larva} through metamorphosis to a fully formed {adult}.",anchor,True
ea1420666aa1e3fa5fb6b25561688fff,temporal_transformation,https://coolcreativity.com/wp-content/uploads/2014/05/egg-carton-flower-f.jpg,Step-by-step guide on transforming {Recycled Material} into an elegant {Object}.,anchor,True
ea7b131201f4ec87f23caade7326f630,temporal_transformation,https://images.squarespace-cdn.com/content/v1/566763bf25981d4412e0f3ff/1458608823753-L5ATZQL34ALWBSR2D08J/ke17ZwdGBToddI8pDm48kFQQgP34qnCpeHaeAOzTt7pZw-zPPgdn4jUwVcJE1ZvWQUxwkmyExglNqGp0IvTJZamWLI2zvYWH8K3-s_4yszcp2ryTI0HqTOaaUohrI8PICHnXC1b9smDvYLPdL-DS7U1pkhCtl83kemXd5r3C5ngKMshLAGzx4R3EDFOm1kBS/Munny+13,"Hand-drawn design for {Character/Object} transformed into a physical prototype, displayed alongside its sketch.",anchor,True
fec41d2a8ae1a3702dd12e0ab695cdaa,temporal_transformation,https://piximus.net/media2/48647/thumb_fw.jpg,Before-and-after portrayal of {Animal} showcasing their transformation from {Environment/Condition 1} to {Environment/Condition 2}.,anchor,True
eeb47991ca59d3ad8b44eb97ded966a1,temporal_transformation,https://www.welovesolo.com/wp-content/uploads/vecteezy/03/bd1n0vjinyq.jpg,"The life cycle of {Plant} unfolds through the stages: {Seed}, {Sprout}, {Leaves/Buds}, {Flower}, {Fruit/Seed Dispersal}",anchor,True
e662ccd0b2764ab04d4b4ac5d7f3d24f,temporal_transformation,https://lovingitvegan.com/wp-content/uploads/2020/12/Vegan-Ginger-Cookies-Collage-2.jpg,"Visual representation of the {Process} of making {Food Item} from {Raw Material}, illustrating each stage with {Ingredients}, {Tools}, and {Environment}.",anchor,True
e64769e22e0a62fe6aa93b7798cef8f4,temporal_transformation,http://sensiblysara.com/wp-content/uploads/2016/12/2-ingredient-biscuits.jpg,"Detailed process of crafting {Food Item} with {Ingredients} and {Tools}, progressing from {Ingredient Combination} to {Final Product}.",anchor,True
df060e263ffcb757d257f8e7e61aaad4,temporal_transformation,http://d2jv9003bew7ag.cloudfront.net/uploads/8613006112007329-450x404.jpg,"Step-by-step {Process} presented through four sequential stages: {Initial State}, {Transformation 1}, {Transformation 2}, {Final Outcome}, highlighted by evolving {Details} and {Textures}.",anchor,True
e6a4c118dc80a2c4835737319d43ca4b,temporal_transformation,https://frakerfire.com/wp-content/uploads/2021/04/Facts-About-Fire-Spread-You-May-Have-Not-Known-e1618426343904.jpg,"""Progression of {Object} from initial state to final state, illustrated by incremental changes in {Appearance}.""",anchor,True
fed9fc9fae675ca840f42c9e34601329,temporal_transformation,https://images-na.ssl-images-amazon.com/images/I/81k97bXKbIL._AC_SL1500_.jpg,"""Step-by-step instructions for using {Object} to achieve {Action}, illustrated with multiple stages of {Process}.""",anchor,True
e98f0bf7516edfd67c4645687bf394b9,temporal_transformation,https://img.freepik.com/free-photo/miniature-shopping-cart-trolley-top-stack-used-gold-coins-white_105035-355.jpg?size=626&ext=jpg,"Creative use of {Tiny Objects} to illustrate {Concepts} like progress, teamwork, and challenges on a {Background}.",background_boundary,True
ebee947c663d7c1e66065c1dc8e38f6c,compositional_formation,https://bagcraft.uk/wp-content/uploads/2018/02/soake_rainbow_bcspprain_pagoda1.jpg,A circular design showcasing alternating segments of {Color} arranged in a {Theme/Pattern}.,background_boundary,True
ff03babbb0d4908dc16cb99716d5608e,compositional_formation,https://us.123rf.com/450wm/dogfella/dogfella1509/dogfella150900100/45058834-wei%C3%9F-gl%C3%BChbirne-au%C3%9Ferhalb-der-zeichnung-box-gl%C3%BChend-denken-au%C3%9Ferhalb-der-box-oder-anderes-konzept-zu-sein.jpg?ver=6,"Visual representation of {Symbol} for embodying {Concept} or {Process}, using {Object} in a creative way.",background_boundary,True
e602b6e92f6c54573e1bb4ad48667e69,temporal_transformation,http://cute-n-tiny.com/wp-content/uploads/2010/05/cute-penguin-bento-400x300.jpg,Imaginative food arrangements transforming {Ingredients} into recognizable {Shapes} or {Characters}.,background_boundary,True
fdf627ab7822e2b6cc8ae8c676b516b7,temporal_transformation,https://s.calendarr.com/upload/articles/mo/on/moon-phases_a_m.jpg,"Step-by-step transformation of the {Celestial Body}'s phases as viewed from Earth, showing gradual changes in {Appearance} and {Position}.",background_boundary,True
f436407c7327b61dd5d50424323fb0b6,temporal_transformation,https://2shopper.files.wordpress.com/2015/03/874_3_danmug-5.jpg?w=600&,"Visuals showcasing {Object} in its original and altered states, transformed by {Environment} or {Temperature}.",background_boundary,True
f2966d51184794c093887e3b8f09a82e,temporal_transformation,https://static.vecteezy.com/system/resources/previews/000/295/208/non_2x/vector-people-in-summer-and-winter.jpg,"Visual representation of how {Season} impacts {People}, {Clothing}, and {Weather}.",background_boundary,True
e290b68c2085e90365d1c16a4b4609c8,temporal_transformation,https://www.syfy.com/sites/syfy/files/styles/1170xauto/public/shutterstock_eclipsesequence_svalbard.jpg?timestamp=1500920475,"Visual representation of the {Event} transitioning from its initial phase ({Subject 1}) to its final stage ({Subject N}), showcasing the gradual development of {Action}.",background_boundary,True
f16b49b38517684a39799a2881b3b3a9,temporal_transformation,https://imgc.artprintimages.com/img/print/paul-harcourt-davies-common-swallowtail-butterfly_u-l-pzflw30.jpg,Visual representation of {Insect} transitioning from {Pupa} to {Adult} during metamorphosis.,background_boundary,True
e9059a0f6a75a3c71ef8fdd2b599b839,temporal_transformation,https://us.123rf.com/450wm/dmstudio/dmstudio1902/dmstudio190200036/124987922-vector-set-of-pans-with-small-pancakes-fried-egg-omelet-and-grilled-sausages-collection-of-breakfast.jpg?ver=6,"Different cooking stages of {Food Item} in {Utensil}, including {Ingredient 1}, {Ingredient 2}, {Ingredient 3}, {Ingredient 4}.",background_boundary,True
e3464a9bb0929afddf862d7ff86fbd0c,temporal_transformation,https://us.123rf.com/450wm/panicattack/panicattack2103/panicattack210300137/166560340-collection-of-various-different-legs-hips-or-ankle-stretching-warm-up-exercises-by-fit-woman-full-bo.jpg?ver=6,"Comprehensive view of {Exercise} performed by {Person}, showcasing various stages of motion in {Clothing}.",background_boundary,True
f6dbc7bb4d783966b717282ba0ad3bd7,temporal_transformation,https://marcobarsanti.files.wordpress.com/2015/10/david-wojnarowicz.jpg?w=698&h=545,"""Sequential images capturing {Animal} climbing up a {Rocks/Cliffside} in various stages.""",background_boundary,True
e99869e4007725d5e9227298a8aaeb09,temporal_transformation,https://i.ytimg.com/vi/Ow1O2RWSDP4/hqdefault.jpg,Inventive transformations of {Object} into extraordinary {Hair Style} using unexpected {Items}.,background_boundary,True
fd3eec0969e39390d8a7a8cf00050a36,temporal_transformation,https://www.insofta.com/tml12/vista-artistic-icons/preview/robot-search.png,"The progression of {Object} through various stages: {Initial State}, {Intermediate Stage 1}, {Intermediate Stage 2}, {Final Stage}",background_boundary,True
ff444225872dbfd9807de170d404b667,,https://www.recycledcraftsy.com/wp-content/uploads/2017/05/Amazing-Cute-Garden-Art.jpg,Creative use of {Characters} in 3D {Pot} designs to design visually engaging {Scenes} for artistic expression.,background_random,True
e9b509a7b47c9c87edebfc1159a4afc4,,http://www.labroma.org/blog/wp-content/uploads/2014/08/bed-jump-04-600x400.jpg,"People in motion, captured mid-air while jumping onto or off of {Object}.",background_random,True
e5774f786e088de0315ef92fcbbd4211,,https://www.jacobdeane.com/static/c00b9445a40cdca305aa03dd7742c8c7/80e3c/858050_10100126092783712_2059373455_o.jpg,Long-exposure shots capturing the movement of {Stars} around {North Celestial Pole} in the night sky.,background_random,True
e9a9aed9892a1c6440e4ac0246c1dc6d,,http://lh3.ggpht.com/_6GQRBJwJ37M/SnWUghz3R9I/AAAAAAAATCY/B9H6HelhUS8/s800/100706image049.jpg,Tiny {Figures} interacting creatively with everyday {Objects} to produce imaginative scenes.,background_random,True
e3033baff84e6bc612a5ecaefe9d2f94,,https://www.romanticasheville.com/sites/default/files/u13/tryon-WEG-2018-FEI.jpg,Synchronized acts performed by {Performers} on {Animal} in front of an attentive {Audience}.,background_random,True
ee5703f7c56b8022166f393e7143a421,,https://ae01.alicdn.com/kf/HTB1sTQXLFXXXXalXXXXq6xXFXXXr/1-set-Wooden-Craft-Deer-Display-Furniture-Drawer-Wardrobe-For-Home-Study-Decoration-TM002M-Green-Black.jpg,"A unique {Animal} design crafted from wooden panels, featuring integrated {Drawers} for practicality.",background_random,True
f9a513c153a0dbecd1973de3a55e70ea,,https://4.bp.blogspot.com/-X751b7p8bsU/VN8KNc-5Q9I/AAAAAAAAOpk/T-xSSoKP2WE/s1600/Roxy%2Bwith%2Bher%2Bpainting.jpg,Side-by-side view of the real {Subject} and their {Portrait/Representation} on canvas.,background_random,True
e675a1f38cc186ac1ab0eab2c0a81e94,,http://render.fineartamerica.com/images/rendered/medium/greeting-card/images-medium/high-voltage-in-the-new-york-city-skyline-susan-candelario.jpg,"Lightning striking over a {Cityscape} during a stormy night, showcasing the dynamic energy of nature against urban life.",background_random,False
ecf449c9866dc5eb843a212c3f49ccc9,,https://us.123rf.com/450wm/blulilues/blulilues1603/blulilues160300006/53276138-vector-image--a-set-of-products-for-the-preparation-of-national-soup-is-borscht.jpg?ver=6,The creation of {Food} through the combination of {Raw Ingredients} in a {Cooking Process}.,background_random,True
e98bbaad16eb2b04835d633f41682145,,https://natureconservancy-h.assetsadobe.com/is/image/content/dam/tnc/nature/en/photos/F_Okavango_1.jpg?wid=640,"Groups of {Animals} standing on reflective water, creating mirrored images against a {Background}",background_random,False
fbce0d46bc36f1a6789d0c2e6c7b5ac4,,"https://images.jpost.com/image/upload/f_auto,fl_lossy/t_JD_ArticleMainImage/224822",Creative sculptures featuring {Figures} interacting with everyday {Objects} in imaginative or artistic ways.,background_random,False
e8a2377f9fe78930e0d434bc286736d8,,https://beatcancer2010.files.wordpress.com/2013/09/salmon-roe-left-and-sturgeon-caviar-right.jpg?w=550,A spoon holding {Food Item} in two distinct styles: {Ingredient 1} on the left and {Ingredient 2} on the right.,background_random,True
ebc9fdf3d51eeb5da860783307097174,,http://mediad.publicbroadcasting.net/p/shared/npr/styles/placed_wide/nprshared/201810/648245695.jpg,A creative representation of {Character} showcasing a unique combination of {Hair Style} and {Clothing}.,background_random,False
edb2cbc498810c951d1e3a6bffde1c03,,https://www.chroniclelive.co.uk/incoming/article17546982.ece/ALTERNATES/s510b/0_CFR_NJL_100120gym_01.jpg,Creative displays of balancing {Object} on the {Surface} for a visually captivating effect.,background_random,True
e3419c311fa97b0d4611e9e9487bc7cb,,https://spaceplug.com/media/catalog/product/cache/1/small_image/370x370/170ec19af00183b5e0368529fc2daa2f/C/o/Coffinmouth.jpg,"A surreal artwork featuring anthropomorphic {Animal} with human characteristics, set in imaginative or artistic settings.",background_random,False
eea56b47784a944b5d1b0277e9b15538,,https://us.123rf.com/450wm/viacheslavmaksimov/viacheslavmaksimov2005/viacheslavmaksimov200500002/147776317-protective-mask-in-a-shopping-cart-on-a-white-background.jpg?ver=6,A {Small Shopping Cart} showcasing a {Product} in a {Scene} setup.,background_random,True
eb031ef11c2db4e2402e08b8a482ec58,,https://cdn-japantimes.com/wp-content/uploads/2014/06/p1-s2-nuke-risks-z-20140606-870x489.jpg,"Illuminated {Shaped Objects} positioned against a dark background, producing a striking contrast and artistic effect.",background_random,False
fb8a988327723d4c5b828ab2dc3a509a,,https://i0.wp.com/differentville.com/wp-content/uploads/2018/11/pig-ice-cream-tokyo-e1542930050800.jpg?resize=640%2C641,Unique ice cream shapes molded into various {Animals} or {Characters} with intricate details and vibrant {Colors}.,background_random,True
e4fbe3964df1be508645bbb859b294c0,,https://i.pinimg.com/736x/d2/38/bc/d238bc7337baa09ea7524102bec9d7b9.jpg,Creative representation of {Scene} with a {Fish} positioned in a {Water Environment}.,background_random,True
f15b2be8b9f85a5ab560c727601890fe,,https://static5.depositphotos.com/1000419/464/v/380/depositphotos_4642976-stock-illustration-four-seasons-spring-summer-autumn.jpg,A collection of {Seasons} featuring {Trees} with varying {Leaves} and {Flowers} in different {Colors}.,background_random,True
ef902f3e106762b5fcde4a35a6a29826,,https://twistedsifter.files.wordpress.com/2014/10/mirror-reflection-of-sailboat-by-casey-coulter.jpg?w=800&,A unique perspective is created using a {Mirror} to blend {Scene 1} with {Scene 2 into a visually compelling composition.,background_random,True
e9ec2d28a375aadf8f384bb1d84091f6,,https://www.incimages.com/uploaded_files/image/1024x576/getty_459234860_2000131620009280259_119207.jpg,Visuals showcasing {Human Touch} interacting with {Robot Technology} in various contexts.,background_random,True
f6f3e7d479949fb51b8e57b550497356,,https://cdn.shopify.com/s/files/1/0174/7648/collections/Blek_le_rat_web_icon_large.jpg?v=1490135674,Creative use of {Shade} to depict the outline of a {Animal} on a textured background.,background_random,True
f493f1fe952df0544c080f6e0e96e8bd,,https://brownalumnimagazine.com/sites/default/files/styles/1400_wide/public/2018-04-20/40.LiveBearInBabyCarriage1948.jpg?itok=nBK-wkgI,An amusing scene of a {Animal} sitting inside a {Vehicle} in an unexpected way.,background_random,True
e7f2cd43be3e6c07606985177fdcad1c,,https://i.dailymail.co.uk/i/pix/2012/05/05/article-2139669-12EDFCC6000005DC-244_634x415.jpg,Performances showcasing {Animal} dressed in {Human Clothing} interacting with objects typically held by humans.,background_random,True
f8a11eaf4bf31fd8e45acdcfdd88e0b7,,http://thekoalition.com/images/2014/11/FiveChairs.jpg,"Visuals displaying {Objects} tied together with {Chains}, emphasizing {Constraint} or {Restriction}.",background_random,True
f0267c7bd2bdadf85eec08dab7534273,,https://miot.ua/uploads/ck/xiaomi-Yi-Wu-Yi-Shi-Beech-handle-stainless-steel-shovel-spoon-SET-4-pcs-08.jpg,Visual representation of {Objects} with their sizes indicated in {Units}.,background_random,True
f66447c31f7cdea1b76e4d04b61eafb1,,https://us.123rf.com/450wm/morrbyte/morrbyte0911/morrbyte091100031/5892581-a-romantic-love-heart-inscribed-on-the-beach-with-waves-in-the-background-on-a-hot-sunny-day.jpg?ver=6,A heart shape crafted with {Material} on a {Surface}.,background_random,True
eae2014962b4553a95eda5a57731ac04,,https://us.123rf.com/450wm/inarik/inarik1710/inarik171000002/87617769-baby-in-suitcase-kid-in-sunglasses-sitting-in-red-luggage-child-isolated-over-white-background.jpg?ver=6,"A {Child} inside an open {Bag}, exploring their surroundings in a {Scene}.",background_random,True
ef80613c3fcbaf4f9f20dd1ea9d511e6,,https://tse2.mm.bing.net/th?id=OIP.YIDQ5sxugfh_svdpQ_MkFgHaHY&pid=15.1,"Creative blending of {Animal} and natural elements like {Tree} or {Leaves}, forming unique and artistic visuals.",background_random,True
ff8004321772f0bfc7e5216c6c91404f,,http://e-photocentral.com/Photos/VintageWorks_Images/Full/8431Gardin.jpg,Unique fashion statements featuring {Design} or {Accessory} on busy streets or public spaces.,background_random,True
e201cc39dd39caa8863f9f73fb24ddc8,,https://us.123rf.com/450wm/sokolovanton/sokolovanton1301/sokolovanton130100007/17308738-wohlgemerkt-gewinnen-kampf-mit-herz.jpg?ver=6,Visual representation of {Brain} and {Heart} working together to foster {Balance} or {Harmony}.,background_random,True
ea9ff327b4cd8ae3f63c1bd99b2fbf58,,https://girishduttshuklaco20dcd.zapwp.com/q:maximum/retina:false/webp:false/w:814/url:https://girishduttshukla.com/wp-content/uploads/2019/07/5b889cb23115c29e34ef9ae302b7f63e-814x1024.jpg,A depiction of {Person} engaging in the process of drawing {Ink/Character} onto {Paper/Surface}.,background_random,False
f9ac4cdafadafdec9c2aec1321183143,,https://www.vet4you.ca/uploads/w5uBZjXu/705x0_1088x0/swimmingoverweightpugsm.jpeg,Animals floating in water with a {Animal}-shaped inflatable {Object}.,background_random,False
e1d3acb83e7510c7a805f4a6590848c4,,https://cdn2.apstatic.com/photos/climb/106634221_medium_1494127382.jpg,"""Outdoor rock climbing activities involving {Participants}, {Rocks}, and {Ropes} for scaling {Slopes}.""",background_random,True
ecbadc32bc47632e40cf0c6c8367ceb6,,https://www.motociclismo.es/uploads/static/motociclismo/upload/images/imagegallery/3064/imagenes/0804-redbull-5.jpg,Innovative {Rider} executing an awe-inspiring {Trick} on a {Vehicle} in midair against a {Background}.,background_random,False
f61953077059eb07db4213b77c0fcc6d,,https://i0.wp.com/theverybesttop10.com/wp-content/uploads/2015/12/Top-10-Very-Patient-Dogs-Waiting-In-Lines-And-Queues-4.jpg?resize=600%2C645,"""Group of {Animals} arranged in a line, showcasing their diverse {Colors}, {Sizes}, or {Types} on a shared {Background}""",background_random,False
eee27e00b8e59468943f0c0b8662dbfb,,https://cdn.shopify.com/s/files/1/0931/7020/products/MG_6449copy_1050x1575.jpg?v=1591730275,Creative candle designs featuring {Shape} and {Flame} to form an appealing {Object} or {Figure}.,background_random,True
f65d8a9df7e02a31f6bc71a4e6ed1dc7,,https://st4.depositphotos.com/3557671/23129/v/380/depositphotos_231294772-stock-illustration-mustache-and-beard-hairstyles-flat.jpg,A grid of {Flat Design} icons showcasing diverse {Object} with unique {Color} accents.,background_random,True
f18afbc23b2358cec08a6b06ec9e9276,,https://cdn.foreverbarcelona.com/wp-content/uploads/2021/09/top-rated-antoni-gaudi-works-in-barcelona.png,"Exploring the transition from initial {Design/Concept} to final {Execution/Structure}, showcasing the intricate evolution in {Style/Architecture}.",background_random,False
f8b12d94f916f2a43b49a73fb6246d1e,,https://www.thesun.co.uk/wp-content/uploads/2017/02/nintchdbpict000301578979.jpg?strip=all&amp;w=809,"An artistic representation of {Natural Formation} in {Surroundings}, shaped by the interaction of {Erosion, Water, or Geometric Patterns}.",background_random,True
e96a8f339976fef5a78b18d61f283df1,,https://www.thisiscolossal.com/wp-content/uploads/2020/04/tape-1.jpg,Creative use of {Lines} to design the illusion of {Depth} and {Perspective} on a flat surface.,background_random,True
eeb24c7671d50bd5df9c645db3f1223b,,https://1.bp.blogspot.com/-G6bLFKHaXPA/XbGYGNXECNI/AAAAAAAAHoM/uIlAKf4IJ28kYZXdJ9NNpx2TkdqWOmrYgCLcBGAsYHQ/s640/image1.png,Illustrations of {Fruits/Vegetables} turning into adorable human-like characters performing tasks with {Object}.,background_random,True
eda46f8ed7a4fbfa37760354634bbc86,,https://www.treehugger.com/thmb/8DOr3PKFGm_0ugRLY94lPtu1mAg=/2048x2048/filters:no_upscale():max_bytes(150000):strip_icc()/__opt__aboutcom__coeus__resources__content_migration__mnn__images__2018__05__two_dogs_share_stick-db101bee57ee4e3d94bc2214f580b653.jpg,Two {Animals} sharing a {Stick} and smiling together in an outdoor scene.,background_random,True
e418b9638122d79354b6d7459c209c2c,,https://assets.saatchiart.com/saatchi/420895/art/1909579/1045823-6.jpg,"""Creative fusion of human forms with artistic depictions of {Animal} features.""",background_random,True
ee5fe7582462757f77683b4e6a17d2da,,http://img.kb-cdn.com/imgviewer/NVpIM2ptOHhYRzVmUk5rM1NrNlFxYVV6enV4aGk2UFRJMmxPckdDUUVNYmlUZlpSWEd5RjBGUk0xbitjMjJKSFNKOWVDcVRZTkRjbTlRZ1Riek9zaVdzMVRraUFmdEtscGpMYTFBbGN1bGJKUGw5UXRySC81SG1EZFZjSFg5UU44ZGIvQUowcGVxSUljN01KMXE0NDhwQkQvbk8zNW5OcFU3ampHNUJnSlBpYkluaHgrdkFXN080ZEY1TTlpZThKOGpLQ1dlUFQ3cGJ3cW93SU12TlUzbWtBWGs1K0xxNGhkNENidVhhQXo1ST0=?square=0,A heart shape crafted from {Food Items} in a creative and artistic way.,background_random,False
f8368fee40ed754baaab5511a36d67db,,https://cdn-image.travelandleisure.com/sites/default/files/styles/1600x1000/public/1510180703/paddington-bear-float-NYCPARADE1117.jpg?itok&,"""Parade featuring oversized floats shaped as {Characters}, {Animals}, or {Objects} floating above a lively crowd and urban scenery.""",background_random,False
e2a96eacf3d53e1c490270ac306eff7a,,https://us.123rf.com/450wm/dimjul/dimjul1508/dimjul150800007/43682319-child-girl-make-mess-flooded-kitchen-imitating-swimming-pool-funny-concept.jpg?ver=6,"Creative 3D art blending {Scene} with unexpected {People} or {Objects}, generating surreal and imaginative visual scenes.",background_random,True
eccd15f76ff575895b0034a5b4b57ed2,,https://cdn.shopify.com/s/files/1/0209/7756/products/224-pic_large.jpg?v=1484071218,"Creative illustrations blending {Animal} with human-like traits, such as {Human Clothing} and {Accessories}.",background_random,True
f01730de36a74127ce868256a9fe3178,,https://leorugens.files.wordpress.com/2013/04/a-man-walking-collotype-after-eadweard-muybridge-1887-cc-by-nc.jpg?w=620,"Step-by-step breakdown of {Subject} moving through multiple phases, showing changes in {Body Part} and {Movement Action}.",background_random,True
e649ccc5214a6bf524549469c7aa9a91,,https://us.123rf.com/450wm/rastudio/rastudio1609/rastudio160901853/62746460-cartoon-character-funny-alien-isolated-on-grey-gradient-background-drummer.jpg?ver=6,Artwork depicting a {Animal} performing as a drummer in a {Scene}.,background_random,True
f435fdd06b5644f24cd3eebe6d0fd8dc,,https://www.dhresource.com/300x300/f2/albu/g10/M00/6C/44/rBVaVl6eR9-AMwebAAGXoYMIkwI765.jpg,Creative use of {Balloon} shapes and {Decorations} to craft a playful {Theme} display.,background_random,True
e59dcd29b211d339000d6d5eca64e937,,https://img1.pixel-shot.com/small/e/e/8/d/ee8daba9ba9ccbc203b5f37dfdcdfc6f.JPG,Imaginative designs of {Food Items} shaped like different {Animals} or {Objects} on a plate.,background_random,False
eeaf595f8407939005d85d1776ffdb65,,https://performancek9training.com/wp-content/uploads/2020/03/image0-scaled-500x383.jpeg,Animals showcasing {Object} in their mouths as part of a playful or natural moment.,background_random,True
e06623c4c10dd95f5894a91e44296496,,https://p0.pikrepo.com/preview/271/51/two-brown-goats.jpg,The {Animals} showcase their remarkable skills while navigating {Terrain} in their natural habitat.,background_random,False
ff288b61c1b42db67dba426d14ddab1b,,https://lh5.googleusercontent.com/-rK4-XIhLeZc/TkE64UriCNI/AAAAAAAAA-Q/59WLu17XPSY/s800/tap-water-ipod-iphone-stand.jpg,Innovative use of {Material} to attach a {Device} securely onto a {Surface}.,background_random,True
f42bdcf4513b04f8b7021aea27cdc8ad,,"https://static.wixstatic.com/media/2b9970_351484e298634d7fa879089f6d0d1913~mv2.jpg/v1/fill/w_491,h_368,al_c,q_80,usm_0.66_1.00_0.01/leaf%20map-01.jpg","A world map constructed with leaves of various {Color} and {Type}, highlighting the beauty of nature across different {Regions}.",background_random,True
e794779d49570634ae54f0ac6c9c0544,,https://images1.westend61.de/0001195115l/tenis-match-in-the-cityspainmalaga-LJF00042.jpg,"The {Shadow} of a {Object} is cast on the {Surface}, emphasizing its shape and interaction with the surroundings.",background_random,False
e4ccc990f2498de69017c6b0cd49f2fc,,https://www.snow-forecast.com/system/images/33969/large/Swinhope.jpg?1568783616,"""Shadow patterns created by {Object} on a {Surface} in response to sunlight.""",background_random,True
e28fd9dcbd7340fc57e1e798d3098493,,https://i.pinimg.com/736x/be/e0/23/bee023f0493e06d6675e5f52cf147eac--lemurs-animals-in-clothes.jpg,"A portrait of a person with a {Animal} head, displaying a unique mix of {Character} and {Nature}.",background_random,True
e34a947de4b7a7777fd4493c8bf8b76d,,http://media.emergencymgmt.com/images/770*513/shutterstock_connected+US+map.jpg,Visual representation of {Route} highlighting connections between {Start Location} and {End Location} on a map.,background_random,False
ecedb3481ce00993bc574b17fa07be60,,https://www.thespruce.com/thmb/vUIHMUuYT5QvnHY4pfpTK0F74cI=/2124x1412/filters:no_upscale():max_bytes(150000):strip_icc()/storytelling-in-our-backyard-918719570-72ca05a72a5f4ef489d5e2e88d1d0048.jpg,"""Illuminate {Shadow} of people posing with {Light} against a {Background}""",background_random,True
f706a997ad8d1f403c6ef70445402104,,https://render.fineartamerica.com/images/rendered/medium/wood-print/images-medium-5/mick-jagger-pop-art-print-david-dehner.jpg,"A pop art-inspired depiction of {Subject} with multiple iterations, each featuring unique {Color} palettes and {Background} settings.",background_random,False
fcdc8d7c37cf91d9620bcf7ce815f0b5,,https://2.bp.blogspot.com/-9XrN87uweCc/TezjKwYymaI/AAAAAAAADQ4/ijnkYwc0abE/s1600/falc_026.jpg,A display featuring {Objects} arranged on a {Base} with a {Support Structure}.,background_random,True
f3ff0bcab073ecd635c9a8339064dfbc,,https://dogdiscoveries.com/.image/t_share/MTgxNjU0Njg5NjQzNzY3MDQy/dog-173007_1920.jpg,Photos showcasing {Dog} performing an impressive {Pose} on a {Surface}.,background_random,False
e5fddeab2d55673c42d63de3af84b152,,"https://plb.s6img.com/society6/img/ZYiiJCzuebWC-Q_9zN0jPS3Mhds/h_550,w_550/skins/iphone7/~artwork/s6-0004/asset_14/435800_2ZGnHyoz4U/~~/a-beautiful-mind-tfd-phone-skins.jpg","Creative illustrations showcasing {Landscape} blended with anthropomorphic elements, such as {Tree}, {Rock}, or {Mountain}.",background_random,True
fa334be74bfdcf9eca37a2e39b5d2cb0,,https://carletonu.pressbooks.pub/app/uploads/sites/11/2018/01/4179063482_e8184e27a1_z-300x300.jpg,Visuals showcasing the {Object} in an exaggerated scale beside regular-size {People} or {Elements}.,background_random,False
eeaab66c173f174a6c75dd5b526b1280,,http://tse1.mm.bing.net/th?id=OIP.5eALBF65KvULJncAfDGRPgHaFG,A collection of {Animals} made through origami using {Paper} folded into various {Colors} and {Shapes}.,background_random,False
f538121c94653a3ebb30697f59e7727a,,http://i2.kym-cdn.com/photos/images/newsfeed/000/137/586/LoZ__Paradox_of_Time_by_Mystic_Forces.jpg,"""Illustration of {Time Period 1} leading to {Consequence 1}, followed by {Time Period 2} resulting in {Consequence 2}, creating a loop of {Event} that ultimately leads back to {Initial State}.""",background_random,True
ec95b03c023d110d51a5480efacfb142,,https://i.pinimg.com/736x/7e/9e/be/7e9ebec08649c848bdf3557701bf3983.jpg,"Natural {Tunnel} created by vegetation on top of {Surface}, offering a scenic view into the distance.",background_random,True
f8207aea2a8d4e67b8f66fb36c98e01f,,https://www.micato.com/wp-content/uploads/2018/09/nairobi-1.jpg,A {Tree Species} where a {Animal} is relaxing or observing their surroundings.,background_random,True
df2d61bdfb1747cc312dc5364084fc0d,,https://i.pinimg.com/736x/62/1c/e9/621ce9b3841ceb123fedf4a577cbf7f7--barn-wedding-photos-funny-wedding-photos.jpg,"""Creative use of {Group} people positioned in front of {Background} to form an artistic or whimsical composition.""",background_random,True
ff61d9812afb198b87eeae951307e198,,https://i1.wp.com/farm9.staticflickr.com/8182/8028583110_e659ae4622_b.jpg,"Reproduced {Landscape} in a painted style, reflecting the artist's unique perspective on {Colors}, {Shapes}, and {Textures}.",background_random,True
e6235160e49c87ec11fff7aa511ec911,,https://images.squarespace-cdn.com/content/v1/543ed1cee4b0a72b21da5e0a/1451600469628-762O5GFCY9IQC8AHK0KQ/ke17ZwdGBToddI8pDm48kFbzmASxcsWEU4oU9a9gzet7gQa3H78H3Y0txjaiv_0fDoOvxcdMmMKkDsyUqMSsMWxHk725yiiHCCLfrh8O1z5QPOohDIaIeljMHgDF5CVlOqpeNLcJ80NK65_fV7S1UbMxqxN5wFzRuc4HCy_jEs_5hZyyCt4FpQCxuTKeIL438iJrR9MMstkyXSawB1quaQ/image-asset.jpeg,"Dynamic motion captured as {Subject} moves past {Background/Landscape}, with intentional camera movement for a blurred effect.",background_random,True
e13e16155328b8193618446ffcd19f38,,https://cdn11.bigcommerce.com/s-3emlyccep3/images/stencil/500x659/products/636545/954221/263820-wd__82945.1589253258.jpg?c=1,"Visual representation of how {Object} is stamped onto {Material}, showcasing the transformation into {Completed Object}.",background_random,False
f9cf16b66a755a16461e72331f3d6ee8,,https://i.pinimg.com/736x/01/5a/4f/015a4f2df2bff4a83357f058e2b3450a--tattoo-sketches-pen-drawings.jpg,Creative artwork blending {Drawing} with real-life {Objects} into imaginative scenes.,background_random,True
e4168be44e19d02221044eaf37e1c672,,https://us.123rf.com/450wm/rvlsoft/rvlsoft1205/rvlsoft120500022/13515860-cloud-computing-concept-with-network-diagram.jpg,"Visual representation of {Devices} connecting to a {Cloud}, symbolizing {Connection} or {Data Transfer}.",background_random,True
efc3d13a129e0d00da8c3195c77b9efc,,https://betweenenglandandiowa.files.wordpress.com/2018/09/chicago-skydeck-ledge.jpg,"Standing on a glass platform overlooking a {Cityscape}, people give thumbs up while smiling.",background_random,False
f087eaaf1f4954f547a8e0c19e408ac9,,https://cdn.shopify.com/s/files/1/0103/9315/7691/products/Pink_Golf_Ball_copy_2000x.jpg?v=1578343387,An image of a {Object} bursting with colorful {Powder} in a burst of motion.,background_random,False
ffd9b8af6f5d64db6b6dab4d2efa5caa,,https://cdn4.eyeem.com/thumb/c744a760e430b85001a8377b03f17725f1940ac7-1543321078998/w/350,"The shadow of a {Tree} projected onto a {Surface}, forming a striking silhouette against sunlight.",background_random,True
f7945dc561c4a0df7532b8f491067c70,,https://www.photocase.com/photos/1380589-a-banana-for-ezra-food-fruit-lifestyle-style-design-photocase-stock-photo-medium.jpeg,A {Fruit} held by a {Animal Hand} in front of a {Animal} design.,background_random,False
e2d44a0f13baa10c03fb15f79e2b75dd,,http://static.boredpanda.com/blog/wp-content/uploads/2015/12/star-wars-lunches-for-kids-lunchbox-dad-thumb.jpg,"Creative lunchbox designs incorporating {Food Items} to form shapes like {Characters}, {Animals}, or {Themes}.",background_random,True
ee7fde2f1a7f5376e82382a60bb2f312,,https://images-na.ssl-images-amazon.com/images/I/61sXv8NAtrL._AC_SL1000_.jpg,Creative artwork featuring anthropomorphic {Animal} holding anthropomorphic {Food}.,background_random,True
e779a4e21a73bfa46e9574adc4df6462,,https://s31242.pcdn.co/wp-content/uploads/2020/06/Sri-Lanka-Torture-1-1024x683.jpg,Shadows of {Object} projected onto a {Surface} reveal intricate patterns on the skin.,background_random,False
f0179de6164d0122bdbf52bb279a776c,,https://us.123rf.com/450wm/davidzydd/davidzydd1511/davidzydd151100577/47711231-stock-vector-charlotte-city-skyline-silhouette-multicolor-line-art.jpg?ver=6,A detailed outline of a {City Skyline} showcasing various {Buildings} in a vibrant {Color Palette}.,background_random,True
f7b3ddc2bcca3461b9963a678c544437,,https://www.stylishtrendy.com/wp-content/uploads/2013/11/Christmas-Party-Ideas-2013-2014_03.jpg,"Artistic designs of {Object} shaped like a sleeping figure, with details like {Color}, {Accessories}, and {Background}.",background_random,True
f7a5da288902faefb34e1def541dc6d5,,https://tipjunkie.com/wp-content/uploads/cache/af/b5/afb5a6b66c3fd6070a6ba239f4293a18.jpg,Creative use of {Vegetables} and {Dip} to construct a {Subject} or {Animal}.,background_random,False
ea77f0defff205ac0521c660b352d894,,https://img.izismile.com/img/img5/20120830/640/a_collection_of_strange_but_cute_drawings_640_high_45.jpg,"""Illustration of {Fruit} anthropomorphized, showcasing emotional interactions with other {Animals} in playful or human-like scenarios.""",background_random,True
eb354b7696549fd097a044a80db7828f,,https://cdn.shopify.com/s/files/1/0027/3229/4213/products/Doors_Collage_label_resized_grande.jpg?v=1613197726,"A collection of diverse {Objects} highlighting unique designs, patterns, and tones in an artistic arrangement.",background_random,True
e111954d09650edf40119d0754b4d2d7,,https://s.yimg.com/ny/api/res/1.2/8_ex0fYQA95CM2Ob0FIJ_A--~A/YXBwaWQ9aGlnaGxhbmRlcjtzbT0xO3c9ODAw/https://media-mbst-pub-ue1.s3.amazonaws.com/creatr-uploaded-images/2020-01/1ee85af0-425c-11ea-ae7f-368b53ecad9c,Innovative use of {Object} as a quirky {Hat} for playful or artistic designs.,background_random,False
ec742604e6d838553a7a08c13104a78d,,https://lh3.googleusercontent.com/proxy/_b-qsNYAjFCYblbh4_nMzXPM-NOvU6-nBgLwRukjT9RANez4yrkUfy3koz6ErUAuhNdF5RbI1A1vmFQuWlnxeIQPnyuXawcF0dAV-e-qNKMsB600BeRYeV5XOfuh3dPwgw7BdZReOZkAQ3bDkuThJTulQgiKNh0gWdjMyrpxp3t5qsmxqMGMJQ=s0-d,"Aerial shot of a {Rainbow} stretching over a {Landscape}, highlighting the beauty of {Nature}.",background_random,False
e9218d6b0c09474c299f3d7388f2be72,,https://photos.smugmug.com/Broken/i-8KFmhtK/0/M/KT_F%20Hole%20in%20the%20Wall-M.jpg,"""Rustic {Structure} with an unevenly shaped {Opening} exposing the {Background} outside.""",background_random,True
e9e08eb62042bd26532c85416f8d8565,,https://bloximages.chicago2.vip.townnews.com/tucson.com/content/tncms/assets/v3/editorial/5/e0/5e0db4c4-1e37-11e7-86b2-7b92c226a080/58ebfdda6f456.image.jpg?resize=1200%2C840,"""Group of {Animals} leaning or sitting together in a {Setting}.""",background_random,True
f44d02c72f52ce4d251195f7d29086e2,,https://cdn.wallpaperjam.com/static/images/s/23/c6/23c65b993f32baccc97eb7a8b4478836e6a2ce7b.jpg,Incredible depictions of oversized {Object} interacting with everyday {Scene}.,background_random,False
e7a2cddeab0a5a501f87ceb68a443847,,https://render.fineartamerica.com/images/rendered/default/greeting-card/images-medium/table-and-chairs-frank-nicolato.jpg?&targetx=-25&targety=0&imagewidth=750&imageheight=500&modelwidth=700&modelheight=500&backgroundcolor=A4A4A4&orientation=0,Contrasting black-and-white tones emphasize the {Color} of the {Object} in this artistic photograph.,background_random,False
fb1107b89a6fdaaff7907f852898a14d,,https://64.media.tumblr.com/tumblr_m1jpgltOuK1qewb27o1_1280.jpg,Visuals showcasing {Prosthetic Limb} integrated with {Vehicle/Environment} alongside their owners engaged in {Sport/Activity}.,background_random,True
fc7e1ecfb0da14c61f76c9108d6858ae,,https://www.wisc.edu/images/home/madison-discover-summer.jpg,"Friends running toward {Direction}, leaving behind {Clothing} on the side.",background_random,True
e057cab1e9988e75a9b75c4575fd4f5b,,"https://t00.deviantart.net/5KqpYd-79F8Yh2_jeZbBr4RhSP4=/fit-in/700x350/filters:fixed_height(100,100):origin()/pre00/c542/th/pre/i/2013/093/5/b/plushie_patchwork_puppet_playing_piano_by_b_spoke-d60aj1p.jpg","""Creatively arranged scenes featuring {Animal} positioned as if interacting with a {Human Object} on a piano.""",background_random,False
f18da95f470684410998917f10c5c395,,https://i.pinimg.com/originals/c2/7f/c0/c27fc07f62a0da6a0151055032e71dd0.jpg,"""Low-poly paper masks shaped as various {Characters}, {Animals}, or {Objects} worn over a person's head.""",background_random,True
fa769d1ed229e897aeaff9c606f8d5fa,,https://i2.wp.com/epmgaa.media.clients.ellingtoncms.com/img/photos/2013/07/17/Africa-China-Flag_t580.jpg,A representation of the {Country} flag integrated into the outline of the {Continent}.,background_random,True
f1a36bcf5b3865d19428f524636f3cab,,https://us.123rf.com/450wm/orla/orla1812/orla181200035/118899048-a-tap-over-a-bowl-with-a-golden-fish-the-concept-of-rescue-this-is-a-3d-render-illustration.jpg?ver=6,A creative depiction of {Object} being used as a channel for {Fluid}.,background_random,True
e0c17bea55513f43df1421a2edaeef4c,,https://goodmorninggloucester.files.wordpress.com/2014/08/anna.jpg?w=860&,Photos capturing {Person} in a kitchen setting with a {Food Item} near a {Animal}.,background_random,True
eb2ee3cc21ab9eb283659d4719885424,,https://static.straitstimes.com.sg/s3fs-public/styles/xxx_large/public/articles/2016/05/19/01_dino.jpg,"Kids exploring large life-sized {Animal} sculptures in outdoor settings, creating playful and imaginative interactions.",background_random,False
ea131676b6beb34de454ae471060899b,,https://forestwoodfolkart.files.wordpress.com/2016/10/p1000902-2.jpg,"Reflective water surfaces highlight symmetrical arrangements of {Buildings} in a row, producing clean and mirrored designs.",background_random,True
fb7e9b30c4a83b85bd3b85fb2bc32821,,https://img-fotki.yandex.ru/get/3204/269405145.18/0_e8602_2af8dbfe_L.jpg,Small {Animal} positioned on a human hand in front of a natural or urban background.,background_random,True
f41e5f7ab0d30d5bac2cafbfcaeb90fa,,https://viola.bz/wp-content/uploads/2012/01/Droplets-of-water-by-Russian-photographer-Dmitry-Dolivo-Dobrovolsky-2.jpg,"The water droplets capture the reflection of {Object}, producing a mirrored effect in their surfaces.",background_random,True
f6ce4e71500784113dbf5e0175a314ac,,https://assets.newatlas.com/dims4/default/1814154/2147483647/strip/true/crop/1920x1080+0+0/resize/1440x810!/quality/90/?url=http%3A%2F%2Fnewatlas-brightspot.s3.amazonaws.com%2Farchive%2Falzheimers-blood-test-1.jpg,"""Visual representation of the {Season} cycle through the {Tree}'s changing {Leaves} and {Color}.""",background_random,True
ed3851d69cb864f42ae4c626a4bd4059,,https://img.newchic.com/thumb/large/oaupload/newchic/images/11/19/20131226102409583.JPG,Handcrafted {Knit/Crochet} headwear featuring unique designs of {Animal} shapes crafted with {Material}.,background_random,False
e9307958d121d3f7dda34f568580a4ec,,https://lh4.ggpht.com/0Hb6iNnxx47yF1alkIsMZdwC1-fUyigSNeA_Wjdng37hkDRXqaQhP0KiRDc05uPlwbN0gLpHmbS1uQKMmwt7x1A=s285-c,"A black-and-white scene showcasing a {Building} reflected perfectly in still water, with a dynamic sky as the backdrop.",background_random,True
e1b9b00d7ccd76702744832c98fb8e78,,https://www.furilia.com/wp-content/uploads/2019/02/1549721421_956_Lion-Face-Pancake-For-Kids.jpg,A playful arrangement of {Food Items} shaped like a {Object}.,background_random,True
fccb407244818cb4573be8075adedc73,,https://www.interestinginsects.com/static/img/butterfly-hatching-730.jpg,A comprehensive portrayal of the {Living Organism}'s metamorphosis from its initial stage to its mature form through various transitional phases.,background_random,True
e1dc301469487d4949307f51aa788ca4,,https://m.bankingexchange.com/media/k2/items/cache/1a462063a6c77cbe5aa1d1954f3c91e6_XL.jpg?t=1475266089,"Visuals showcasing {Character} losing hold of {Step/Platform}, leading to a fall or collapse.",background_random,True
f4078c8630d2fbe942b7b99dc2fad7a3,,https://maggiemcneill.com/wp-content/uploads/2013/08/red-umbrella-ball.jpg?w=280,A creative arrangement of {Object} shaped into a {Shape} using multiple {Objects}.,background_random,True
fe4867b5ea44175f71d90824f3524789,,https://cdn.shopify.com/s/files/1/0023/8950/8132/products/PVC_Grey_Gradient_cropped_450x.jpg?v=1539704958,"Innovative {Object} designed for holding {Flower}, showcasing a unique design and artistic flair.",background_random,True
e11956dec8e354dfd2d642dcb233adfe,,https://us.123rf.com/450wm/nexusplexus/nexusplexus1402/nexusplexus140203853/25686652-troubled-businessman-with-carton-box-on-head-expressing-emotions.jpg?ver=6,"Unique characters with {Object} substituted for their heads, reflecting distinct {Concept} or {Theme}.",background_random,True
f782cecd165a9ee28881ffb536afd3bc,,https://img-aws.ehowcdn.com/750x400p/photos.demandstudios.com/getty/article/77/81/89791964.jpg,Visuals depicting one {Person} using a {Object} to create a gap in {Relation} with another {Person}.,background_random,False
e63f6a2185c0dbf25915cd30dbd8f418,,https://www.thoughtco.com/thmb/PmAWM3aTzS-GZi6YvtwOTooHp_0=/768x0/filters:no_upscale():max_bytes(150000):strip_icc()/Apollo8-earthrise-clr-3000-3x2Nasa-5a92e427ff1b780037f909f7.jpg,"The {Celestial Body} captured from the vantage point of the {Spacecraft}, with a backdrop of the {Black Sky}.",background_random,True
ff06c750b09d0c5ad7ad371e25f5130a,,https://staging2.jghnews.ciussswestcentral.ca/wp-content/uploads/2019/01/07-128702montage-788x350.jpg,"People interacting with {Animal} in a natural or indoor atmosphere, highlighting {Interaction} or {Connection}.",background_random,False
ea3f9601a0d5916f626295498419a918,,https://drop.ndtv.com/albums/COOKS/creativeburgers/ocean-burger_640_640x480.jpg,Unusual underwater scenes blending {Food} with natural elements like {Animals} or {Plants}.,background_random,False
efe17ab6b4fe8e357600bfbf0ded2359,,https://render.fineartamerica.com/images/rendered/default/greeting-card/images/artworkimages/medium/1/preserving-childhood-upclose-leah-saulnier-the-painting-maniac.jpg?&targetx=-18&targety=0&imagewidth=536&imageheight=700&modelwidth=500&modelheight=700&backgroundcolor=E3E6E1&orientation=1,"Artwork showing {Animal} stored in a {Container}, emphasizing the uniqueness of {Object} within {Ecosystem}.",background_random,False
df8a7aadeb1cedf65ac7e7251c2a9453,,https://img.freepik.com/free-photo/male-hand-breaks-through-red-paper-shows-his-thumb-up_79720-132.jpg?size=626&ext=jpg,"A {Hand} reaching through a {Rip} in a {Material}, displaying a {Gesture/Expression}.",background_random,True
f370a10c50fed8fd76097d58ff58b3e2,,https://stack.com.au/wp-content/uploads/2019/07/Detective_PIkachu.jpg,"Creative portrayals of {Character} as detective figures, complete with {Device for Observation} and {Evidence/Clue} in a creative design.",background_random,False
ed41a521fb27797e82be487bf624cdc6,,https://images.medicaldaily.com/sites/medicaldaily.com/files/styles/headline/public/2014/08/20/tickling-ears-healthy-heart.jpg,An imaginative depiction of {Object} featuring anthropomorphic traits such as {Ears} and {Face} for a lively touch.,background_random,False
fb3b1c54bb123026296f8e2175bd5456,,https://foto.wuestenigel.com/wp-content/uploads/api2/miniature-cleaning-workers-with-empty-plastic-bottle.jpeg,"""Miniature {People} interacting with oversized {Objects} to create imaginative scenes representing {Tasks/Scenes}.""",background_random,True
f0e7d69e8927b86cd5d5d2e59d7a52e2,,https://us.123rf.com/450wm/besjunior/besjunior1610/besjunior161000023/64975622-powerful-superstar-clothespin-peg-character-in-blue-suit-red-cape-leadership-and-wooden-clothespins-.jpg?ver=6,"""Creative use of {Object} to represent a unique {Character} or {Figure} on a {Background}.""",background_random,True
f0bab9b5fde7750d0bc83a094037336b,,https://i.icanvas.com/FNK1259?d=3&sh=v&p=1&s=xl&bg=g&t=1546078987,"Artwork of {Animal} dressed in {Human Clothing}, featuring unique styles and accessories.",background_random,True
eb56c495176354e8a4b2dd9f2b8fe87a,,https://img1.etsystatic.com/133/0/6773188/il_340x270.927178145_hcov.jpg,"""Perspective-based optical illusions featuring intricate arrangements of {Objects} creating unexpected {Scenes} or {Patterns}.""",background_random,True
e9d5a9d5a4b9aa94aa761b68f5c15840,,https://trendatmosphere.files.wordpress.com/2016/02/collage-antonio-mora-ta-7.jpg,The integration of {Human Face} and {Natural Elements} into a single artistic depiction.,background_random,True
ead035a520c104fbf10d91144a3db1d0,,https://i2.wp.com/theverybesttop10.com/wp-content/uploads/2013/05/Top-10-Images-of-Animals-in-Boxes-5-510x366.jpg?resize=600%2C430&,A {Animal} finding refuge inside a {Container}.,background_random,False
e7373183673791b30b108468d9430f1e,,http://render.fineartamerica.com/images/rendered/medium/greeting-card/images/artworkimages/medium/1/2-pears-bernard-jaubert.jpg,"A black-and-white composition showcasing {Fruits} in their natural form and cross-section views, with a focus on {Color} and {Texture}.",background_random,False
fd71fb6b544e3f537cbe3025c249ce43,,https://picsmine.com/wp-content/uploads/2017/01/Incredible-Three-Friend-Chihuahua-Dog-In-Teacup-Image-For-Wallpaper.jpg,Tiny {Animals} placed in oversized {Containers} for a delightful contrast.,background_random,False
e8a5f0b9916e181911c8e1d4d61dcb3e,,https://us.123rf.com/450wm/vicvic13/vicvic131603/vicvic13160300032/54120602-faces-of-three-girls-make-up-hairstyles-game-different-hair.jpg?ver=6,Customize your look with a range of {Hairstyles} on a blank {Head}.,background_random,True
e1371274759ac8f2608f755f4bf2e8cb,,https://images.unsplash.com/photo-1528922087877-3f44f53a8f7d?ixlib=rb-1.2.1&amp;ixid=eyJhcHBfaWQiOjEyMDd9&amp;dpr=1&amp;auto=format&amp;fit=crop&amp;w=1000&amp;q=80&amp;cs=tinysrgb,"""Long exposure photography capturing the movement of {Light Source} as it travels along {Path/Scene}, creating a vibrant {Color} trail against a dark background.""",background_random,True
e5312af965f7fa9d89a6169154a0f137,,https://tn.fishki.net/20/upload/en/2019/10/11/3111380/tn/80ba9bdb8a941e0d07441fe5c3bf93ba.png,An aerial perspective showcasing the organized design of {Community} through circular {Layout} and integrated {Green Space}.,background_random,True
ec8c1ad4c3b41f65958c2c7eeac2ae66,,https://vignette1.wikia.nocookie.net/teenwolf/images/c/cd/Teen_Wolf_Season_4_Behind_the_Scenes_Arden_Cho_in_the_rain_May_30.jpg/revision/latest?cb=20140716153927&amp;path-prefix=de,Behind-the-scenes shots displaying {Film Crew} working with {Actor} on-site in the {Weather Condition} environment.,background_random,True
e699eb5f80a49467733cd08230692473,,https://img3.stockfresh.com/files/c/cienpies/m/91/1921477_stock-photo-isolated-diversity-tree-hands.jpg,A tree design made from {Hands} in various {Colors} and {Positions}.,background_random,True
f84e693f9be137de582463b538a9a065,,https://us.123rf.com/450wm/maritime/maritime1604/maritime160400049/55599107-birch-leaf-isolated-elements-for-design-on-a-white-background-vector-set-hand-drawn-illustration.jpg?ver=6,"Different styles and shades of {Object} are displayed, ranging from solid colors to detailed outlines and bold silhouettes.",background_random,True
ed73803570100d8674f92e9c3a30bb4c,,http://tse2.mm.bing.net/th?id=OIP.Gnv_JKLsWjAh0AZDX9bn7wHaEi,Artistic use of {Cloud-Shaped Object} to mimic real-life {Scene} or {Character}.,background_random,True
e8b4c5084c3230e15223ec30d2ba9a6c,,https://cdn.shopify.com/s/files/1/0202/8696/3812/products/cheap-art-canvas-print-dog-lovers-funny_620x.jpg?v=1563861274,Creative visual of {Animal} wearing {Accessory} while holding onto a {Object}.,background_random,True
e0c8834751d877231c2b9c30107ead6c,,"https://ih1.redbubble.net/image.1268696765.9626/mp,504x516,gloss,f8f8f8,t-pad,600x600,f8f8f8.jpg","""Creative portrait showcasing {Hair} styled into a whimsical {Shape} using {Person}.""",background_random,True
ebb8e6f441b8246ecbf8bbf0d87c02f5,,https://us.123rf.com/450wm/gvictoria/gvictoria1208/gvictoria120800007/14804504-little-chihuahua-dog-standing-on-pie-tin-staring-at-the-last-pumpkin-pice-at-thanksgiving-on-a-white.jpg,"""Curiosity-driven interactions between {Dog} and {Food/Plate} leading to unexpected or humorous situations.""",background_random,True
f7c4e1225e2b0277fe678130ec900d37,,https://designgrapher.com/wp-content/uploads/2015/01/baby-photography-examples10.jpg,"A {Newborn} wearing a {Animal} costume, posed with {Color} details and a matching {Background}.",background_random,False
e7e77c1ab98f73a63c4d8922d5b1abf5,,https://img-fotki.yandex.ru/get/509531/361085784.8fa/0_1b2a50_7f3412dc_orig.Jpg,Unusual imagery of {Object} interacting with {Liquid} in a visually striking manner.,background_random,True
e8aad1a6eb2554706f98a8ed5977a02b,,https://data.ac-illust.com/data/thumbnails/94/94e844655fe19ee245832daef423637f_t.jpeg,"Illustrations showcasing {People} lifted by {Drone Aircraft} in diverse environments like {Mountains}, {Beaches}, or {Cities}.",background_random,True
e8b2a6222ea517c87c3e1d05147e23fa,,https://i.pinimg.com/736x/6c/59/49/6c5949a763d669dd8ea06c430c7bcf09--side-hairstyles-female-hairstyles.jpg,"Creative head designs with {Tattoo} incorporating unique {Patterns}, {Characters}, or {Themes}.",background_random,True
ea6b63799cbf7176e2ea1524dc2336cf,,https://entretroisvolcans.files.wordpress.com/2013/10/vietnam_pigs_on_bike.jpg?w=500&h=334,"""Creative transportation using {Vehicle} to carry {Passengers} and {Objects} in unique or unconventional ways.""",background_random,True
fd4b6afa65c5a1036a4e52edf8b32384,,https://gwbcenter.imgix.net/legacy/image_miscellaneous/nk-email-header.jpg,"A view of the Earth from space at night, showcasing {Country} and the surrounding {Body of Water}.",background_random,True
effab592bc8ea3f950add0bff144d0dd,,https://www.tunisiesoir.com/wp-content/uploads/2020/05/Researchers-make-startling-discovery-that-Earth%E2%80%99s-magnetic-field-is-weakening-696x385.jpg,An illustration showcasing the {Magnetic Field} surrounding a {Celestial Body} with visual lines depicting magnetic flux.,background_random,False
fd26fbc48c9f0a3bc913093a368e8d5a,,https://us.123rf.com/450wm/nexusplexus/nexusplexus1402/nexusplexus140205908/25995237-young-strong-man-holding-huge-stone-above-head.jpg,Individuals balancing an enormous {Object} on their shoulders while standing in a rugged outdoor environment.,background_random,True
e8931f5d01d766aa63dce07b7650e380,,https://www.nasa.gov/sites/default/files/thumbnails/image/us_lights2.jpg,"An image of Earth at night, highlighting the {Lighting} from {Country/Region} and {City}.",background_random,False
f795a18f92568f2e2573c3f03cb38454,,https://www.icon-art.com/media/catalog/product/cache/1/image/572x/040ec09b1e35df139433887a97daa66f/1/0/10201.jpg,Photos of {Animal} wearing {Accessories} for a stylish and unique look.,background_random,False
f15962e6c9f62997b1b684e2fc39b382,,https://i.pinimg.com/736x/7e/04/76/7e04767d377b46959553de98c0b6952b.jpg,Creative carvings of {Characters} from {Series} on pumpkins illuminated from within.,background_random,True
fc08101131a7dad55bb6e42d640ae5a4,,https://i.icanvas.com/DMQ29?d=3&sh=v&s=s&p=1&bg=w&t=1611596714,"Unusual scenes featuring {Animal} in human-designed {Environment}, emphasizing a playful or unexpected mixture of nature and everyday life.",background_random,True
e8e243ebdc221145630cb3cc752c4a2c,,https://media.tacdn.com/media/attractions-splice-spp-674x446/07/91/92/6d.jpg,"""Close-up view of a {Animal} interacting with a {Human} underwater in natural marine settings.""",background_random,True
f22542a5801375eec4032667a7011cb5,,https://d118rjmjhbvwtc.cloudfront.net/uploads/e9f7d3851c734abc8563cf73abe412e4.jpg,"""Creative face paint designs featuring detailed depictions of {Characters}, {Animals}, or {Animals} integrated into artistic styles.""",background_random,False
f7d7ebc2f5326e710b4da153776b57b2,,https://thumb.maxpixel.net/404/White-Black-Transition-Berries-New-Zealand-Snow-220574.jpg,"A {Snow} layer draped over a {Fruit}, creating a striking contrast in appearance.",background_random,False
e8b199be138c54b128bba3a3f4c69d43,,"https://ctl.s6img.com/society6/img/5qj7E587CXIlkeqoP-ywRx30BjE/h_264,w_264/cards/alternate/~artwork,fw_1300,fh_2000,fx_-350,iw_2000,ih_2000/s6-original-art-uploads/society6/uploads/misc/306bdd47d46e44e3acf32d35290b417b/~~/house-guardian-cards.jpg?wait=0&attempt=0",Creative visual art combining {Animal} with human-made {Scene/Object} in imaginative ways.,background_random,True
fa63eb0dabd8cd2975576ae7d4d00d6e,,https://us.123rf.com/450wm/harveysart/harveysart0711/harveysart071100263/2127584-a-very-abstract-and-conceptual-image-of-a-mans-head-which-is-opened-up.jpg?ver=6,Visual representation of {Object} with an opening to reveal the {Inner Structure} or {Mechanism}.,background_random,True
f62ccfeb9858a658b6715401137c4cd3,,https://i.pinimg.com/originals/50/01/15/500115acbaf7dda9deaec831de71c305.jpg,"""Illustrative ear tattoos featuring {Flower} designs with {Color} petals and {Leaves} details.""",background_random,True
f0de34307394e1dbe8af7dd6676f1bc4,,https://i.inews.co.uk/content/uploads/2016/05/Sheep-going-to-the-Slaughter-Early-Morning-Near-the-Caledonian-Road-London-1965-1-760x496.jpg,A black-and-white image highlighting the journey of {Animal} through a {Human-Made Environment}.,background_random,False
e0a675eccdee7edc34b1dfce71b01305,,https://img.izismile.com/img/img2/20090929/bonus//5/dogs_stars_wars_11.jpg,Animals dressed up as famous {Characters} in creative {Costumes}.,background_random,True
e395aebf9f73a835048b82f2a25687b4,,"https://ctl.s6img.com/society6/img/HRNynv7ldGaQLyMTlQUPUbtnyfo/h_264,w_264/metal-prints/1x1/front/~artwork/s6-original-art-uploads/society6/uploads/misc/8e6144f306054c4598794b415372d5f7/~~/element-of-air170068-metal-prints.jpg?wait=0&amp;attempt=0","The {Shape} is overlaid on a {Background}, combining geometric precision with natural beauty.",background_random,True
f35d3ee52bd5b1eaaf43ae42f6c9712c,,https://images.pexels.com/videos/3295853/free-video-3295853.jpg?auto=compress&cs=tinysrgb&dpr=1&w=500,A black background featuring an array of {Objects} arranged in a pattern or grid format.,background_random,True
f9a8963d5997fa8b7d182f53460f1472,,https://images.pond5.com/animated-hypnotic-tunnel-white-and-footage-082679891_iconl.jpeg,An optical illusion showcasing the perception of {Movement} or {Depth} using geometric patterns and contrasting {Colors}.,background_random,True
ecbe3667dbf9c95410aaae4a48d8deda,,https://3.bp.blogspot.com/-pbVGXa3hM40/VPr7cqfVlAI/AAAAAAAACUA/wloDPnS6STM/s1600/pine00.jpg,"A stunning view from outer space of {Object}, showcasing its surroundings against the backdrop of Earth and the sun.",background_random,True
e310096e987b7283538ff61200a6190a,,https://us.123rf.com/450wm/adogslifephoto/adogslifephoto1504/adogslifephoto150400052/38566089-closeup-photo-of-a-cute-dog-wearing-christmas-reindeer-antlers.jpg?ver=6,Animals adorned with {Reindeer Antlers} to represent {Seasonal or Festive Theme}.,background_random,True
eea5ba5e7fd1cccbc2fabba37bb06d07,,https://cdn-img-0.wanelo.com/p/c0d/ad0/faf/983dda3bb9b16644f0aeb54/x354-q80.jpg,"""Creative illustrations combining {Animal} and anthropomorphic {Object} in unexpected pairings.""",background_random,False
f1bda01766bd664a7b21a2863d2c754a,,https://interiores.alterblogs.com/wp-content/uploads/2010/11/stairsstoragecombined.jpg,Creative storage solutions utilizing {Space} under {Structure} for organizing {Objects}.,background_random,False
eef8ee63e47003b826ee6dd1731ba4bb,,http://st.depositphotos.com/1307373/2554/i/450/depositphotos_25546073-Giraffe-elephant-and-zebra.jpg,A reflection of {Animal} mirrored onto a calm body of water.,background_random,True
ee78a9b08cbcd9a1fd6621117050116b,,https://img-fotki.yandex.ru/get/912106/361085784.a53/0_1bfd5d_e12783f0_orig.Jpg,"Creative illustrations of {Object} fused with human forms, delivering a surreal and artistic vibe.",background_random,True
f79a9187694b2a412ae14af31c6bcd10,,https://cdn.acidcow.com/pics/20120709/animal_documents_03.jpg,"An imaginative use of {Animal} to leave a unique mark on {Surface}, resulting in an intriguing print.",background_random,True
e9b34df47d5603d8e1219d9fc02039f1,,https://p1.liveauctioneers.com/1221/131746/67098102_1_x.jpg?version=1544025970&amp;format=pjpg&amp;auto=webp&amp;quality=50,Creative representation of {Human Characters} interacting with {Animals} in artistic and imaginative styles.,background_random,True
f4e7a3aca359a5970f6af1e7dd879d52,,http://nebula.wsimg.com/e0562138df120cf406fd4e67b33d6160?AccessKeyId=82DED3F69C578692958D&amp;disposition=0&amp;alloworigin=1,A touching moment between a {Parent Animal} and their {Baby Animal} in nature.,background_random,False
eed303ff9478ef93d94f480108d9f480,,https://www.thoughtco.com/thmb/PuB4AazbI28G_u8abPcLUOL-WQI=/768x0/filters:no_upscale():max_bytes(150000):strip_icc()/GettyImages-498719138-58e4c1535f9b58ef7e1ef4e5.jpg,"Visual depiction of {Figure} trapped within a {Cage}, with a {Key} positioned nearby for escape.",background_random,True
f65c39973a5bffde238fb45915b009d8,,https://cdn.athlonoutdoors.com/wp-content/uploads/sites/8/2014/11/handgun-trigger-hbg-2015-color.jpg,"A detailed illustration of the internal mechanisms and components of a {Device}, showcasing how the {Parts} work together.",background_random,False
f992c217cc9ec1c8fcf6b71123cd8889,,https://www.traveller.com.au/content/dam/images/3/b/7/8/u/image.related.articleLeadwide.620x349.3b78s.png/1416283326118.jpg,Monuments with {Statue} adorned in a {Clothing Item} positioned on a {Base}.,background_random,False
e3634da887d338355be80fdef70e06ff,,https://elpoderdelalimento.files.wordpress.com/2014/04/x-ray-skull-cigarette-620-300.jpg?w=620&,An X-ray view of {Object} featuring a {Harmful Effect} or {Internal Damage}.,background_random,True
e9d0b657232b556bb9d30fd89888435c,,https://a-fotografy.co.uk/wp-content/uploads/2015/07/Newborn-pictures-with-pet-dog.jpg,Visuals showcasing {Baby} interacting with {Animal} in a peaceful and adorable way.,background_random,True
ef41feac3a4582e238535ca209f59f21,,https://images.pexels.com/photos/6185071/pexels-photo-6185071.jpeg?auto=compress&cs=tinysrgb&dpr=1&w=500,Long exposure photography showcasing {Stars} or {Celestial Bodies} with trails in their movement around {Horizon} or {Skyline}.,background_random,True
effa9ae0fa5da83de8d07260db84bcac,,https://us.123rf.com/450wm/byrdyak/byrdyak1804/byrdyak180400002/98725698-360-degree-view-of-single-blossoming-tree-in-spring-on-rural-meadow.jpg?ver=6,"""360-degree view of {Landscapes} or {Structures} in a spherical panorama, showcasing {Scenery} from all angles.""",background_random,True
e139ac0d853ce9073476efdab078b286,,https://images.squarespace-cdn.com/content/v1/54dd3bece4b0818948434c85/1474195464000-FQ382S3HZUCXJDLPJMR0/ke17ZwdGBToddI8pDm48kOp1DUWbHziGNAtC5iviBMwUqsxRUqqbr1mOJYKfIPR7LoDQ9mXPOjoJoqy81S2I8N_N4V1vUb5AoIIIbLZhVYxCRW4BPu10St3TBAUQYVKcoqRyWAzwh-mxWXPBPCvwqitFfBRz8WqZa_IH8L9nIOXMQ4LsfZDYfVB9H7gEAFog/tumblr_oa11o1MISz1s8unw6o1_1280.jpg,"""Grid arrangement of repeated images of {Subject} in various {Colors} and {Patterns}.""",background_random,True
e911d0acd6be77d54edcf78ded1f4ccf,,https://us.123rf.com/450wm/maryvalery/maryvalery1604/maryvalery160400133/56547969-businessman-in-glass-jar-boss-in-bottle-desperate-situations-man-sitting-alone-at-bottom-of-vessel.jpg?ver=6,A visual representation of {Human Figure} trapped inside a {Enclosure}.,background_random,True
e3c3af5b0a171a18ce1ea31d28bf2e53,,https://us.123rf.com/450wm/jagcz/jagcz1606/jagcz160600004/57549831-mix-of-colored-ink-in-water-creating-abstract-shape-isolated-on-black-background.jpg?ver=6,The dynamic interaction between {Liquid} and {Solid} creates intricate patterns and textures in the dark setting.,background_random,True
e891dd898f4c0859dc59253b16560b59,,https://i.etsystatic.com/8693398/c/573/456/63/110/il/0bfcbf/1090664081/il_340x270.1090664081_32s2.jpg,Artistic depictions of {Animal} portrayed within a {Circular Frame}.,background_random,True
e5181671794367eba76119a4006b30d6,,https://cdn.shopify.com/s/files/1/0224/1915/products/french-bulldog-puppy-dog-animal-wrap-around-ring-in-copper-sizes-4-to-9.jpg?v=1474605390,A detailed {Animal} figurine crafted into a {Ring} on a finger.,background_random,True
e8e84944c6a1f77ad283ef666a637070,,"https://slimages.macysassets.com/is/image/MCY/products/6/optimized/12377386_fpx.tif?op_sharpen=1&wid=500&hei=613&fit=fit,1&$filtersm$",Visuals showcasing {Animal} interacting with imaginative {Objects} in surreal scenes.,background_random,True
fb2be363f29a7ec635a752986527e52a,,https://cdn.shopify.com/s/files/1/2403/9253/products/Rabbit_Lamp_by_White_Sculpture_Decor_to_Table_and_Bedside_Lamp_in_the_Peace_and_Naturality_900x.jpg?v=1577895397,Creative fusion of {Animal} forms with imaginative {Object} designs resulting in unique and unexpected shapes.,background_random,True
e8bd5ce929e3689d8b82f046f5f72168,,https://images.squarespace-cdn.com/content/v1/5b96d9efb98a7858562968e7/1537558699078-T9W6VYVRDIL28XZXRKDN/ke17ZwdGBToddI8pDm48kJmbgvInuED001Op1tqzj5V7gQa3H78H3Y0txjaiv_0fDoOvxcdMmMKkDsyUqMSsMWxHk725yiiHCCLfrh8O1z4YTzHvnKhyp6Da-NYroOW3ZGjoBKy3azqku80C789l0pmy3nA_zcH46jcY3zQ1h8iFhgszBaALZHCu23gqfDPzEueZkh4N0KO-9DjI2cqthA/Screenshot+2018-04-22+07.44.52.jpg,Aerial view of a {Shape} formed by aligning {People} into an artistic design on a {Surface}.,background_random,True
f13f834f33aaa969e6fed6890ccb5243,,https://img.freepik.com/free-vector/slice-watermelon-cartoon-vector_53876-76188.jpg?size=338&ext=jpg,"""Illustration of anthropomorphic {Fruit} with human-like features such as legs and facial expressions.""",background_random,True
fb1383206f684d781bc4c5ff8e047ea8,,http://images.humanresourcesonline.net.s3.amazonaws.com/wp-content/uploads/2015/10/Aditi-Oct-2015-LGBT-friendly-diversity-inclusion-shutterstock-700x420.jpg,A superhero outfit with a {Superhero Emblem} design underneath a {Regular Clothing} outer layer.,background_random,True
ee559edc6413ba949ca732570f37bd27,,https://www.frommers.com/system/image_cache/slot/article/84765/05f3b10a4005e1acd6d342f791b737f2ca9b4ad9/David_Masked.jpg,A {Statue} adorned with a {Face Mask} as a tribute to {Theme or Character}.,background_random,False
e1e25461f7ca57af4995b2446dc4fa44,,https://i.pinimg.com/736x/48/97/dd/4897dd22bb121da0927bc6815a684948.jpg,Artistic wireframe sculptures of {Animal} designs showcased with fine attention to detail and unique patterns.,background_random,True
ffd9becf9a31c5caf89088e2f3b419a3,,https://phys.org/newman/gfx/news/hires/2015/2-onestepclose.jpg,View of {Person} through a {Object} with a unique perspective on {Background},background_random,True
feaf94eee87a59961cf84676e183f005,,https://drscdn.500px.org/photo/1726167/m%3D1170/bfbb9c571552c673561979f3383cb7a3,"A lone {Person} in a minimalist setting, emphasizing solitude with an empty {Background} and a {Object} for emphasis.",background_random,False
e548284ef798641a633afb9c2828d4c5,,https://thetimetraveler56.files.wordpress.com/2018/02/lava-between-feet.jpg?w=571&,Capturing the contrast between {Person} and {Natural Phenomenon} in a dramatic outdoor setting.,background_random,True
e7f73c55ec5b6d8d10a4daa8fbffc306,,https://images.custommade.com/wUppIBfh7AoxvPjgb7i8lvq_lZw=/fit-in/510x382/custommade-photosets/76026/76026.204388.jpg,"""Artistic representation of {Subject} showcasing unique artistic interpretations in {Style} compared to their original appearance.""",background_random,True
f97cfc2bc4954507c2a5e1edf84f8cd3,,https://d3njjcbhbojbot.cloudfront.net/api/utilities/v1/imageproxy/https://coursera-course-photos.s3.amazonaws.com/4c/e4e8b0122c11e682e351c659598825/cataractsurgery.png,"The {Eye} reflects the {Scene/Environment}, creating a captivating fusion of {Subject} and {Background}.",background_random,True
e259508f2d8456180af90317d3f1a11c,,https://cdn.newsday.com/polopoly_fs/1.24040486.1543544388!/httpImage/image.jpg_gen/derivatives/landscape_768/image.jpg,Sports players showcasing their enthusiasm by chewing on {Food} while wearing {Team Uniform}.,background_random,False
e586bc98c94becb7a9e35f0ee45d597e,,https://www.kino-zeit.de/sites/default/files/styles/filmseite/public/news/bild104769.jpg?itok=QdhZadd9,Visuals of {Object} transformed into eerie or surreal {Phenomenon} in unexpected ways.,background_random,True
e995bf12825a7c078c81d0285370e5c9,,https://blog.medillsb.com/wp-content/uploads/2019/07/step-by-step-everlasting-sweet-pea-botanical-illustration-3.jpg,"""Process of drawing and coloring a detailed {Subject} using a reference {Object} for precise details.""",background_random,True
e3487f2c0a81812d18b107e28cef299c,,https://i.etsystatic.com/il/0d9990/1008830964/il_340x270.1008830964_e6m2.jpg,Visuals showcasing {Animal} blending seamlessly with human-related {Objects} in imaginative scenes.,background_random,True
e0abee1d48a64be2a7bfa317093dd2ff,,https://az505806.vo.msecnd.net/cms/97556d03-2c4c-4815-a85f-021a748d0971/1d8a6679-1622-442f-b4b1-b04cba8942ab.jpg,Creative use of {Object} worn as part of the outfit or accessorized to highlight an unusual {Style} or {Appearance}.,background_random,False
e44914ee06ff316b34fe068c67ac6ae9,,https://images-eu.ssl-images-amazon.com/images/I/512W7SqGauL._SL480_.jpg,"A pop art-inspired depiction featuring multiple {Portraits} of {Subject}, each highlighted by different {Colors} and {Backgrounds}.",background_random,True
e7691da27f9e6bb5aa7d7065902e7f87,,https://www.daventryexpress.co.uk/webimg/T0FLMTMxMjQ1MTc1.jpg?width=640&enable=upscale,"A group of {Objects} arranged in a precise pattern against a clear background, showcasing unity and coordination.",background_random,True
f96b19c3078cdf54978d8b45edf16f9b,,https://images.fineartamerica.com/images/artworkimages/mediumlarge/3/nude-woman-red-wine-3-johan-swanepoel.jpg,Creative presentation of {Object} merged with a {Human Body Part} to form a unique and artistic design.,background_random,True
eafe88f93883efc81037dd0f769d3736,,https://www.pouted.com/wp-content/uploads/2016/08/Staircase-Design-Ideas-26.jpg,Innovative {Stairs} designs integrating unique {Shapes} and {Materials} for elegant and functional results in architectural layouts.,background_random,True
e22288fadccfe610019bbd2edcd1e3c3,,http://static.demilked.com/wp-content/uploads/2016/03/shelter-dogs-adopt-photo-project-humane-society-2.jpg,Different {Animals} showcasing unique {Expressions} and {Emotions} in their natural environments.,background_random,True
eaab2e6d2d0fc775645443b2a7c0d033,,https://africa-images.com/public/photos/B/E/BEIvJQww4iGPCAtpM5Mr1LZ0w/BEIvJQww4iGPCAtpM5Mr1LZ0w_smaller.jpg,"""Step-by-step visual guide for performing {Exercise} using {Equipment} in {Setting}.""",background_random,False
f53e5453428745e4df9588e984b5a100,,https://coupdetatsf.com/wp-content/uploads/2020/11/CoupXX_WickerMotorcycle_1.jpg,Artistic sculptures of {Object} handcrafted from woven {Material}.,background_random,True
f20b9839b1073c328786c267bb168a4b,,http://lh3.googleusercontent.com/rlznWQLhA8WqmTh0ed1QfGjqP2WLa7Pp0zmP3yA3LJ_OtgCWAf_4i5ImOQhS3i6OU9qZ1N_Ju4Fv8sr10i66-nw=s285-c,Natural lightning striking near {Object} in a dramatic outdoor scene.,background_random,True
eb0255991dcbc4f444f22f9c82a4d4aa,,https://us.123rf.com/450wm/kobeza/kobeza2005/kobeza200500002/147357661-fresh-green-asparagus-on-color-background-gourmet-food.jpg?ver=6,An arrangement of similar {Objects} lined up against a {Background} with various {Colors} and {Shapes}.,background_random,True
edd14964794da8293ca7423bf80d9991,,https://m.media-amazon.com/images/I/41O3TJMCIvL.jpg,A creative representation of {Object} built using small {Building Blocks}.,background_random,True
fd15743e0df17dba4b81a7693c297f7a,,http://s3.amazonaws.com/spoonflower/public/design_thumbnails/0104/4996/rrlost_yeti_forest_SMALL_shop_preview.png,A cleverly designed illustration highlighting {Hidden Object} within a backdrop of {Similar Objects}.,background_random,True
f1650288776a0059bd0b77d010ee8333,,https://www.telegraph.co.uk/multimedia/archive/02864/Corinth_Canal_3_2864521k.jpg,Aerial view of an adrenaline-filled stunt involving a {Vehicle} navigating through a narrow {Passage/Gap}.,background_random,False
e5b4695ea59067e2436982f270952022,,https://img.rt.com/files/2015.08/original/55df8bfcc36188ef328b459b.jpg,Overlaying a historical {Photo} on its current {Location}.,background_random,True
fe29bcfdada4c456b89ad1b90781e432,,https://static.boredpanda.com/blog/wp-content/uploads/2017/08/cover_image_59a523be1b40b__700.jpg,"A color wheel showcasing {Object} arranged by shades of {Color}, paired with its real-life equivalent in {Item/Setting}.",background_random,True
eb969287689364e8036aba14ffee7315,,https://us.123rf.com/450wm/catchyimages/catchyimages1808/catchyimages180800007/106540954-unny-and-very-expressive-white-with-blue-maine-coon-cat-kitten-standing-through-a-white-photo-frame-.jpg?ver=6,"A {Cat} positioned within a {Frame}, emphasizing a minimalist design aesthetic.",background_random,True
f6875b4ab38c43cc05aadde4063d41b5,,"https://static.wixstatic.com/media/d17fe1_1a078d2399d14147a2099b78f1b6fd12~mv2.jpg/v1/fill/w_454,h_341,fp_0.50_0.50,q_90/d17fe1_1a078d2399d14147a2099b78f1b6fd12~mv2.jpg",Progression of {Species} through various {Stages of Development} over time.,background_random,True
f9048df04915ad7793903182483fdebb,,https://static.wikia.nocookie.net/jackinthebox/images/9/96/Jack_in_the_Box_Jack_at_Burger_King_2009_Commercial/revision/latest/scale-to-width-down/300?cb=20130501042753,Visuals of {Object} transformed into human figures with {Clothing} and {Faces} presenting unique styles or characters.,background_random,True
ee3b8217669b1631fa63a3db71fa1327,,https://image1.masterfile.com/getImage/NjAwLTAyMzEyMzgzZW4uMDAwMDAwMDA=AG6aK3/600-02312383en_Masterfile.jpg,Individuals in professional attire using {Object} as a metaphor for {Challenge} or {Obstacle}.,background_random,False
ef9cce39539e6545635d41013855be35,,https://cdn.mycrafts.com/i/1/7/3/how-to-draw-a-room-in-1-point-hJhR-m.jpg,A one-point perspective drawing showcasing {Drawing} with depth and realistic proportions using {Tools} and {Paper}.,background_random,True
f521c13dbd0de1e04998e3f87b29fe2b,,https://cdna.artstation.com/p/assets/images/images/025/946/976/smaller_square/an-tran-material-cube.jpg?1587418637,"Creative representation of {Object} in various styles, each showcasing unique {Color} and {Texture} elements.",background_random,True
ef5dfa0ea36393f1a4a300189fe21454,,http://i2.wp.com/neurosciencenews.com/files/2016/10/social-behavior-sex-differences-neurosciencenews.jpg,A depiction of {Concept} merging {Male Trait} and {Female Trait} within {Symbolism}.,background_random,True
e054bb782d9bf42c88f8ee4fc4c8c62a,,https://st4.depositphotos.com/12985848/21125/i/450/depositphotos_211257240-stock-photo-young-ballerina-black-bodysuit-talc.jpg,"Captured in motion, {Body Part} interacts with {Material} against a dark backdrop.",background_random,True
edc95757ffde1c6f5580655049553f45,,https://www.redpostequestrian.co.uk/images/horze_christmas_exercise_sheet.jpg?maxheight=1200,Animals wearing {Christmas Accessories} to represent {Seasonal Characters}.,background_random,True
f9c3b8d7290ec119ad9549f5a25b23d5,,https://img.freepik.com/free-vector/illustration-milk-box-cartoon-is-playing-soccer-cute-style-design-t-shirt-sticker-logo-element_152558-6896.jpg?size=338&ext=jpg,"Creative illustration of {Object} personified, interacting with a {Sport} in a playful manner.",background_random,True
ece7301b888cbce4696777810d599a6a,,http://img.timeoutshanghai.com/201611/20161101060840378.jpg,A cosplayer in a {Character} outfit showcasing their passion for {Theme} with a {Device}.,background_random,True
f4089b0fd48da7b43567a5a5fe145226,,https://us.123rf.com/450wm/troyzen/troyzen1912/troyzen191200369/136374452-business-team-running-to-success-concept-business-successful-flat-cartoon-character-style-design.jpg?ver=6,Visual representation of collective {Action} bringing about a {Result}.,background_random,True
f9e159e97723f6fdb3a8dc55692c1954,,https://www.freshcup.com/wp-content/uploads/2017/07/NYC_CoffeeBook_1014x576-894x372.jpg,"Beautiful latte art patterns made with {Flavor} and {Milk}, showcasing intricate designs like {Theme} in a {Container}.",background_random,True
f4ba947bdb0133e1fcfefeb1d74b358b,,https://nature.landwebs.com/wp-content/uploads/2021/07/198/how-to-photograph-pine-martens.jpg,A {Subject} captured mid-air during a leap in a {Background/Environment}.,background_random,False
f8ead2f5ecf8df335b5acade47019922,,https://render.fineartamerica.com/images/rendered/medium/print/images/artworkimages/medium/2/woman-playing-violin-underwater-henrik-sorensen.jpg,"Performers underwater in a {Setting}, playing a {Musical Instrument} while wearing a {Clothing}.",background_random,False
f61eaba39a315906b6ac8e951d6f8192,,https://i.pinimg.com/736x/ba/7a/96/ba7a96689c67148c407ab182f33c38c2--deer-makeup-zombie-makeup.jpg,Artistic half-body designs featuring realistic {Character} and imaginative {Theme/Animal} integrated into a single visual.,background_random,True
fe737b5519ff10b10dcbb815b246e4ab,,https://i.pinimg.com/736x/08/f9/ec/08f9ec43def4a6f3bf24bee6f99536e5--pikachu-cat-cat-type.jpg,Illustrations of {Animal} fused with the body of a {Pokémon} from the {Anime/Manga} series.,background_random,True
ff106c9bd19206aa63adac5b24024713,,"http://t01.deviantart.net/z1FWvXMDpqxwBr4SXL0aeA3I-Vc=/fit-in/700x350/filters:fixed_height(100,100):origin()/pre01/8cb4/th/pre/i/2015/107/2/5/flying_hare_otherside_by_daicelf-d7bnvu8.jpg",Artistic sculptures of {Animal} crafted with metal and intricate {Details}.,background_random,False
fb3275cda13ac83f9ca5fa7afde73b80,,https://images.pexels.com/photos/4847538/pexels-photo-4847538.jpeg?auto=compress&cs=tinysrgb&dpr=1&w=500,"An aerial view of winding {Path} cutting through {Environment}, with occasional {Vehicles} on it.",background_random,True
e50b0cc5ea908bbf31f084f6dc3c416f,,https://st.depositphotos.com/thumbs/1064045/image/2512/25127343/api_thumb_450.jpg,"Artistic depiction of the human body with an exposed section showing {Internal Organ} or {Structure}, integrated by visual representations of { {Color/Theme} } details.",background_random,True
f656298ff46f1c9bbedd872174eb21ec,,https://img.theculturetrip.com/768x/wp-content/uploads/2018/06/shutterstock_399280345.jpg,Signs indicating {Obstacle} or {Direction} set against {Roadside Environment}.,background_random,False
e4ad7170dc3b83abd714394ab2610d7d,,https://tastysecretrecipes.com/wp-content/uploads/2019/09/pumpkin-pie-halloween-costume-luxury-diy-pie-slice-costumes-studio-diy-of-pumpkin-pie-halloween-costume.jpg,Creative portrayals of {Fruit} using handmade {Costume} designs.,background_random,False
e890b8fc354ddd233f104d45e55a649a,,https://remingtontattoo.com/wp-content/uploads/2018/05/32767189_1525597514216664_2756811994018349056_n.jpg,"""Creative representations of {Figurative Characters} blending historical {Styles} with modern {Artistic Elements}.""",background_random,True
e7eaa9b7acec1b11745822c850224fe1,,https://us.123rf.com/450wm/sunshinesmile/sunshinesmile1205/sunshinesmile120500054/13698751-swiss-flag-butterfly-flying-isolated-on-white-background.jpg,A butterfly with wings decorated in the flag colors and symbols of {Country}.,background_random,True
f9868284712a469955aeb5b9d08e0ceb,,https://us.123rf.com/450wm/serkucher/serkucher1908/serkucher190800310/128646993-a-playful-kitty-hides-in-a-white-box-the-cat-yawns-isolated-on-a-white-background.jpg?ver=6,Surprised {Animal} peering out from inside a {Enclosure}.,background_random,True
f7f4e14a5ba997f7b2287c4728babcbb,,https://cdn.shopify.com/s/files/1/2037/3489/products/WM_03_20_720x@2x.jpg?v=1527376501,A black-and-white scene with a {Color} accent highlighting a {Scene/Object}.,background_random,True
e292802cdb81357577a1e87346fe76a5,,https://us.123rf.com/450wm/strekoza/strekoza1008/strekoza100800030/7638768-rabbit-in-sunglasses-isolated.jpg?ver=6,Animals sporting {Accessory} to look like they're wearing {Style},background_random,True
fa0a1254e08d7c74e2e11b3757d40095,,https://render.fineartamerica.com/images/rendered/medium/phone-case/galaxys7/images-medium-5/climber-city-of-rocks-martin-konopacki.jpg?&targetx=-255&targety=0&imagewidth=885&imageheight=664&modelwidth=374&modelheight=664&backgroundcolor=AFA586&orientation=0&producttype=galaxys7,Creative artwork blending {Illustration} with {Background Scene} to portray {Subject} engaging in unconventional or imaginative scenarios.,background_random,False
f7702a619cf1699c0bac5c9207210604,,https://funnyness.com/sites/default/files/images/i/11-2014/funny-cats.jpg,Marriage-like images with {Animals} dressed in wedding outfits as a bride and groom.,background_random,False
ed45599d9891ca0fcf1a00a94616b261,,https://us.123rf.com/450wm/aleksander1/aleksander11106/aleksander1110600071/9859849-the-coffee-cup-consists-of-coffee-subjects-an-illustration.jpg?ver=6,A creative representation of {Object} constructed from assembled {Variety of Objects}.,background_random,True
eab8d35711dd89bad1ac5a65990d55fb,,https://lh4.googleusercontent.com/-Zz2NhoJtk9k/TYdmXqaiq6I/AAAAAAAAOzg/GhA6hvqyETM/s1600/12.jpg,"""Statues portraying {Human Figures} in dynamic interactions with {Animals} or {Objects} in natural or symbolic settings.""",background_random,True
f4e96706982bcab4c71d2fab006e7f7e,,https://westborovillage.com/wp-content/uploads/2019/05/IMG_8557.jpg,Creative use of {Animal} to transform ordinary {Surroundings} into visually appealing urban art.,background_random,False
e1e1f526106b916c2368309abd06f917,,https://cdn.shopify.com/s/files/1/0254/4307/4108/products/moan_on_lisa_56344622_1078406642361340_5326895010356730152_n_800x.jpg?v=1572596780,A comparison of the {Pet}'s portrait to the real-life {Pet}.,background_random,True
f6126f0461fa49ffabcabc65cd9e34ef,,https://farm4.staticflickr.com/3507/3312887496_7def5172d1.jpg,A lineup of {Objects} evenly spaced on a uniform {Background}.,background_random,True
e9a15417d2a85fb7b49800044e3998e2,,https://www.stylearc.com/wp-content/uploads/alice-kids-short.jpg,"Illustration showcasing {Clothing Item} with the front and back layouts of the {Fabric Item}, along with suggestions for pairing it with other garments.",background_random,False
e16cb180f054ad924ad32ad3fe408049,,https://us.123rf.com/450wm/nataljacernecka/nataljacernecka2001/nataljacernecka200100031/138627572-colorful-and-black-and-white-page-for-kids-coloring-book-fantasy-drawing-of-beautiful-fairyland-fair.jpg?ver=6,Creative coloring page showcasing a {Subject} in both fully colored and outline styles for personalization.,background_random,True
ed9d550b379180ecf05b7608c5076b25,,"https://g5-assets-cld-res.cloudinary.com/image/upload/q_auto,f_auto,c_fill,g_center,h_667,w_1000/v1547587314/g5/g5-c-i9pvh23w-carter-haston-holdings/g5-cl-1iu2ygjd6y-the-gate-apartments/uploads/012_GATE_preview_b0u5od.jpg","Innovative integration of {Table Tennis Setup} within a {Room Environment}, offering a lively touch to the area.",background_random,True
fbc127695a6843f5d99aabe3fe860356,,https://i.ytimg.com/vi/pvMX8KO-uso/hqdefault.jpg,Artistic integration of {Fruit} with small {Objects} to create striking designs.,background_random,False
e8c327bc9ba4a623f55da33a774a829a,,https://us.123rf.com/450wm/studiom1/studiom11605/studiom1160500004/55930558-woman-head-of-the-person-from-a-3d-grid-geometric-face-design-polygonal-covering-skin-vector-illustr.jpg?ver=6,A wireframe illustration of a {Human Figure} with {Animal Features}.,background_random,True
e5dd91375bc46252fff7d7c0656dcbc0,,https://i.pinimg.com/736x/60/14/54/601454a93de984b344f7dc831e0e80fb--raspberry-hair-raspberry-sorbet.jpg,Step-by-step guide on how to wrap a {Headwear} into an attractive {Style} using a {Fabric}.,background_random,True
fcf8459a4e11d1bce3154eead3e91782,,https://foster.today/wp-content/uploads/2018/05/DP_Heart_broken.jpg,"Visuals portraying {Object} split into two parts, symbolizing {Concept} or {Feeling}.",background_random,False
f17ed71c039f407c8b97d9657c307a01,,https://us.123rf.com/450wm/ra2studio/ra2studio1409/ra2studio140902549/31951115-attractive-young-man-thinking-with-arrows-overhead.jpg?ver=6,"Visual representation of {Person} with multiple {Directions} illustrating various {Ideas}, {Feelings}, or {Thoughts}.",background_random,True
f2cede7789e53a07efb2da5c5bada1bd,,https://images.bluethumb.com.au/uploads/listing/300733/sarah-mitchell-tropical-steam-train-1-10-bluethumb-39c2.jpg?w=800&fm=png&s=e0eb44f2b941e47d1a17976e0f8779bb,Creative illustrations combining {Historical Vehicles} with imaginative {Animal Features} for whimsical designs.,background_random,False
efb7a46ea998c0e3fd3fcaa148b4e5ab,,https://www.dzstatue.com/data/watermark/20210331/606420dc86e5b.jpg,Unique sculptures combining {Figures} into imaginative {Artworks} with distinct {Themes} and {Styles}.,background_random,True
edceaecbf35534a3d1b9aca4559454fb,,https://www.artfixdaily.com/images/cache/Apr13_Ressia-Double-Bubble282x440_n.jpg,"""Creative portraits blending historical art styles with modern {Activity}.""",background_random,False
e2d0b28a135e82711f6d4cd05e85d88a,,https://lab.fi/sites/default/files/styles/manual_liftup_l/public/2019-10/LAB-brand-nature-009.jpg?h=c64ac3f2&itok=CIdyiCcZ,"A reflective {Surface} is placed in nature, capturing the {Scene} and creating an illusion of merging {Scene} with {Scene}.",background_random,False
e446cf975808ac52d1d693c9e99c620c,,http://cdn.c.photoshelter.com/img-get/I0000aJtUNsfTxgE/s/900/900/WC-DZ-130606-103.jpg,Unique head designs made by creatively transforming {Shaving Pattern} into {Object}.,background_random,True
f057b00573cf22dbbb28ef8966eec3e2,,"https://images-wixmp-ed30a86b8c4ca887773594c2.wixmp.com/f/8954b57f-0686-452f-bc87-14a39451656e/d5k7v8g-2af91391-6b40-4fb9-a391-6dad9ce1e1e4.png/v1/fill/w_1031,h_775,q_75,strp/minecraft_cathedral_by_lady_radia-d5k7v8g.png?token=eyJ0eXAiOiJKV1QiLCJhbGciOiJIUzI1NiJ9.eyJpc3MiOiJ1cm46YXBwOjdlMGQxODg5ODIyNjQzNzNhNWYwZDQxNWVhMGQyNmUwIiwic3ViIjoidXJuOmFwcDo3ZTBkMTg4OTgyMjY0MzczYTVmMGQ0MTVlYTBkMjZlMCIsImF1ZCI6WyJ1cm46c2VydmljZTppbWFnZS5vcGVyYXRpb25zIl0sIm9iaiI6W1t7InBhdGgiOiIvZi84OTU0YjU3Zi0wNjg2LTQ1MmYtYmM4Ny0xNGEzOTQ1MTY1NmUvZDVrN3Y4Zy0yYWY5MTM5MS02YjQwLTRmYjktYTM5MS02ZGFkOWNlMWUxZTQucG5nIiwid2lkdGgiOiI8PTEwMzEiLCJoZWlnaHQiOiI8PTc3NSJ9XV19.AbIC8ITxuKhXMhoy5Zd8SOAw8Bw-BSiWTHshNzDtse4","A detailed look at {Structure} crafted in {Game}, featuring intricate designs with {Material} and {Theme}.",background_random,True
fff27ca38fa0f38bf5c7a9047bf7d682,,"https://image.spreadshirtmedia.com/image-server/v1/compositions/105833300/views/1,width=300,height=300,version=1486023604/galaxy-cat-long-sleeve-shirts-crewneck-sweatshirt.jpg",Creative fusion of {Animal} silhouettes with an imaginative {Astronomy}-inspired design.,background_random,True
f7230d843deccafef408cfea17d06a39,,https://www.telegraph.co.uk/multimedia/archive/01640/tank_1640626i.jpg,Visual representation of the human skeleton constructed from individual {Bone} pieces against a {Background} setting.,background_random,False
f7cccb7ab7fae53c9adb4849d2d576ca,,https://media-cdn.tripadvisor.com/media/photo-s/05/b7/63/7a/amaris-hotel.jpg,A cleverly designed {Device} that uses {Object} to perform a task in an unexpected and artistic way.,background_random,True
f7f2191179e226b24aa8a20d9297f0f5,,https://cdn.shopify.com/s/files/1/2297/0353/products/United-States-Map-Sticker_600x.jpg?v=1553216844,"An artistic depiction of {Region}'s iconic symbols and landmarks arranged within the map outline, highlighted by diverse {Color} and {Details}.",background_random,True
f90389b19192af789da6e953aa37a149,,https://bitrebels.com/wp-content/uploads/2011/09/Pencil-Pictures-Created-With-Pencils-2.jpg,"""Creative use of {Object} to form an artistic depiction of a {Person} with unique details like {Action}, {Pose}, and {Emotion}.""",background_random,True
efee827bde2171b2afe39d7b321aa90f,,"https://ctl.s6img.com/society6/img/hUHGjrjqWWjnCQRlfKtQdZ4q9Dw/h_264,w_264/framed-prints/10x12/conservation-walnut/~artwork/s6-0001/asset_10/54785_ugyu7tV5N6/~~/rabbit-oq-framed-prints.jpg?wait=0&amp;attempt=0","""Creative fusion of {Animal} heads into human bodies, forming unique and surreal portraits.""",background_random,True
fead385091a3012a73c8f6c8196a939c,,https://i.pinimg.com/736x/72/21/01/722101e299f289c3f3a8e3d3dfb4df00.jpg,Creative representation of {Flower} merging with a {Surface} to form a beautiful design on a {Background}.,background_random,True
dfb76c4f3b8594c6529ebc71a96c08e2,,https://render.fineartamerica.com/images/rendered/search/framed-print/images-medium-5/1-tablespoon-ground-pepper-steve-gadomski.jpg,An action shot highlighting {Action} where {Object} is tossed mid-air against a solid backdrop.,background_random,False
ea3c3954f03f7d0dc6a149e096824453,,https://images.fineartamerica.com/images-medium-large-5/2-love-hearts-map-of-the-world-map-michael-tompsett.jpg,"A world map composed of {Shapes}, highlighting an artistic arrangement with {Arrangement} and {Design}.",background_random,True
ea453a77bdcb94222d15fd0c75d48d5c,,https://fr.semtech.com/uploads/promo/careers-locations.jpg,People pointing at {Object} on the world map with their {Finger}.,background_random,False
e0275da9ec76c78d1c9a1a08b511d929,,https://i.pinimg.com/736x/23/11/be/2311be14ac04f3226f6d68ca7bcab447.jpg,Mother {Animal} with her {Offspring} in a peaceful or nurturing moment outdoors.,background_random,True
f2d407b6d8ebb0be452bd8cca94bee9c,,https://us.123rf.com/450wm/marigo/marigo2002/marigo200200068/140718398-collection-of-colorful-bright-fashionable-gloves-on-a-white-background-accessory-for-hands-.jpg?ver=6,An assortment of {Objects} arranged in a circular pattern around a shared central point.,background_random,True
f76046709c9a5830a15b46df00e4129f,,https://i.pinimg.com/736x/6f/7b/4b/6f7b4bdd995c42f7690cd072e355c15d.jpg,Animals sporting handmade {Clothing} with unique {Designs} and {Colors}.,background_random,True
e7dddabd9ec919968c9509baf8c85625,,"https://image.spreadshirtmedia.net/image-server/v1/compositions/112421706/views/1,width=300,height=300,appearanceId=4,backgroundColor=E8E8E8,version=1478003241/bmx-evolution-tee-shirts-t-shirt-homme.jpg",A depiction of {Species}'s evolution leading up to {Modern Behavior} across multiple stages.,background_random,True
f9c56bddaefb582315faf51ce632638f,,https://i.pinimg.com/736x/c1/b7/53/c1b753d3388ad3ae0702d292e194bf53.jpg,"Crafted from {Material}, this design combines pixelated {Object} into a three-dimensional representation.",background_random,True
f12d2c09aae1378c2fad29040875a879,,https://www.talkspace.com/blog/wp-content/uploads/2020/10/existential-therapy-what-is-definition-get-started-guide1200.jpg,"A {Person} standing at the entrance of a {Labyrinth}, ready to navigate through its intricate paths.",background_random,False
ed94d63609aad3aa9edd66b389a6eb20,,"https://static.wixstatic.com/media/783e6f_cb2920ea6c384ca397dd2fccc5e148fb~mv2_d_2205_2986_s_2.jpg/v1/fill/w_1000,h_1354,al_c,q_90,usm_0.66_1.00_0.01/783e6f_cb2920ea6c384ca397dd2fccc5e148fb~mv2_d_2205_2986_s_2.jpg",Unique interactions between {Animal} and {Insect} captured in artistic compositions.,background_random,True
e78219c9cccc2ef4266c56a4fd31112a,,https://mymodernmet.com/wp/wp-content/uploads/2020/09/leaf-art-lito-leafart-1.jpg,Creative use of {Material} to craft representations of {Object}.,background_random,True
ea59b329dabb192316d13770f5d3adb3,,https://farm7.static.flickr.com/6064/6078390784_9b0c48c0ef_z.jpg,Happy {Child} playing on a {Bed} in a {Room}.,background_random,True
eb0fe6e0f10f4fdfa8aa0a4e2542ac12,,https://s-i.huffpost.com/gen/1813002/images/o-DRAGON-HEDGE-facebook.jpg,"Artistic hedge designs shaped into representations of {Objects}, {Animals}, or {Characters} with organic forms.",background_random,True
f39baa5961ba30fc1943d0cd737c73e3,,https://us.123rf.com/450wm/magicleaf/magicleaf1810/magicleaf181003977/110280680-vector-design-of-burger-and-sandwich-logo-set-of-burger-and-slice-vector-icon-for-stock-.jpg?ver=6,"""Breakdown of a {Food Item} featuring individual components: {Ingredient 1}, {Ingredient 2}, {Ingredient 3}, assembled into a complete {Dish}""",background_random,True
f3477ded01f4c3c77447d2786c9658e9,,https://s3.amazonaws.com/assets.cce.cornell.edu/slides/8369/image/sized/bugwood5382310-ppt.jpg?1413955310,Using {Coin} as a size reference for {Object}.,background_random,True
f034eeb00481d4f2764001ca46f1d2b4,,https://drscdn.500px.org/photo/38249508/m=2048/f209907992f2a02b5547880d53ad5338,"High-contrast black-and-white photography capturing {Subject} within a {Background Environment}, emphasizing contrast and texture in {Scene}.",background_random,False
e825a17681ece63a301e463b567a6ddf,,https://cdn11.bigcommerce.com/s-tsdg69/images/stencil/1024x1024/products/1100/7503/MASK_GROUP__43051.1597380424.jpg?c=2,"""Grid of images showcasing {Person} with various {Colors} in {Objects}.""",background_random,True
e4630954e79906a4de9056caa109fe6a,,http://amazingplanetnews.com/wp-content/uploads/2015/12/760733-Two-rocks-and-theie-trails-on-the-Racetrack-Playa-in-Death-Valley-National-Park-California-Stock-Photo-1024x800.jpg,Tracks in {Sand} left by {Object} as it moved over time.,background_random,False
eec152d5ecfcfd10ec4cc1a89521ffc3,,https://cdn.shopify.com/s/files/1/0177/3398/products/IMG_5420_530x@2x.jpg?v=1575494389,Innovative {Gadget} designs with unique {Attachment} details crafted from wood.,background_random,False
e6aee79aa4087231f9b1af9659c6d2ef,,http://assets.natgeotv.com/POD/3061.jpg,"Pictures of {Animals} engaging in playful or combative behavior, showcasing natural interactions between individuals from their species.",background_random,False
e04e7ed162a6c0c2c31275f83cb539ae,,https://laughingsquid.com/wp-content/uploads/2014/03/Cheetah-Peers-Inside-640x427.jpg,Unique encounters with wild {Animal} interacting with {Vehicle} in the open landscapes of nature.,background_random,True
f85ee18a833d187bc2a2c7b66684b13c,,https://media01.stockfood.com/wmpreviews/MTQ3MTMzMTQy/11317934.jpg,Skillful juggling of {Object} with a focus on coordination and balance in a scenic setting.,background_random,True
e5f75a1571bc6e212fd558ccae1fe211,,http://www.technocrazed.com/wp-content/uploads/2015/11/901-Star-Wars-Stormtroopers-l-640x1136.jpg,"Creative use of {Objects} to resemble {Humans} engaging in everyday activities like {Washing Hair}, {Drying Clothing}, and {Ironing Clothes}.",background_random,True
f872d497781fec2fc740f4e9f049934b,,https://socialdesignmagazine.com/mag/wp-content/uploads/2011/06/users_jessy_Equilibrium__Alejandro_Gomez_Stubbs_Equilibrium-Modern-Bookcase-by-Alejandro-Gomez-Stubbs-Modern-Furniture.jpg,"A visually engaging display of stacked {Objects} with a focus on their {Shapes}, {Colors}, and {Arrangements}.",background_random,True
e4de360e88b384326d136489ba3e95a9,,https://cdnpt01.viewbug.com/media/mediafiles/2021/01/18/92464738_380x380.jpg,"""Wild {Animal} positioned on a vintage {Teacup}, blending natural and elegant elements.""",background_random,True
efc60e197da9422248097fb38e190861,,https://memegenerator.net/img/instances/34025481/waiting-for-karma-remake.jpg,Illustrations of {Subject} embodying the saying 'waiting for {Imagery/Experience}' in various creative settings.,background_random,False
faaccb8b9925d883c374502f702656f8,,https://aliennews.co.uk/wp-content/uploads/2017/06/Satellite-Images-Revealed-the-Secret-Meaning-of-These-Ancient-Desert-Spirals-627x376.jpeg,"Mysterious {Figures} carved into the earth, revealing patterns and shapes in {Terrain}.",background_random,False
e6999900f1108d1176a816c92b474655,,http://lh3.googleusercontent.com/GA55o8HBW0tZxBR3UHj7j0kXn1buVzRYPDn4pyotZxB2XxhzctT34jvd10gCXDeH5_iQKKGQXhDGFBicFPXWfMY=s900,"Waves twisted into a {Tunnel} or {Toroid}, framing a {Person} and their {Activity}.",background_random,True
f0c3ed1a89724d252d57c11ec3f6c16a,,http://img.scoop.it/iIy3z3sLTwIX_GvGiMP8Mjl72eJkfbmt4t8yenImKBVvK0kTmF0xjctABnaLJIm9,"""Through a {Shape} opening in a {Surface}, a glimpse of {Background} is captured.""",background_random,True
e350c01ed239577b7b13629fe7953df4,,https://prettyfood.com/wp-content/uploads/2015/07/catman.jpg,A person wearing a {Animal}-themed outfit paired with a matching {Animal} costume on their head.,background_random,True
ef958172d693489727ea59ad947aea84,,https://connieselleccablog.files.wordpress.com/2016/06/peanut-butter-and-grapes-wp.jpg?w=529,Creative presentation of {Food Item 1} and {Food Item 2} to resemble a {Shape}.,background_random,True
f0a1f9f6dcf857ef3368e6403070d298,,http://i1.wp.com/upload.wikimedia.org/wikipedia/commons/thumb/5/52/Fly-past_Bastille_Day_2013_Paris_t104027.jpg/1200px-Fly-past_Bastille_Day_2013_Paris_t104027.jpg?zoom=2&strip=all,Formation flying by a group of aircrafts leaving trails of {Color} behind against a {Sky Color} backdrop.,background_random,False
eb55d0d2a44b441883fa7b9724736c57,,https://eopugetsound.org/sites/default/files/styles/square_medium_large/public/topical_article/images/seattle_fog_rocks_heartbeat_1.jpg?itok=efiqbA6g,The {Visual Representation} of a {Subject} integrated with a心电图 waveform.,background_random,True
e21682b3bd6468eff67c1bf75ee37a39,,http://photos.travellerspoint.com/87699/large_IMG_2500.jpg,A {Subject} positioned in front of a giant {Animal} on a natural setting.,background_random,False
f74f9aae5e54254a965ce44529b74148,,http://static-12.sinclairstoryline.com/resources/media/15c6e52c-80d6-40ec-be84-c92a722eed06-IMG_057613.jpg,Creative use of {Characters} as human-like figures performing {Activities} in playful or artistic settings.,background_random,True
f1ce1051924e22d851ed972f6a23e87a,,https://jonathanbaxter.files.wordpress.com/2012/06/dsc_0214.jpg?w=744,Creative representation of {Object} merging with a {Scene/Object} in an unexpected and imaginative manner.,background_random,True
fd8279bd3699ba4f11d6d65acb41be17,,https://dspncdn.com/a1/media/692x/a3/9d/fa/a39dfac43ccd21003db7542d99413cda.jpg,"""Light painting of {Figurine} with long exposure effects forming dynamic shapes against a dark background.""",background_random,True
e93eb6b9e781b3e723655ba9b6e5f2a9,,"http://ih3.redbubble.net/image.32159802.1616/pp,550x550.u1.png",Creative representation of {Animal} and {Plant} blending into a unique {Figure}.,background_random,False
fa8fdf6ccbbd19e7e482d136a12103c8,,https://cdn-images.threadless.com/threadless-media/artist_shops/shops/threadless/products/1483433/shirt-1591389645-088fd0d28d6634e14890486c792897e0.png?v=3&d=eyJvbmx5X21ldGEiOiBmYWxzZSwgImZvcmNlIjogZmFsc2UsICJvcHMiOiBbWyJ0cmltIiwgW2ZhbHNlLCBmYWxzZV0sIHt9XSwgWyJyZXNpemUiLCBbXSwgeyJ3aWR0aCI6IDk5Ni4wLCAiYWxsb3dfdXAiOiBmYWxzZSwgImhlaWdodCI6IDk5Ni4wfV0sIFsiY2FudmFzX2NlbnRlcmVkIiwgWzEyMDAsIDEyMDBdLCB7ImJhY2tncm91bmQiOiAiMTcxYzMyIn1dLCBbInJlc2l6ZSIsIFs4MDBdLCB7fV0sIFsiY2FudmFzX2NlbnRlcmVkIiwgWzgwMCwgODAwLCAiI2ZmZmZmZiJdLCB7fV0sIFsiZW5jb2RlIiwgWyJqcGciLCA4NV0sIHt9XV19,Pixelated portrayal of different {Objects} with pixel art style and {Color} details on a {Background}.,background_random,False
fcdbc55e73cb1005eebe28e210eeb040,,"https://i3.cpcache.com/product/1132340839/Double-Bass-On-Bicycle-01-a_Mousepad_300x300.jpg?height=300&amp;width=300&amp;qv=90&amp;side=front&amp;Filters=[%7B&quot;name&quot;:&quot;background&quot;,&quot;value&quot;:&quot;ddddde&quot;,&quot;sequence&quot;:2%7D]",Creative silhouettes showcasing {Person} carrying a {Load} on their back while moving forward.,background_random,False
e479e25a91f4c859c994bfe6d8ec899b,,https://www.rasta-products.com/wp-content/uploads/sites/rasta-products.com/files/sites_rasta-products.com_files_bonnet-vert-600x400.jpg,Creative fusion of {Object} and {Fruit} to craft unique and imaginative {Wearables}.,background_random,False
ef3f5a5846dbc181a36fc737790d42a2,,https://us.123rf.com/450wm/maximma/maximma1203/maximma120300006/12822542-businessman-with-mobile-phone.jpg,A figure using oversized {Object} in an exaggeratedly small {Environment}.,background_random,True
f9afe9e9c09ab5abb163f164087bfc73,,https://cdn-img-3.wanelo.com/p/78d/bb8/52d/0a175b962327fcc0658c8cd/x354-q80.jpg,Unique and artistic designs made by combining {Plant} with {Object}.,background_random,False
e357f673e0630133783e89bc67708af6,,https://s.hdnux.com/photos/14/14/15/3195774/3/920x920.jpg,Participants use unique {Design} boats crafted from imaginative {Materials} to take part in a floating competition.,background_random,True
e751c05eb4b530c8838e2e519395746c,,http://www.maison4-deco.fr/wp-content/uploads/Walden-Raft-by-Elise-Morin-and-Florent-Albinet_dezeen_468_4-1.jpg,"A visually striking {Structure} balanced on water, showcasing a reflection of the surroundings.",background_random,False
fe6570fede64154ba538277986e19ce0,,https://us.123rf.com/450wm/kekoka/kekoka1503/kekoka150300013/38374028-people-who-work--businesswoman.jpg?ver=6,Detailed representations of {People} executing different {Actions} in a variety of {Settings}.,background_random,True
df43c65d373829f450e83ea867266894,,https://us.123rf.com/450wm/Violin/Violin0809/Violin080900023/3521845-hand-drawing-happy-family-isolated-on-white-background.jpg,A drawing of {Object} coming to life with the addition of real-world elements.,background_random,True
e2a164b029de6d14cf1cac8be9ede234,,https://us.123rf.com/450wm/kakigori/kakigori1207/kakigori120700008/14380753-collection-of-nine-funny-and-cute-happy-animal-faces-smiling.jpg?ver=6,"""Illustrations of various {Animals} with unique features and expressive faces in a playful style.""",background_random,True
ef30b2ff640184b98f859aa0be271a58,,https://s.yimg.com/ny/api/res/1.2/R92JMe9fZnFT1zQJCBIGsQ--/YXBwaWQ9aGlnaGxhbmRlcjt3PTk2MDtoPTY0MC4wNzIxNTMzMjU4MTcz/https://s.yimg.com/uu/api/res/1.2/IUuTfSjozSStxV9.Lu17lg--~B/aD0yOTU3O3c9NDQzNTthcHBpZD15dGFjaHlvbg--/https://media.zenfs.com/en/ap.org/bb9b91f13be8b8f93260319a7e5d0e54,Visuals showcasing {Person} carrying {Flower} in {Setting}.,background_random,False
e9f9b058092207065e9883cab65c2370,,https://render.fineartamerica.com/images/rendered/medium/greeting-card/images-medium-5/11-skeletal-system-of-runner-sebastian-kaulitzki.jpg,Visual representation of the {Human Body} with the {Skeleton} visible in various positions and motions.,background_random,False
fe1cdab12e027b991b7bd6979644dfbc,,https://www.thermaxxjackets.com/wp-content/uploads/2019/11/Aerogel_matches-e1574319958751.jpg,Visuals of {Fire} being generated from {Material} through {Source} in various settings.,background_random,True
ed7c84dd673272e834b25dea95dc67e8,,http://4.bp.blogspot.com/-8ezwO-6iGSU/UZ-mBBa_ivI/AAAAAAAACmk/iwyLVf0g1hU/s1600/Richard+Borge-+Golden+Parachutes.jpg,"Creative illustrations showcasing {Object} transformed into a functional {Parachute}, used for reaching or floating in the air.",background_random,False
f06a1c341ac1c9f443aea46a42e8f0c6,,https://www.thesun.co.uk/wp-content/uploads/2017/08/nintchdbpict000347044596.jpg?strip=all&amp;w=960,"""Challenging physical feats performed by individuals using {Surface} to showcase impressive {Position} and {Balance}.""",background_random,True
eeac8a2244faceedd3a4f96bc156a8e4,,https://us.123rf.com/450wm/martinak/martinak1404/martinak140400118/27106643-white-and-wild-rice-shaped-as-yin-yang-symbol-with-chopsticks-on-dark-wooden-background-asian-cultur.jpg?ver=6,A visual representation of the {Yang} and {Yin} balance using {Objects} in a balanced composition.,background_random,True
e770456ad055030fdc8dd37b5f2c53e0,,https://thumbs.dreamstime.com/b/3d-abstract-spheres-28107045.jpg,An assortment of {Objects} showcasing unique designs and patterns on a solid background.,background_random,True
e48eafc742cf60fa7864f218aaa201ae,,https://www.desktopbackground.org/t/2010/06/30/41170_moons-tumblr-backgrounds-pics-about-space_2880x1800_h.jpg,"The phases of the {Celestial Body} as it orbits around the {Sun/Moon}, demonstrating changes in appearance and lighting.",background_random,False
f437b45f3f6085b94baff1dc88b47a51,,http://st.depositphotos.com/1000423/1456/i/450/dep_14563177-Human-eye-on-grey-background.jpg,A visually striking black-and-white image featuring a {Color} accent in the form of an eye or flower.,background_random,True
dfd11e7fcb8afde38c010512d3dced2b,,https://trendhair2019.com/wp-content/uploads/2020/12/50-incredibly-easy-hairstyles-for-school-to-save-you-time-easy-hairstyles-for-short-thick-hair-to-do-at-home-inspirations.jpg,"""Step-by-step instructions for creating a stylish {Hairstyle} using {Hair Styling Techniques}.""",background_random,False
ff9d41a49d4d1ddd01c038cdfa96661c,,https://images.squarespace-cdn.com/content/5706a8961d07c09d2c599c7b/1552408848980-49XVVV512OR6D2YMHH3W/Scarlet+Skunk+Surgeon+by+DMBednarski.jpg?content-type=image%2Fjpeg,"Creative illustrations of {Animal} characters dressed in {Human Clothing}, showcasing unique styles and accessories.",background_random,True
e5673cba192dc07a31d8e3887ff12fb5,,https://saynototopicalsteroids.com/wp-content/uploads/2020/12/getty_493704775_101671.jpg,Visual representation of {People} creatively using {Objects} to scale up or overcome obstacles in their journey.,background_random,False
fc9d5131ee2e472862dd8675ea061b70,,https://www.frommers.com/system/media_items/attachments/000/864/267/s980/Reindeer.jpg?1561641056,A peaceful outdoor setting with {People} practicing yoga near a curious {Animal}.,background_random,False
df5ddd6e3c1fa6bd8a9b28d01fa002a8,,https://i.ytimg.com/vi/LYgsVpqhuWU/hqdefault.jpg?sqp=-oaymwEXCPYBEIoBSFryq4qpAwkIARUAAIhCGAE=&amp;rs=AOn4CLBT57O0vVyLwoTIdOGf4LTLuoA_Yw,Step-by-step process of crafting a {Drawing} by adding details to a {Reference Image} on a piece of paper.,background_random,True
ea9392b371d3dee0d48d92bdcac84abd,,https://www.ukpets.com/blog/wp-content/uploads/2019/01/dog-hunting.jpg,Dynamic shots of {Dog Breed} executing impressive tricks with {Object} during outdoor activities.,background_random,False
e710eb7f719dfdce8c721e39e1344b95,,https://img.freepik.com/free-vector/fitness-vegetables-cartoon-characters_204595-327.jpg?size=626&ext=jpg,"Creative illustrations of {Vegetables} engaging in various {Activities}, showcasing unique interactions with objects like {Exercise Equipment} and {Sports}.",background_random,True
e481d50f8d8ebb76ce7e5a47182dc2cf,,https://i0.wp.com/iocchelli.com/photo/wp-content/uploads/2013/04/IOCC3694-Version-2.jpg?resize=1024%2C678,The {Shadow} of {Person/Object} on the {Surface} creates an interesting contrast with their surroundings.,background_random,False
e950be0147f9354ad3890727c39780cf,,https://www.washingtonian.com/wp-content/uploads/2012/03/standard_Evan-Edgar-Halloween-1.jpg,A duo of {Characters} dressed as iconic {Heroes} for a themed look.,background_random,False
f861229071c77edcb2cdad5217d3052c,,https://h2orevival.files.wordpress.com/2013/06/water-drop-amazing-beautiful-blue-favim-com-683970.jpg?w=1000,A splash of {Liquid} forming a {Shape} upon impact.,background_random,True
ffca90159276b54e35117722201ab92c,,https://elfenidee.com/wp-content/uploads//2017/01/5095-01-600x600.jpg,Embroidered depiction of a {Animal} transformed into a {Unicorn} with a magical {Hair/Spikes} and enchanting {Coloring}.,background_random,True
ed3c7c91c841e2768bf9c713593b940a,,https://i.pinimg.com/736x/76/68/aa/7668aac0a752cf8e4a7876984d592d91--tropical-christmas-trees-coastal-christmas.jpg,Creative fusion of {Tree} and unexpected {Seasonal Decorations} for a one-of-a-kind visual effect.,background_random,True
ebe31327c418903a996d519d51f1b2f8,,https://render.fineartamerica.com/images/rendered/default/wood-print/10.000/6.875/break/images/artworkimages/medium/1/laundry-day-aaron-geraud.jpg,A contrast is created by coloring one {Object} in {Color} while keeping the rest in black and white.,background_random,False
ee7f5a3836e221d28c962845e6143e61,,https://us.123rf.com/450wm/namiros/namiros1608/namiros160800136/61134739-tangerines-in-a-heart-on-white-background.jpg?ver=6,Creative use of {Fruit} slices to form a {Shape}.,background_random,True
fa6f145185975930c8182e76fd453b6f,,https://static3.elcorreo.com/www/multimedia/201906/13/media/cortadas/LiuBolin1_Colosseo%20No.2-Rlimg9XMcwShDKSiuvVNHaP-624x385@RC.jpg,"The {Person} appears to be in harmony with the {Landmark}, creating an intriguing fusion of {Culture} and {Architecture}.",background_random,True
f3127646c313f3eb646fee4713696ae4,,http://2.bp.blogspot.com/_ITWI9nTWaek/SF5O6MK50yI/AAAAAAAADBE/J2qVi8szdho/s400/ehud.jpg,Creative use of {Animal} to showcase {Animal Equipment} resulting in amusing or imaginative visual effects.,background_random,True
f55324c8362e6665983caaebd16bd726,,https://www.awesomeinventions.com/wp-content/uploads/2020/02/Dachshund-Named-Stanley-and-Seal-Puppy-Named-Aayla-Posing-for-the-Camera.jpg,Photos capturing {Dog} alongside various {Animals} in unexpected or charming settings.,background_random,True
e1644c0337b88924fc56eef4638c1f91,,https://pix.avax.news/avaxnews/be/1a/00011abe_medium.jpeg,Artistic depictions of {Animal} creatively fused with everyday {Objects} into one-of-a-kind designs.,background_random,True
f86144d57e3e5de50bc16effc129c01e,,https://us.123rf.com/450wm/ifong/ifong0905/ifong090500012/4836634-golfer-putting-view-from-inside-the-hole.jpg,"A unique perspective from inside the {Object}, highlighting the {Action} being performed by a {Person}.",background_random,True
fbea11b3a6a6d6544affab3211ff1fc1,,https://us.123rf.com/450wm/ipanki/ipanki1602/ipanki160200205/51458515-zentangle-stylized-tiger-face-hand-drawn-doodle-vector-illustration-isolated-on-white-background-ske.jpg?ver=6,An intricately designed {Animal} artwork with elaborate {Patterns} and detailed {Features}.,background_random,True
e2b504fe9afe6913636c8d321352284d,,http://e-politics.cz/wp-content/uploads/2014/09/estonia_flag.jpg,A map of {Country} showcasing the design of its {National Flag}.,background_random,False
eece8622e0085de06ebbe341da40e00f,,https://media.superjeweler.com/Images/Products/330X330/pic3023-4,"Visual representation showing the size of a {Object} in relation to a {Reference Object}, illustrating scale.",background_random,True
f32be171fb7c6ee8fc82cd1bce7bf486,,https://cdn.shopify.com/s/files/1/2165/6443/products/TdN-Archive_Swedish-Army-Jacket-_Dragon_-by-Tycho-Veldhoen-09_1000x.jpg?v=1512120286,Front-facing {Shirt} adorned with a detailed {Design/Motif} on the back.,background_random,True
f9931b0ef13357e9d3e775e25a71ceac,,https://farm8.staticflickr.com/7127/7522317480_69a01bcb02.jpg,A group of {Animals} enjoying themselves in a {Water Source} on a warm day.,background_random,True
e85053f9829de0cc7229f7f16ef76a05,,https://design-milk.com/images/2013/11/Marquis-Outdoor-Rug-Vondom-estudi-H-ac-2-600x450.jpg,An imaginative use of {Pattern} to create a striking visual contrast between {Background} and {Object}.,background_random,True
eb18e6a77e7f16c5d5b129600ba66edf,,https://content.api.news/v3/images/bin/5e9d4fd04ca283289656a28b109b676d,"High-magnification views of {Organism} captured using SEM, highlighting intricate details and textures in vivid {Color}.",background_random,True
e20acba1824ea721f7aa0127d3ed5017,,https://i.pinimg.com/736x/21/ba/c0/21bac0f6ba746bd28c491969bcb997e7.jpg,"Artwork illustrating {Tree} as a habitat for {Animals} or {People}, with imaginative details like {Houses}, {Vegetation}, and {Nature Elements}.",background_random,True
fb9ee808d316062379a29edbb4541c5f,,https://static.turbosquid.com/Preview/001273/722/JI/_D.jpg,"Detailed anatomical illustration highlighting the {Muscular System} and its connection with {Bones}, {Nerves}, and {Blood Vessels} in the {Body Part}.",background_random,True
eab9718442e49f681ea9d88e53ffa8b8,,"https://static.wixstatic.com/media/678ff3_74c63a06779c42ef81d02a37caa06937.jpg/v1/fill/w_511,h_511,al_c,q_80,usm_0.66_1.00_0.01/678ff3_74c63a06779c42ef81d02a37caa06937.jpg","A steampunk-inspired design of a {Animal} featuring intricate details like gears, cogs, and other mechanical elements.",background_random,True
f730431cc923d28164ab38278e00bf38,,https://us.123rf.com/450wm/stalkerstudent/stalkerstudent1511/stalkerstudent151101655/48091745-hospital-bed-vector-flat-illustration-eps-10.jpg?ver=6,Graphic representations of {Object} with different {Colors} to signify various {Concepts} or {Themes}.,background_random,True
fd9fec38f6470f769a225c309e34dc0c,,https://mayhemandmuse.com/wp-content/uploads/2012/06/biting-pear-grinning-fruit-laughing-vegetable-smile-teeth-human-art-illustration-humore-funny.jpg,Imaginative scenes featuring anthropomorphic {Fruits} interacting with ordinary {Animals} in whimsical settings.,background_random,False
f1e556cd725fb4ecf7b4ce1ae15a38d2,,https://cdn.trendhunterstatic.com/thumbs/food-portrait.jpeg,Creative art showcasing {Fruits} assembled into the likeness of {Faces} or {Figures}.,background_random,False
fc81f15abe1282381aff567fa20aafff,,"https://www.rd.com/wp-content/uploads/2018/08/11-Things-Mice-Dont-Want-You-to-Know-4.jpg?resize=700,466",A group of {Animals} positioned around a number of {Traps} in their natural surroundings.,background_random,False
ea184053f2b9fb4e2cf2f617e5d1c25f,,https://www.great-pictures-of-cats.com/image-files/cats-funny-pictures-3.jpg,"Animals discovered in unexpected {Locations}, showcasing curiosity and playfulness.",background_random,True
f5c76506cac9d99f0e7742df84450a58,,https://i.pinimg.com/736x/62/ae/fc/62aefcb5f30ef9cb028683c0030cac1e.jpg,Creative drawings showcasing human traits anthropomorphized into {Animal} behaviors in humorous interactions with {Object}.,background_random,True
e34ea41940cc2d038c7218ac39aa747b,,https://images.squarespace-cdn.com/content/v1/5b0b0e6a5cfd79f7d3144621/1531359926805-YNZKIMJ8WPVHSA8T84I5/ke17ZwdGBToddI8pDm48kFkctlU8b1qGwHxzrhh80Mx7gQa3H78H3Y0txjaiv_0fDoOvxcdMmMKkDsyUqMSsMWxHk725yiiHCCLfrh8O1z5QPOohDIaIeljMHgDF5CVlOqpeNLcJ80NK65_fV7S1UXUAfVuZDTfxnrocLz1bizZDtzOZla4t7z1ZcpvesDE-tEFb-HhWljtJ-vfKDf_eiw/Green-Tomato-001.jpg,Creative fusion of {Human Figure} with unique {Object} to form imaginative and artistic visuals.,background_random,True
f2544e2805010f99c4095f74cbe9c319,,https://p1.liveauctioneers.com/505/132396/67256357_2_x.jpg?version=1543692306&amp;width=54&amp;format=pjpg&amp;auto=webp&amp;quality=25,Creative depictions of {Animals} engaging in human-like activities with objects from {Scene} to craft imaginative scenes.,background_random,True
ecb5ff3c664ee1c5c5a9b7457004172d,,https://cdn.shopify.com/s/files/1/0050/4682/9149/products/Cat-Shape-Rice-Cutter-Onigiri-Maker-Mold-Rice-Mould-Sushi-Egg-Chocolate-Molds-DIY-Kitchen-Tool_037db6a3-4f14-4e98-9dda-dd5564c76a4d_620x.jpg?v=1552124942,Artistic shapes of {Food Items} molded into creative {Animals}.,background_random,True
f830ec8072bfc1f64b8331d1d7f68803,,http://st2.depositphotos.com/1221766/9875/v/450/depositphotos_98750190-Hand-holding-a-balloon-with-hearts.jpg,"An illustration showing {Object} interacting with {Balloon}, leading to {Action} or {Result}.",background_random,True
f7d9199c27045ae10b49cedb65617f3f,,https://mymodernmet.com/wp/wp-content/uploads/2018/12/squirrel-photos-geert-weggen-21.jpg,"""Animals interacting with {Fruit} in a natural setting, showcasing their unique relationship with {Plant}.""",background_random,True
f7bc6d130a36c20f82d6190be0826809,,http://cdn.lightgalleries.net/4bd5ec1320278/images/20121018_Bed_YWH_2713-1.jpg,"Groups of {Animals} standing near reflective surfaces, showcasing their reflections in the water.",background_random,False
ed53b59f89e31e9c32c874c9d5a9c714,,https://img0.etsystatic.com/102/0/5900325/il_340x270.863163762_ify0.jpg,Unique sculptures made by combining everyday {Objects} into imaginative {Characters} or {Animals}.,background_random,True
f031e302107087880f5c64cee7fb37ca,,https://us.123rf.com/450wm/ja_rek/ja_rek1011/ja_rek101100025/8188807-assortment-of-happy-vegetable-smileys-isolated-on-white-background.jpg?ver=6,Creative illustrations featuring {Fruits} or {Vegetables} with human-like faces and expressive emotions.,background_random,True
f5ff6e7b61de41e75ee1ffbcc1803fa6,,https://i.insider.com/52b34133ecad041c6b1b7658?width=1200,Creative use of {Shadow} to mimic the {Action} performed by {Person}.,background_random,True
e6545ad596b5dc2b9ec8d35e3712909e,,https://imgpro.shopstar.co.za/lUwgKZ-1O4qwxTo-GIlOj7BtnfEoCzMwU4zz_Az0d68/rs:fill:540:540:1/plain/https://d2ftveoo10umxj.cloudfront.net/uploads/product_image/product_image/display_cd443099-c04e-45c0-8797-64f019b9f8f4.jpg,The interaction between {Person} and an oversized {Object} creates a unique perspective on scale.,background_random,False
fafba6a66cf67dfc260e01ddaf157b40,,https://img.freepik.com/free-photo/ball-floating-around-podium-pastel-pink-background-product-presentation-advertising-3d-rendering_34478-308.jpg?size=626&ext=jpg,"A visual representation of {Object} interacting with {Floating Elements}, emphasizing the concept of {Action}.",background_random,True
df6db38edb975f96046c8125ef475fa4,,https://assets3.thrillist.com/v1/image/2423442/414x310/crop;jpeg_quality=60;progressive.jpg,A visual display of {Object} designed with a mix of {Variation} and {Theme}.,background_random,True
efb0b0f0ec32a829a90eee37875c11e5,,https://us.123rf.com/450wm/deagreez/deagreez1908/deagreez190808276/129431170-full-length-body-size-view-of-his-he-nice-attractive-stylish-funky-cheerful-cheery-glad-gray-haired-.jpg?ver=6,"Pictures showcasing {Person} in a {Color} environment, emphasizing their relaxed style and natural beauty.",background_random,True
f64616d5adc6e9b262cc76bfcdd742e0,,"https://ctl.s6img.com/society6/img/oDEMAiaUXCSo8YdUHnM7RpkFNIY/h_264,w_264/canvas/~artwork/s6-original-art-uploads/society6/uploads/misc/d852cafb3ffc46e586f7b42b1935ceea/~~/topeka-whimsical-cats-in-tree-canvas.jpg?wait=0&attempt=0",A creative representation of {Tree} where {People/Animals} are joined by leaves symbolizing {Connection} or {Relationship}.,background_random,False
e540b0a1647cb0a2d1552d090fa0921a,,https://us.123rf.com/450wm/tobkatrina/tobkatrina1010/tobkatrina101000239/8059460-beautiful-fire-dance-along-the-beach-in-the-dark.jpg?ver=6,"""Illuminated {Fire} shapes swirling around a person in a dark outdoor setting.""",background_random,True
ec0753d78576da91a15bff7d7c9a7311,,https://www.saalbach.com/stories-fotos/White%20Style/image-thumb__476952__lightbox-teaser-img/WhiteStyle_2016_Matt_Jones_2nd_place_Photo_Christoph_Laue.jpeg,Skilled riders perform daring {Stunt} on their {Bike} over a {Surface}.,background_random,True
e2e84eba8ce717fe52e26d0def04417c,,https://us.123rf.com/450wm/ra2studio/ra2studio1706/ra2studio170601819/80924894-a-young-man-with-beard-and-glasses-posing-in-front-of-green-background-imagining-how-he-would-look-l.jpg?ver=6,Drawn {Muscle} highlighted on a blackboard with a {Person} wearing casual clothing.,background_random,True
f6172eb5d1583a179025289f2e4d4d5b,,https://i1.wp.com/www.botany.one/wp-content/uploads/2019/06/Coastal_Seedling.jpg?resize=900%2C460&ssl=1,"A close-up view of {Plant} growing out of {Soil}, with the background blurred for focus on the subject.",background_random,False
f8c88b7f542843c9136f1bbcf5fb35e0,,https://img.freepik.com/premium-vector/cartoon-black-little-ninja-set-with-six-new-different-poses-ready-attack-with-dart_19830-150.jpg?size=338&ext=jpg,"Step-by-step process showing {Character} performing {Action}, with progressive poses and details of {Object} changing throughout.",background_random,True
f5ad3175716acefc5b2599c2d4f213cb,,http://static.boredpanda.com/blog/wp-content/uploads/2014/09/jimmy-choo-bull-terrier-illustrations-rafael-mantesso-6.jpg,Artistic fusion of a {Dog} and imaginative {Shape} for a playful and whimsical design.,background_random,True
e3ba602b3b0222e224edf37e8a050cfb,,"http://img.playbuzz.com/image/upload/f_auto,fl_lossy,q_auto/cdn/3f909399-dfa8-4ef8-9b09-f1078b861a32/34b10f75-6bb4-4eda-850b-eeef59bebe41.jpg",Creative illustrations showcasing {Character} performing unique stunts with an {Object} in unexpected ways.,background_random,False
dfaa7fbfe0ff14ecbf82bee35df6bf5b,,https://www.adayinthekitchen.com/wp-content/uploads/2021/04/cut-a-pineapple-instruction-7.jpg,Detailed instructions on how to cut a {Fruit} into slices using a {Cutting Tool}.,background_random,True
ec4d0f558a5be19229ffb46aeba2760d,,https://ak8.picdn.net/shutterstock/videos/23986168/thumb/1.jpg?ip=x480,Artistic display of {Person} skillfully navigating a {Boat} while using a {Net} on {Water}.,background_random,True
e31c0f80b00b1973664458670baa895f,,https://img.freepik.com/free-vector/vector-set-people-eating_60352-2282.jpg?size=338&ext=jpg,People enjoying {Food} while displaying different {Expressions} and {Actions}.,background_random,True
f0ac1ab1658e2a189fc9c7db4375e644,,https://us.123rf.com/450wm/rolffimages/rolffimages1208/rolffimages120800125/14934339-door-to-mind-reveals-violin.jpg,Creative visual representations of {Object} integrating into a {Surface} to produce a striking and imaginative design.,background_random,True
fa77a0cb5ada4fa8908eadc556996cad,,https://us.123rf.com/450wm/rusak/rusak1002/rusak100200196/6496700-red-ripe-apple-with-metallic-can-isolated-on-white-background.jpg,Unusual fusion of {Object} and {Unrelated Object} generating an unexpected and amusing outcome.,background_random,True
f00e2f4a980b63a253166050fb2c1e08,,http://www.escoffieronline.com/wp-content/uploads/bfi_thumb/153509610-2xdemnf8p6ccwbuqovsz5s.jpg,Arrangement of {Vegetables} on forks for a unique presentation of {Food Arrangement}.,background_random,True
fb058c48d28089e78d8077c3b10fc4cd,,https://www.materiaincognita.com.br/wp-content/uploads/2010/07/Gatas-Madre-Teresa-de-Calcut%c3%a1-e-Amy-Winehouse.jpeg,Unique artistic fusion of {Animal} heads onto classic portraits of {Historical Figure} or {Fictional Character} carrying their unique traits and looks.,background_random,True
fe2c444baf59157966f49a2220e2cd86,,https://theawesomedaily.com/wp-content/uploads/2017/02/John-Wilhelm-fantasy-photography-9-1.jpg,"The {Person} is partially buried in snow, with only their {Hair} and {Eyes} visible against a backdrop of {Winter Scenery}.",background_random,True
f79d09eeb10e38719d8b8acc64124d46,,https://cdnpt01.viewbug.com/media/mediafiles/2016/05/31/66332169_medium.jpg,"""Jumpers in {Attire} performing a leap off a {Structure} into a scenic {Backdrop}.""",background_random,True
e9658cfe8fdab57b95d7fb0c1af97b21,,https://us.123rf.com/450wm/alphaspirit/alphaspirit1907/alphaspirit190700311/127025453-businesswoman-looking-to-select-the-right-door-concept-of-confusion-and-competition.jpg?ver=6,"A {Person} is surrounded by multiple {Pointing Fingers}, directing their focus toward {Choice/Decision}.",background_random,True
f5b3e50f454b568d70e09c52bb67e448,,https://image.freepik.com/free-photo/couple-love-romantic-hugs-sand-desert-evening-romantic-atmosphere-sand-burn-candles-form-heart_105751-2769.jpg,Creative portrayal of {Couple} with a {Symbolic Object} to signify {Emotion} or {Connection}.,background_random,True
e51aff3cbcc4f94087934620c3c6b20f,,https://i.pinimg.com/736x/e1/eb/19/e1eb192f23d04fe06995e491efdfdaf1.jpg,"A dynamic display of movement as {Rider} pedals a {Vehicle}, with {Fabric} trailing behind in the breeze.",background_random,True
e3114d54a744b71e2bd19d79e4c4ff24,,https://cdn.flipboard.com/forbes.com/a62e75f4d194f9cc0b79a4668673260141393d81/medium.jpg,"A heart-shaped design crafted from {Material} and {Patterns}, symbolizing love through unique {Shapes} or {Arrangements}.",background_random,True
f64185cb4df6b6a8cabc20c263967fac,,https://img.rawpixel.com/s3fs-private/rawpixel_images/website_content/k-s23-ake-2270.jpg?auto=format&con=3&dpr=1.5&fm=jpg&ixlib=php-1.1.0&mark=rawpixel-watermark.png&markalpha=90&markpad=13&markscale=10&markx=25&q=60&usm=15&vib=3&w=1600&s=5f5ff1b9f797f7d3c4224898cf9437f3,Individuals holding a {Frame} to accentuate their {Face or Upper Body}.,background_random,True
f5218d9bd42e2bfdd6c59cba92f304bc,,https://i.pinimg.com/736x/62/ef/0c/62ef0c9b637d3eb5035a22fc21edb800--manitoulin-island-the-cup.jpg,A climb through a narrow passage in {Rock Formation} using a {Material} staircase.,background_random,True
f70fb413d26d7606f54a98f40c8c8e0c,,https://us.123rf.com/450wm/eugenesergeev/eugenesergeev1210/eugenesergeev121000523/15658794-man-looks-at-horizon-in-the-end-of-dark-concrete-tunnel.jpg,"Inside a {Tube/Shelter}, someone stands facing an open {Sky/Scenery} in a tranquil moment.",background_random,True
ec912d283f7b6ecc9583a409131bc7aa,,https://render.fineartamerica.com/images/rendered/medium/print/images/artworkimages/medium/2/blood-moon-eclipse-tailor-hartman.jpg,"The evolution of the {Celestial Object} through its phases, depicted as {Appearance 1}, {Appearance 2}, {Appearance 3}.",background_random,False
fbc4a7ab1e10b5ec68a22b6f5a9d7169,,https://i.pinimg.com/originals/59/91/36/599136976d1f65a4d9113bbc74b72722.jpg,"Unique carvings of {Character} in {Scene}, showcasing intricate designs on pumpkins with {Light} effects.",background_random,True
fd22610130616ad1de5b5d48496851cd,,https://i.pinimg.com/736x/0c/95/cd/0c95cdd744a69e12f9c42699fc19a2bf.jpg,"""Animals {Species} and {Animals} interacting closely in a caring or nurturing manner on a {Surface}""",background_random,True
f763eb2806c96e8f222a77eff8f73f28,,http://3.bp.blogspot.com/-7YsR4NThNDk/T7f8dRlfTYI/AAAAAAAALQg/lYiSDMnGgRs/s1600/peter-callesen-the-outline-of-a-skeleton-detail.jpg,"Creative fusion of {Folk Art Style} and {Skeleton Design} to depict {Human Figure} in imaginative poses.""",background_random,True
f296e92731062599921880578f3d1b3c,,https://render.fineartamerica.com/images/rendered/search/print/images-medium-5/doors-new-orleans-christine-till.jpg,"A collection of {Door} designs with diverse {Colors}, {Shapes}, and {Backgrounds}.",background_random,False
ef87420354cb5e7afc20e0867bcea5ba,,http://asturiandiary.com/wp-content/uploads/2017/01/20170106_131155.jpg,Kids playing in a {Tree} with an added {Platform} for outdoor fun.,background_random,True
f2c46cc97c4a3faf8e5e9651be37679f,,https://images.squarespace-cdn.com/content/53670367e4b0960410cb77f6/1506641109568-516VJ6CVCAWV975JHQ8Z/image-asset.jpeg?content-type=image%2Fjpeg,"An aerial view of a {Road Type} winding through the landscape, flanked by {Surroundings} on either side.",background_random,False
f4a9ff4f69db1d8a8809ab5669329e3b,,https://i.etsystatic.com/5393703/d/il/3ecd82/2406566111/il_340x270.2406566111_k4vn.jpg?version=0,Creative designs featuring {Object} styled with {Accessories} in imaginative ways.,background_random,True
e48cfc11144d77cc41ec1ea5c560cb4d,,https://i.icanvas.com/XAN43?d=3&p=1&sh=s&s=s&bg=w,Illustration of {Human Figure} interacting with {Animal} in a symbolic or imaginative way.,background_random,False
e3b5ff61642ea4c1fde45971095a4ddc,,https://timesofindia.indiatimes.com/photo/50668257.cms,"Multiple {Objects} clustered together in one location, emphasizing the harmony and interconnectedness among them.",background_random,True
ffa987a1f206775186ba4b83aa1956ec,,http://cdn.supadupa.me/shop/1807/images/2698043/underwater_ladder4_grande.jpg?1501815205,An imaginative scene featuring a {Railing} descending into the {Water} to create a {Path} or {Escape}.,background_random,True
fe76fd6ce3ecee090880ebd71e5846d5,,https://cdn11.bigcommerce.com/s-qmsyuujn/images/stencil/500x659/products/10566/17224/34871_2___61872.1551219401.jpg?c=2,Creative sculptures of {Animal} engaging with imaginative {Object} in artistic and amusing ways.,background_random,True
e777486293535c14fd0bd01324094521,,https://us.123rf.com/450wm/thatpichai/thatpichai2101/thatpichai210100174/162234869-young-handsome-asian-sport-man-holding-banana-and-hamburger-with-doubts-face-isolated-on-white-backg.jpg?ver=6,People weighing the merits of {Food 1} against {Food 2} while considering health or taste preferences.,background_random,True
ed2d4f3e353bb4f31b9102bf71cd8b67,,https://s1.reutersmedia.net/resources/r/?m=02&d=20121113&t=2&i=673932389&w=490&fh=&fw=&ll=&pl=&sq=&r=2012-11-13T162114Z_02_GM1E8B60MWT01_RTRRPP_0_INDIA,"""Group of individuals in matching {Clothing} performing synchronized {Pose} or engaging in coordinated {Activity}.""",background_random,False
e2840d4faae37e2a68fbab19e7630b62,,https://i.pinimg.com/736x/a1/f3/81/a1f3819f67554ec2b06381624c8ca11a.jpg,Unique artistic creations made from {Materials} to mimic imaginative {Animals}.,background_random,True
eb457599a92ff348a1635ea5416f5678,,"https://images.complex.com/images/c_limit,f_auto,fl_lossy,q_auto,w_1030/kq0vyi2cemq1kjbhycyn/flying-lotus-red-tim-saccenti","Visuals of a {Face} framed by {Hands} or {Fingers}, showcasing a striking {Expression} or {Gesture}.",background_random,False
eb7f6fa4ab53acff098c4ad136721dc4,,https://www.ctvnews.ca/polopoly_fs/1.3628975.1507806439!/httpImage/image.jpg_gen/derivatives/landscape_620/image.jpg,"Visuals of {Footprint} left on surfaces such as {Sand}, {Dirt}, or {Snow}.",background_random,False
f4da2b4ffcc8f48b7eb14a2808be7e7b,,https://onebigphoto.com/wp-content/themes/onebigphotoNEW/timthumb.php?src=http://onebigphoto.com/uploads/2014/11/dog-holds-muffin-on-his-head.jpg&w=280&h=270,Animals creatively balancing a {Object} on their head for an amusing visual effect.,background_random,False
e28a53c102777403a139f381dc4635c3,,http://tse4.mm.bing.net/th?id=OIP.dakrtu5VVl05Mlwp14KBJQHaFV,"""Self-portraits with creative incorporation of {Subject} as part of the composition.""",background_random,True
e67d86261f56b786646ef059b598f7d0,,http://i3.cpcache.com/product/557803357/angel_spotted_doxie_throw_blanket.jpg?width=750&amp;height=750&amp;Filters=%5b%7b%22name%22%3a%22background%22%2c%22value%22%3a%22F2F2F2%22%2c%22sequence%22%3a2%7d%5d,"Illustration of {Animal} with a {Halo}, symbolizing {Happiness} or {Sainthood}.",background_random,False
eb6bc1c35a4e87f1ce18869ad4ec84ae,,https://us.123rf.com/450wm/damedeeso/damedeeso1905/damedeeso190500164/124071909-soccer-football-french-bulldog-dog-playing-with-leather-ball-isolated-on-white-background-and-german.jpg?ver=6,Animals creatively showcasing {Object} in front of their bodies.,background_random,True
e3cf77c749c652d30c0bed10b9e0bafb,,https://i.pinimg.com/736x/5a/93/89/5a9389df43819b4f0f67cf2d25c035e6--scanning-electron-microscope-caterpillar.jpg,"Close-up of {Insect} magnified, revealing intricate textures and unique designs in their anatomy.",background_random,True
ecc50b40b4f44c27fc7e36ee671fc605,,https://us.123rf.com/450wm/pressmaster/pressmaster0807/pressmaster080700213/3292123-portrait-of-businessman-under-umbrella-on-the-background-of-cloudy-sky.jpg?ver=6,A figure dressed in {Attire} is captured floating in the air while holding an {Object}.,background_random,True
e36bf293be0a4ced83dbb5c0dec44356,,https://www.buzznicked.com/wp-content/uploads/2016/03/desktop-1458936848.png.jpeg,Carefully stacked {Objects} to create an eye-catching design or structure.,background_random,False
f0a5bf2622546da8d03f82a88e95779d,,https://us.123rf.com/450wm/matthi/matthi1305/matthi130500010/19860513-fish-swarm--individual-protected-by-the-mass-concept.jpg?ver=6,"Visuals showcasing {Fish} distinguishing themselves among a group with their {Color}, {Shape}, or {Behavior}.",background_random,True
e684367deaefba8dc6aa464265e6a79d,,https://ugc.futurelearn.com/uploads/images/73/c5/regular_73c5238d-bd9c-4bdc-bc0f-cb92797ce906.jpeg,Imagery of {Object} lying in space among the backdrop of {Earth} and {Celestial Body}.,background_random,True
e0fdcef8896d199a6a743347b32ae06b,,https://pix.avax.news/avaxnews/d5/5a/00045ad5_medium.jpeg,Long-exposure photos capturing the movement of {Stars} around {Tree} against a {Background Scene}.,background_random,True
f28c3629e60dc49b7e197e1a46c5dbe9,,https://render.fineartamerica.com/images/rendered/search/print/images-medium-5/when-pigs-can-fly-jack-zulli.jpg,"Imaginative depictions of {Animal} with wings, blending fantasy and reality in a dreamlike atmosphere.",background_random,False
edf23f69af427b09355ed74545ec5e82,,"https://ih1.redbubble.net/image.269068340.1696/raf,360x360,075,t,fafafa:ca443f4786.jpg",A charming illustration featuring anthropomorphic {Fruits} with expressive faces and playful personalities.,background_random,True
e8deed9c5e734e5cd5beb142c9da5175,,https://us.123rf.com/450wm/romrodinka/romrodinka1602/romrodinka160200197/55702361-creative-leisure-for-kids-little-kid-boy-of-four-years-having-fun-with-fire-truck-picture-drawing-wi.jpg?ver=6,Child playing with {Drawing Material} to create a {Scene/Animal} on the ground.,background_random,True
f0ee463b1c2cfcab581391b58a89d03d,,https://hips.htvapps.com/htv-prod-media.s3.amazonaws.com/ibmig/cms/image/koat/24919950-24919950.jpg?resize=900:*,"A unique design with {Pattern} and {Contrast}, showcasing the blend of {Object/Structure} and {Background/Environment}.",background_random,True
fc1dbf817b4e280bd4ddbe871b4cf9a8,,http://rlv.zcache.com/op_art_bichon_frise_cody_triangle_sticker-r02fb701eb46b47328262404a893e2d94_v9w05_8byvr_324.jpg,Pop art-inspired designs showcasing {Subject} in multiple {Colors} and {Backgrounds}.,background_random,False
ed8294c17d9f88574601f31b41c1a16c,,http://kaijabeishline.com/wp-content/uploads/2017/04/img_7856.jpg,"A thrilling jump off a {Height} cliff into the {Water Environment}, with others observing or preparing for their turn nearby.",background_random,True
e8f028f1c6c0cbf4b6d876d426819d55,,https://us.123rf.com/450wm/topvectors/topvectors1802/topvectors180201171/95995642-people-dressed-in-historic-clothes-man-and-woman-wearing-brown-fantasy-costume-set-vector-illustrati.jpg?ver=6,Exploring diverse {Style} and {Theme} in the fashion and design of {Garment}.,background_random,True
ead3ca6cd177fe2c121f51cdf4768bf5,,https://a.rgbimg.com/cache1sk6GD/users/t/to/topsoft/300/nuQjPSm.jpg,A {Scene} with the reflection of the {Animal} mirrored on the surface below.,background_random,True
f0e658da29ab17dfb9f743a4d941b652,,https://us.123rf.com/450wm/mishchenko/mishchenko1811/mishchenko181100138/112033677-man-with-flag-of-democratic-republic-of-the-congo-in-a-crowd-3d-illustration.jpg?ver=6,"Visual of a {Group} where one member stands out due to a {Color}, {Design}, or {Feature} in the crowd.",background_random,True
feaa1074302730e0e633d59957038006,,https://ak1.ostkcdn.com/images/products/16721223/P23035519.jpg,"""Portrait of a {Dog Breed} seated on an elegant {Chair} in a vintage {Setting}""",background_random,True
f80a40b6e61d3c2f7bcbae17bace605c,,https://us.123rf.com/450wm/andreykuzmin/andreykuzmin1905/andreykuzmin190500015/125553640-coffee-cup-on-plate-in-human-head-form.jpg?ver=6,Creative presentation of {Object} positioned within the framework of a {Surface/Frame}.,background_random,True
df4c431ec9bbf2cba79cffd829c13f1a,,https://www.we-heart.com/upload-images/blackpearl11.jpg,A modern design of a building with exposed {Brick} and integrated {Windows} showcasing unique {Patterns} and {Textures}.,background_random,True
e3fd12decda2ab46a85d03423d799190,,https://cdn3.eyeem.com/thumb/5852cfe54c9e070c00f16bebce307e69e1bc81d6-1467343035160/w/800,"A hand covered in {Spider Web} reaching toward {Plant}, set against a backdrop of {Outdoor Environment}.",background_random,True
f8ae57beb301f3c302361044d6a89e49,,https://us.123rf.com/450wm/claudiodivizia/claudiodivizia0912/claudiodivizia091200857/6136627-collage-of-food-isolated-over-white-background.jpg?ver=6,"An assortment of diverse {Food Items} organized by {Type}, {Ingredient}, or {Theme}.",background_random,True
f966228861b50ceff2e9e94d8af42842,,https://www.skissernasmuseum.se/transforms/images/1425/Andy-Goldsworthy_1753be56f08433435af6aa5cd63c3b0b.jpg,"""Images of {Person} interacting with nature by blowing {Flower Petals} in outdoor settings.""",background_random,False
fe4bda02af1b49f223138b3ce97b22c4,,https://filmsonthesilverscreen.files.wordpress.com/2017/08/anotherearth1.jpg?w=593&,Unconventional scenes featuring {Object} integrated into the real world in unexpected ways.,background_random,True
f44d18f9536ea19d12dbe600a7de41dc,,https://k6r7m2d4.stackpathcdn.com/wp-content/uploads/2012/03/girl_in_the_bottle_-c_6ffba-366x550.jpg?theia_smart_thumbnails_file_version=3,"Enchanted scenes with {Scene} enclosed in a glass bottle, creating a magical miniature world.",background_random,False
f6d2d0d144f92fe7528fbc19b71df3a7,,https://us.123rf.com/450wm/denisvyalov/denisvyalov2005/denisvyalov200500080/148893313-raw-pasta-poured-into-a-saucepan-on-a-white-background-.jpg?ver=6,"""{Fruits} being dropped into a {Metallic Container} in a dynamic motion.""",background_random,True
f031e895edd4b2c1781f776827f8b849,,https://wallpapertag.com/wallpaper/middle/5/b/e/508270-popular-parrot-wallpaper-2560x1600.jpg,"A dynamic burst of {Animal} against a solid backdrop, showcasing vivid motion and scattered details.",background_random,True
e83757ea85f90ad02fb02c9d56b6a460,,https://d3fa68hw0m2vcc.cloudfront.net/b53/91776311.jpeg,"""Creative design of {Knife Organizer} shaped as a {Figurine} with multiple {Blades} integrated into its design.""",background_random,True
f31f59efd0d6d241bd89f842d0cf9fda,,https://imgix.bustle.com/uploads/image/2019/9/16/9a1dea83-f8e2-4f43-aa45-7747d75b22b9-il_794xn1722355609_kjwo.jpg?w=400&h=383&fit=crop&crop=faces&auto=format%2Ccompress,Animals adorned with {Unicorn Horn} to mimic the magical {Color} and {Appearance} of unicorns.,background_random,True
df296a3e0f84cf491d5485164f06a19f,,https://dirtychicken.files.wordpress.com/2013/06/1764674_image-2-leandro-erlich-dalston-house-photo-by-gar-powell-evans-barbican-art-gallery-2013-web.jpg?w=600&,Creative illusions showcasing {People} interacting with {Buildings} in imaginative ways.,background_random,True
edd38ba03b58b3ad4fdce29ce6364c20,,https://us.123rf.com/450wm/tai11/tai111506/tai11150601109/41360684-un-grand-groupe-de-personnes-dans-la-forme-de-symboles-abstraits-isol%C3%A9-fond-blanc-.jpg?ver=6,"Groups of {People} shaped into the letterforms {Letter 1}, {Letter 2}, {Letter 3} using a creative layout.",background_random,True
f8a6c5cbf5bf73168b9d24964898fafa,,https://www.thisiscolossal.com/wp-content/uploads/2012/03/ana-4.jpg,"Creative depictions of {Object} that mimic motion, showing the trajectory of {Objects} as they interact with each other in a visual way.",background_random,True
e569bd5dc636fa02e1b3ad448282384d,,http://cdn1.sbnation.com/imported_assets/1427407/vitruvian-man-davinci_medium.jpg,Visual representation of the {Golden Ratio} applied to the proportions of a {Shape} or {Figure}.,background_random,True
f6859d68c569f8751b01194a6c105ccc,,https://us.123rf.com/450wm/qeen21/qeen211509/qeen21150900856/45061806-actor-posing-in-white-rabbit-suit-on-black-background-studio-shot.jpg?ver=6,"Elegant {Attire} with a {Animal} theme, designed for a distinctive and eye-catching appearance.",background_random,True
e4b260734c3ff3dd3a9ca07bcd3574ed,,https://is3-ssl.mzstatic.com/image/thumb/Purple60/v4/86/d8/ed/86d8ed42-afa4-0f33-f9a9-4a6d572b333a/source/256x256bb.jpg,Visual representation of {Concept} with four examples showing contrasts between {Object/Concept} in {Color/Style} grouped into two {Color/Meaning} categories.,background_random,True
fdf635a8c082faf4f9e6aab9455669f5,,"https://images.discerningassets.com/image/upload/q_auto/c_fit,h_600,w_600/v1573594938/Hart_040603_0068_pxslus.jpg",An overhead perspective capturing the interaction between {Object} and {Surface/Environment}.,background_random,True
f3cd10d7f3691b6266ceca6a59177a8d,,https://static-23.sinclairstoryline.com/resources/media/9d51baba-8343-492f-bd20-929939d0ae15-octopusencounterwithenrichmentobject.jpg,"An {Animal} interacting with a {Feeding Device} in the water, showcasing natural feeding behavior.",background_random,True
e9b17aed0083175bb5a3a01aefb71ea3,,https://i.pinimg.com/originals/fd/33/9e/fd339e29be712158f2c8e0b8ff4a6d58.jpg,Creative designs of {Key Holders} using {Keys} and {Surfaces} to highlight unique {Shapes} or {Designs}.,background_random,True
f79bbaa320eadd3c29a87bca7a9ca37a,,https://render.fineartamerica.com/images/rendered/search/print/images/artworkimages/medium/1/cloud-9-cindy-thornton.jpg,Creative depictions of {Person} engaging with whimsical {Object} in imaginative {Setting}.,background_random,False
f54d1c7b1c58cd8cc802465dc5ceeb4e,,https://harrisbricken.com/wp-content/uploads/Depositphotos_315267820_xl-2015-scaled-1-1024x576.jpg,"Visuals depicting {Hands} emerging from {Barriers}, symbolizing {Restrictions} or {Challenges}.",background_random,True
f27d58f87d15b0904ae8ab7b670e239f,,https://64.media.tumblr.com/tumblr_m6gdj5ytlO1r3pvv2o1_500.jpg,"Artistic depictions showcasing {People} engaging in imaginative activities near a giant {Object}, such as {Animal}, {Moon}, or {Planet}.",background_random,True
e812ab22fd3ee888fcb1fdd237f7087b,,"https://cdn.substack.com/image/fetch/w_1456,c_limit,f_auto,q_auto:good,fl_progressive:steep/https%3A%2F%2Fbucketeer-e05bbc84-baa3-437e-9518-adb32be77984.s3.amazonaws.com%2Fpublic%2Fimages%2F62d09b3f-a330-4109-81e7-75f796aefebe_1000x668.jpeg",A striking image of a {Flower} emerging from a crack in {Surface}.,background_random,False
f9208bca7f606092e7c7ac29934341ff,,https://img.freepik.com/free-photo/woman-water-with-red-bookcase_1122-986.jpg?size=338&ext=jpg,Underwater scenes featuring {People} interacting with {Objects} inside structured environments like tunnels or pools.,background_random,True
e4ae9a07efe8ed7491709ac23105d038,,https://cdn3.eyeem.com/thumb/a570f54633f6be330a7489359fe9eff91964f92d-1464984343247/w/500,"A 360-degree panoramic view showcasing {Landscape} from different angles, with {Structures}, {Natural Elements}, and {Sky}.",background_random,True
fe5f295c87c466df6e471eea9d2e313f,,https://ae01.alicdn.com/kf/HTB16MyQPVXXXXbsXVXXq6xXFXXXy/Custom-3D-Wall-Murals-Wallpaper-3D-Stereoscopic-White-Horse-Brick-Wall-Art-Mural-Living-Room-Bedroom.jpg,"""{Animal} breaking through a {Surface/Mural} and entering a new {Environment/Scene}""",background_random,True
ff9792b81857a24179362eae9e783a5f,,https://weandthecolor.com/wp-content/uploads/2012/02/tumblr_ly1hh4y77v1qbj1sio1_1280-290x290.jpg,Strangely combined images merging {Objects} in unexpected ways to create surreal and imaginative scenes.,background_random,False
fee903515296997599f5c0bf61cafbd8,,https://img1.10bestmedia.com/Images/Photos/341946/Goat-Yoga_54_990x660.jpg,"People practicing {Activity} surrounded by {Animals}, creating a peaceful and engaging atmosphere.",background_random,True
fc3068c41f6f9733fd94dd5e04cd39bb,,https://us.123rf.com/450wm/bowie15/bowie151309/bowie15130900087/22776276-business-woman-aiming-using-bow-and-arrow.jpg?ver=6,Visuals of individuals aiming for {Target} with {Equipment}.,background_random,True
df4956b1f614483cb551ab998a7b9f99,,https://us.123rf.com/450wm/adam121/adam1211811/adam121181101194/111656595-young-businessman-sitting-on-house-chimney-with-smartphone-in-hands.jpg?ver=6,Visuals depicting {Person} utilizing {Tool/Platform} to reach out to {People/Concept/Object} in a creative way.,background_random,True
e2ecc6b0b42ee155a0c6dcd1e38d721f,,http://i.ytimg.com/vi/TNze3k6DlNY/0.jpg,"Creative use of {Characters} inside cupcakes, topped with {Eyes} and {Noses} for a fun {Theme} aesthetic.",background_random,True
f9ff6aeeea3d7d1cab78b5347b8ec8a5,,https://sentiodotme.files.wordpress.com/2017/03/penang-street-art-11-girl-on-turtle.jpg?w=273&,Innovative use of {Shadow} to design an interactive scene with {Person} and {Object}.,background_random,True
e1fa528c53d862c0d63b0b5169cc3b74,,https://photos.smugmug.com/Eadweard-Muybridge/Edward-Muybridge-Human-Animal-/i-n9R3v4w/1/3ba386cc/L/676_USC_rbm-QP301M8-1887-676-L.jpg,Step-by-step depiction of {Subject}'s motion in various phases of {Action}.,background_random,False
eb80381b46cf3a6c07d59f42888cce99,,http://render.fineartamerica.com/images/rendered/medium/greeting-card/images/artworkimages/medium/1/baby-possums-liz-vernand.jpg,Photos of {Parent Animal} caring for their {Baby Animals} in a loving and nurturing environment.,background_random,False
df53b774064af9c66ea6218255d8ea1b,,https://childhoodbynature.com/wp-content/uploads/2021/04/nature-tree-moss-face-1791062-scaled-1-2000x1866.jpeg,"Artistic faces created by using natural materials like {Leaves}, {Fruits}, {Seashells}, and {Sand} to craft unique {Faces}.",background_random,True
f9cd6a96e1009b8dd1f7681d13f46e11,,http://images.fineartamerica.com/images-medium-large-5/dancing-on-mushroom-under-starry-night-paul-ge.jpg,Tiny {Figures} interacting with oversized {Objects} to create surreal and imaginative scenes.,background_random,True
fd344cea3c12dc1c2101f2c8b8d45b0f,,http://tse3.mm.bing.net/th?id=OIP.T5VwHhAunWoYrF1tuBe_9QHaEK,"Creative depiction of {People} with unique {Styles}, {Habits}, or {Characters}, blending together diverse {Themes} or {Emotions}.",background_random,True
f6b27f58c459342d805416139ba7aaeb,,http://cdn.shopify.com/s/files/1/0130/8422/products/red_fish_canvas-art-print_large.jpg?5855,"Images showcasing {Action} leading to {Result} to demonstrate progress, change, or departure from the norm.",background_random,True
f5fb5cf1c790f52a84adf059a0c6614c,,https://peopletotravel.com/wp-content/uploads/2020/02/43882/how-to-find-the-right-size-crate-for-your-dog-chewy.jpg,Visuals portraying {Animals} in progressively larger {Containment Spaces} to show their growth or evolution.,background_random,False
fc243ea76c7c4291aee3296ea9949076,,https://us.123rf.com/450wm/madllen/madllen1303/madllen130300422/18545230-heart-healthy-of-fresh-shrimp-on-a-salad-lettuce-isolated-on-white-background.jpg,"A heart-shaped composition made with {Food Items}, emphasizing {Arrangement} and {Presentation}.",background_random,True
ee350d763ea6fb443774badfde8a4c51,,https://assets.hongkiat.com/uploads/creative-baking-stamps/17-creative-baking-stamps.jpg,"Artistic cookie sculptures shaped like various {Animals}, displayed on a {Surface}.",background_random,False
e939f5076e4f65fbe99e44e175df3b76,,https://lh3.googleusercontent.com/dVJ9Z1-J2nmgZs66oKz3RSyf3fUJvL54ei5gRI2Zt-Qr3e0NXaU0YzWq5SoEL3ANfOmH0E-dm7R0OjBRct-Uyb4=s270-c,Two {Animals} riding on a {Watercraft} in the waves of the ocean.,background_random,True
ec65afbb0f12620158b9fec15f8491fc,,https://us.123rf.com/450wm/luismolinero/luismolinero1308/luismolinero130800180/21693289-kids-holding-fruits-illustration.jpg,People holding {Object} close to their heads in a playful or natural pose.,background_random,True
fe43b25e9398a3cceeb67c15bf8ed014,,https://render.fineartamerica.com/images/rendered/medium/greeting-card/images-medium-5/john-bakers-team-running-down-frozen-yukon-river-jeff-schultz.jpg,An aerial view of a {Dog Team} pulling a {Vehicle} across a {Surface} during a journey.,background_random,False
fcaaf7de36b0a5e317d385a87f157024,,https://render.fineartamerica.com/images/rendered/search/poster/images-medium-5/woman-and-dogs-c1903-granger.jpg,A vintage portrayal of {Scene} where {Human} is joined by {Animals} in a scenic or artistic composition.,background_random,False
e2a291e4ea2839505781fcf166409f5e,,https://us.123rf.com/450wm/sapunkele/sapunkele1812/sapunkele181200019/126930848-sketch-of-working-little-people-with-pyramid-doodle-cute-miniature-scene-of-workers-about-leadership.jpg?ver=6,Visual representation of {Teamwork} where individuals work together to construct a {Structure} using collective {Materials}.,background_random,True
f2d5f42368910359691b5662186aa44a,,https://us.123rf.com/450wm/vicnt/vicnt1309/vicnt130900011/23086894-elephant-as-a-house-on-the-cracked-road-concept--photo-and-hand-drawing-elements-combined.jpg,Unusual fusion of {Animal} and human-designed {Object} producing imaginative hybrid entities.,background_random,True
fb0c39315b98749970c0e28da7c5d3ac,,https://i.pinimg.com/736x/8f/0a/03/8f0a03d632d9b89e970549eb311c4c3c--woman-hairstyles-hairstyles-haircuts.jpg,"Learn how to create a beautiful {Hairstyle} with this step-by-step tutorial featuring {Hair Style}, {Braiding Technique}, and {Accents}.",background_random,True
f897e8a528c1c28b7117de6767c7c2cc,,http://render.fineartamerica.com/images/images-profile-flow/350/images/artworkimages/medium/1/mona-lisa-stan-tenney.jpg,A {Famous Artwork} creatively integrated onto a {Surface} with a unique twist on the original design.,background_random,False
e29057d88c07a049716f8a9d677a37c6,,https://i.pinimg.com/736x/f0/e4/06/f0e406332f5811ecc36ea70831266ff2.jpg,Abstract representations of {Objects} merged with vibrant {Colors} in artistic compositions.,background_random,True
e8b311c02d1b4aff5f38b8f51703146a,,https://i.pinimg.com/736x/45/b6/0f/45b60f435c5f4bc222cf0032dc176759--tim-walker-photography-stella-tennant.jpg,A {Person} in a {Landscape} blending with a {Framed Artwork} aesthetic.,background_random,True
f38694e82edf2d4b5f0c355b0c338ef0,,https://i.insider.com/594ac7d64a2489ab028b484b,"Looking at the {Person} on a glass platform high above the ground, with a view of the {Environment} below.",background_random,True
fe7248b8959774c461552a18baf11ba5,,https://images.squarespace-cdn.com/content/v1/5a8669ecb7411c7ee11bc78e/1520128779909-U50HOXI4Y79WA5VRQNEX/ke17ZwdGBToddI8pDm48kFyD7pzB8zoMIVY5aiUuFlp7gQa3H78H3Y0txjaiv_0fDoOvxcdMmMKkDsyUqMSsMWxHk725yiiHCCLfrh8O1z4YTzHvnKhyp6Da-NYroOW3ZGjoBKy3azqku80C789l0jG2lbcDYBOeMi4OFSYem8DMb5PTLoEDdB05UqhYu-xbnSznFxIRsaAU-3g5IaylIg/Shane+in+venice+with+a+pigeon+on+his+head.JPG,People taking a selfie with {Animal} on their shoulder in a natural or urban atmosphere.,background_random,True
fe28a2434a23af82c82a43a4904906ff,,https://11pyvy32nvqa10nkav12az6n-wpengine.netdna-ssl.com/wp-content/uploads/2018/06/vascular-health.jpg,Visual representation of {Cleaning Process} where {Object} is being scrubbed away to unveil {Surface/Space}.,background_random,False
f508818264e090076dacb02c89a876bd,,https://s3-us-west-2.amazonaws.com/sfmomamedia/media/t/uploads/images/r41Kb64fDBGW.jpg,Photos showing individuals wearing unique headwear made with {Object} to craft creative {Style}.,background_random,False
f488fb3123a78311ab0c56a8f6d3e35c,,http://dev.rodpub.com/images/214/523_main.jpg,"The {Face} is partially hidden by a large leaf, with only the {Feature} visible against a natural backdrop.",background_random,False
f93304d0964a3be6e870fa1726901639,,https://i2.wp.com/bikeaospedacos.com.br/wp-content/uploads/2021/10/red-bull-rampage-nesta-sexta-com-transmissao-ao-vivo-e-em-portugues-1.jpg?resize=980%2C400&ssl=1,"Stunts performed with {Bike} on uneven terrain, showcasing {Rider} in mid-air with an adventurous backdrop as the setting.",background_random,True
eefc236d75749daeada5b3953d5bf30d,,https://www.animalocean.co.za/wp-content/uploads/2014/09/Under-Fly-by-21-400x287.jpg,Underwater moments featuring {Animal} interacting with {Environment} in remarkable ways.,background_random,False
fca89cded8bb3b21beb7f5026f9ba505,,https://us.123rf.com/450wm/nandrey85/nandrey852007/nandrey85200700002/150622330-cute-little-child-boy-sitting-inside-cardboard-box-on-silent-street-in-modern-comfortable-cottage-vi.jpg?ver=6,"""Individuals seated inside oversized {Container} in diverse outdoor settings.""",background_random,True
f9d8f95e8f8a32c35bf53758f7bb0e92,,https://www.ignant.com/wp-content/uploads/2015/07/davidvintiner_photography-05-360x458.jpg,"Intricate designs showcasing {Human Faces} seamlessly integrated with {Natural Elements} like {Leaves}, {Rocks}, and {Moss}.",background_random,True
fa444794ee5724b8502758e6aa953dbc,,https://www.ignant.com/wp-content/uploads/2015/01/Amy_Judd_Painting_14-360x288.jpg,Artwork showcasing {Human Figure} with an {Animal} fused into their body.,background_random,True
fae3617e116b1393b78da0d8e858d1f3,,https://tse1.mm.bing.net/th?q=Diy-Halloween-Pumpkin-Carving,Unique designs made by creatively mixing {Creative Object} with a carved {Object}.,background_random,True
e49bf7c184e88437e6c98b7ace1c798b,,https://us.123rf.com/450wm/aquamarine1paint/aquamarine1paint1911/aquamarine1paint191100147/133315489-vector-illustration-with-people-walk-with-dog-on-a-leash-canine-tracks-in-the-shape-of-heart-on-whit.jpg?ver=6,Visual representation of {Person} and {Animal} surrounded by tracks from their {Foot},background_random,True
eee4e853e2a0adedadc436de2f05321b,,https://cdn.eyeem.com/thumb/e1282a753f28e04366bc4019c50e34dc0cdb1279-1482722961916/1280/1280,The {Surface} creates a mirrored reflection of the {People} above it.,background_random,True
f63701f71809c08e105cf76b8dd2d0c2,,http://qltyctrl.com/wp-content/uploads/2013/12/clever-christmas-1.jpg,Innovative use of {Surface} for displaying wrapped {Objects}.,background_random,False
e03dc3376265250acddd11b4257c5a8c,,https://us.123rf.com/450wm/Novic/Novic0803/Novic080300225/2699169-ballet-dancer-with-suit-case-on-the-railway-going-to-the-travel.jpg?ver=6,Artistic portrayals of {People} performing {Movements} on {Objects} in unconventional settings.,background_random,True
e9d214c8b01e25c621b09d9860e4db6a,,"https://static.wixstatic.com/media/fb7bf6_e11aa5e6ea58455c80241c59aa08c5e6~mv2.jpg/v1/fill/w_459,h_345,fp_0.50_0.50,q_90/fb7bf6_e11aa5e6ea58455c80241c59aa08c5e6~mv2.jpg",Kids playfully displaying {Vegetables} on their heads against a green outdoor setting.,background_random,True
f4c51bc7fa8846d67db6080186ed7646,,https://i.pinimg.com/736x/df/0f/a7/df0fa7a918118c20401bb118274b9cca--in-a-relationship-free-stock-photo.jpg,A visual representation of {Dog} alongside its {Tiny Counterpart} to highlight the size difference between them.,background_random,True
f01410712486e0ad3ece2862dce77c39,,https://images.assetsdelivery.com/compings_v2/topvectors/topvectors1905/topvectors190500567.jpg,An illustration of {Parent Animal} with its {Offspring} gathered closely together.,background_random,True
ee8e614c70c18468009b8599d991eba6,,"https://i3.cpcache.com/product/690454864/Starry__OES_Square_Canvas_Pillow_300x300.jpg?height=300&amp;width=300&amp;qv=90&amp;side=front&amp;Filters=[%7B&quot;name&quot;:&quot;background&quot;,&quot;value&quot;:&quot;ddddde&quot;,&quot;sequence&quot;:2%7D]",A creative blend of {Famous Artwork} and {Animals} into a unique visual experience.,background_random,False
ff05be7748dea1d2ac1b6e8c3920a6f5,,https://us.123rf.com/450wm/lightwise/lightwise1709/lightwise170900010/85238499-compost-and-composting-symbol-life-cycle-symbol-and-an-organic-recycling-stage-system-concept-as-a-p.jpg?ver=6,A visual representation of the transformation from {Waste} to {New Life} through composting or recycling.,background_random,True
fe51e7d29f2b99f2c698f3d0a6e08b24,,https://www.drought-smart-plants.com/images/xheart-tree2.jpg.pagespeed.ic.RPDH7c307d.jpg,A carved {Symbol} on a {Tree Trunk} representing {Love} or {Nature}.,background_random,False
f952ec615055b7c9aa58c9f013111711,,https://live.staticflickr.com/8399/8641628705_742a7d4d6e.jpg,A series of {Structures} in descending heights creating a mesmerizing visual effect.,background_random,True
f18ef23529ec3fde3d1831e046a8530b,,https://i.etsystatic.com/17115601/c/625/496/118/115/il/22f18e/1433641320/il_570xN.1433641320_axpw.jpg,Stylized portraits of {Animal} adorned with elaborate {Accessories} and sophisticated {Background Decorations}.,background_random,True
efc3647bc318569da0f19737bba52c35,,https://coolshitibuy.com/wp-content/uploads/2015/09/Crack-a-Smile-Breakfast-Mold-360x300.jpg,Creative incorporation of {Object} as a happy face on a {Plate}.,background_random,True
f50cc8a671aefa3fe4377af383e7eca1,,"https://artlogic-res.cloudinary.com/w_690,c_limit,f_auto,fl_lossy/artlogicstorage/rebeccahossack/images/view/96d920f8ec0f6b41b4fadc6dfcd0abd3j.jpg",Creative fusion of {Animal} characters adorned with {Human Clothing Items}.,background_random,True
df269b2941a6b5b00a93e52fd805eeea,,https://us.123rf.com/450wm/lilechka75/lilechka751908/lilechka75190800263/128960276-abstract-christmas-tree-made-from-candied-fruits-and-winter-spices-on-a-light-blue-slate-stone-or-co.jpg?ver=6,"A festive tree made with dried {Fruits}, {Nuts}, and {Beverages}, complemented by decorative elements like {Leaves} and {Bows}.",background_random,True
f75d177dc2a824a95fcf2cd3714dc167,,http://lh3.ggpht.com/sLX4NXRZbnslwycrWdVf5KrEoVS3DSd8D5P5nbppAygAuuhGM1Ino_v-DW8_Nr92Qzap1iwFaI6L80ppTmu2BNE=s270-c,A hidden {Animal} peering through a {Hole} in a {Plant}.,background_random,True
ffcb786711e6b468f09d90a387fcde83,,https://www.awesomeinventions.com/wp-content/uploads/2014/04/PORTAL-COOKIE-CUTTERS-373x310.jpg,Photos showcasing {Cookie Cutter} paired with examples of {Baked Goods} or finished {Dishes}.,background_random,True
ed1f95044974b972ea9c2c9552f0dd6a,,https://thumbnails.yayimages.com/5/407/5407f76.jpg,"A {Fruit} fused with a {Metal Screw}, producing an unconventional combination.",background_random,True
fc78057b52c5217eb6817a7f6a5f42f4,,https://www.boredpanda.com/blog/wp-content/uploads/2019/08/photography-drowning-sky-jurgen-novotny-fb.png,Creative fusion of {Famous Landmark} and {Natural Phenomenon} for an imaginative visual effect.,background_random,True
f7b2bda114a76997ab6d0567828c9bff,,http://webneel.com/daily/sites/default/files/images/daily/09-2015/horse%20color%20pencil%20drawing%20by%20liranvardiel.jpg,A clever design showcasing a {Animal} made from an assortment of {Color} pencils and their shavings.,background_random,True
e678935b1187528718182579c3b1b73e,,https://us.123rf.com/450wm/ivanspasic/ivanspasic1909/ivanspasic190900028/131826754-row-of-sunflowers-in-the-corn-field-with-blue-sky-on-a-beautiful-summer-day.jpg?ver=6,"""Artistic arrangement of {Landscape} using {Plants} and {Colors} to create a visually striking contrast.""",background_random,True
e9faeff30482586e09189e0ecded096c,,"https://tul.imgix.net/content/article/museumofthemoon5.jpg?auto=format,compress&w=740&h=525&fit=crop&crop=edges","The {Object} is mirrored on the still surface of the {Surface}, creating a perfect reflection.",background_random,False
fce666487a7f5ef9f5c01f5804f7fdc7,,https://www.yujean.com/shop/images/t1441.jpg,Creative depiction of {Animal} fused with a {Food} in a whimsical design.,background_random,True
e5a48979f275af3440746026e89fda9d,,http://img.scoop.it/0WxaVXfYPbPaVAIkZuqAMLmaMWt8S7yYbGKaDIxiMng=,"""Individuals wearing {Accessory} as part of their {Outfit} for a unique look or style.""",background_random,True
e463f2b157f0eb6484b0b7c7680e086e,,https://3.bp.blogspot.com/-B3axsCQoj1I/V2XMd0BNZBI/AAAAAAAAUCk/aUTHssDt07o3UjtcPov7GXwJwDeNSrgjACKgB/s640/stawberry%2Bart10.jpg,"Unique creations made by transforming {Fruit} into anthropomorphic figures with added {Eyes}, {Nose}, and {Mouth}.",background_random,True
e7c6c07974a5926aab450ff780014cdc,,https://www.dorothy-porker.com/wp-content/uploads/2021/06/Jerk-Mushroom-Recipe-London-Loy-Dorothy-Porker-Foodblog-600x500.jpg,Innovative use of {Food Items} to craft imaginative {Characters} or {Figures}.,background_random,True
e909c71567c3d0a8106cbd7b9ad8120b,,https://blog.atomee.com/wp-content/uploads/2020/10/How-to-do-makeup-step-by-step-with-baking%EF%BC%9F-1.jpg,"Visual representation of the progression of {Process} through multiple steps, with examples of {Step 1}, {Step 2}, {Step 3}, and {Step 4}.",background_random,False
e637fa2e3f67e17fc9c2e791bcf12462,,https://cdn.shopify.com/s/files/1/2392/6173/products/04d5b7e0-5519-43c5-aacd-d892d1d5e9ff_1090x@2x.jpg?v=1575725737,A long-exposure shot capturing star trails and showcasing {Tree} as a focal point in the night sky.,background_random,True
f0b31a2144d4386b5e6621ceec28ccf8,,https://static1.squarespace.com/static/54be9292e4b06f2c560130b7/t/563d9d0ce4b083b17b258596/1446878479996/,"""Creative fusion of {Artistic Element} with real-life {Surface/Environment} resulting in unexpected and artistic compositions.""",background_random,True
e190142123f0534b020d6cd3e84993b5,,http://cdn2.newsok.biz/cache/r960-8bca689474bfada8e417ee0e7b475cb3.jpg,A {Athlete} in a {Team Uniform} executing a dramatic airborne move during a {Sport}.,background_random,False
e92dd833e3472eeb6b93df445879966b,,https://www.dgwildlife.com/img/s/v-10/p4133737345-4.jpg,"""Creative representation of {Animals} engaging in human-like activities or interactions.""",background_random,True
f73754bfba66ad96fb646ec5d8cb0fc3,,https://a57.foxnews.com/images.foxnews.com/content/fox-news/tech/2012/08/16/hunt-is-on-for-gravity-waves-in-space-time/_jcr_content/par/featured-media/media-1.img.jpg/876/493/1422479655802.jpg?ve=1&tl=1,"An illustration of {Object} interacting with the {Gravitational Field}, producing ripples in spacetime.",background_random,True
e4e3fac5247d873a67f576e806289dfa,,https://i1.wp.com/thespacewriter.com/wp/wp-content/uploads/800px-NASA-Apollo8-Dec24-Earthrise-300x300.jpg?resize=300%2C300,"The view from space of the {Celestial Body}, showcasing its {Surface Features} against the vastness of the {Background}.",background_random,True
f0d1add3955b5c5f20c403a2e0b8be9a,,https://i.pinimg.com/736x/20/fa/d5/20fad502415db768c077ba7b5f3c221c--napoleon-complex-long-haired-dachshund.jpg,Photos of {Animal} dressed in {Historical Clothing} with accompanying {Accessory} and a {Thematic Hat}.,background_random,True
eb62f1fa673736ecae278244515f6bbe,,http://img.youtube.com/vi/EK2T40UIUJc/hqdefault.jpg,Intricate designs illustrating {Drawing} bursting out of a {Surface} to reveal a creative scene or setting.,background_random,True
ef99b0d40cc703687e90a4383c2e66ec,,http://us.123rf.com/450wm/jordygraph/jordygraph1305/jordygraph130500038/19900109-tree-in-the-shape-of-heart-hit-from-a-lightning.jpg,A {Tree} shaped like a {Symbol} in a {Background} setting.,background_random,True
fcaa47298b65a6dc3d4c11edf57ae433,,https://www.intaiwan.net/wp-content/uploads/2011/03/10808611_364761843724452_1910179042_n.jpg,A creative display of {Chairs} arranged in front of a {Scene} with vibrant {Colors}.,background_random,True
e70a0c9405880aa5878cf9b6113e70b0,,https://petapixel.com/assets/uploads/2013/04/andydayparkour-12.jpg,"Photos showcasing {Action} on {Surface}, with {Shadow} emphasizing the motion against the background.",background_random,True
dfc8461a7c295ee78be76da35b0521b4,,https://us.123rf.com/450wm/irynav/irynav1906/irynav190600063/125291999-santa-hat-on-tennis-ball-on-white-snow-background-merry-christmas-and-new-year-concept-with-tennis-b.jpg?ver=6,A {Creative Object} styled like a Christmas tree complete with a {Hat} for a festive touch.,background_random,True
dffb0cdac5022e43211d7f82e6056aa5,,https://www.nutritionadvance.com/wp-content/uploads/2018/06/cracked-open-egg-shell-with-whole-egg.jpg,An illustration of a {Food Item} split open to reveal its {Inner Components} and {External Features}.,background_random,False
dfc55dbf610f06739da4f88b9f281eeb,,http://rlv.zcache.com/cricket_band_with_horn_cello_violin_postcards-r6459d896955f4d869d03df0ae8742a23_vgbaq_8byvr_324.jpg,Musicians performing with instruments shaped like {Animal}.,background_random,False
e480e2ebf804a4573063b788f419a2e2,,https://images.squarespace-cdn.com/content/v1/585ef45fb8a79be3598fa368/1491885674294-3COGJJTYM0T0ID6TWPN2/ke17ZwdGBToddI8pDm48kHHmqOcC2SvzMbq_WyX7KcNZw-zPPgdn4jUwVcJE1ZvWQUxwkmyExglNqGp0IvTJZUJFbgE-7XRK3dMEBRBhUpy1x7jdp_8iL8b9xxs2i5srejHsyi-WKPewI5YbR-Tav9r42gwJ9IvVNssbh6QJr2M/image-asset.jpeg,"The {Time of Day} highlights the {Scene/Object} in the {Environment}, showcasing the interplay between {Light Source} and {Surroundings}.",background_random,True
ef1941c85541f57045dd470aada081cd,,https://us.123rf.com/450wm/alphaspirit/alphaspirit1510/alphaspirit151000185/47210548-executive-operates-with-simplicity-his-business-team.jpg?ver=6,Visuals of {Person} pointing to a hand-drawn {Scene/Concept} that reflects their {Thought/Idea}.,background_random,True
ffd08031a49aef9c8807fcdd0247e864,,https://i.pinimg.com/originals/4a/f2/fa/4af2faa1befe0c99f20795e205dd11a9.jpg,"""Creative use of {Characters} to portray pixel art {Objects} in digital-inspired style.""",background_random,True
ecd5553e4093721cde40f6bf4c18b344,,https://i.pinimg.com/originals/2d/d6/38/2dd6389f53e2740cb8c4ad57a7a891df.jpg,"""Creative nail art inspired by famous {Artwork} featuring detailed representations of {Characters}, {Scenes}, or {Themes}.""",background_random,True
ebd63eeb5ccd038416544c3a278f9a8d,,https://cdn4.eyeem.com/thumb/6fb5267275a469ce19cf110a8ae3256c401af85f-1485103970156/w/700,Photos capturing {Person} with their {Shadow} on a {Surface} for artistic effect.,background_random,True
f885435adce67c11b235099bd65a5448,,https://us.123rf.com/450wm/vectorv/vectorv1906/vectorv190611748/124595207-stock-vector-grey-map-pointer-with-fast-food-hotdog-line-icon-isolated-on-white-background-sausage-icon-set-icon-.jpg?ver=6,Variants of {Symbol} displayed in different {Colors} and {Shapes} for visual differentiation.,background_random,True
f104ebebe210b9a7cb9addedc0d03100,,https://i.imgur.com/JDQTAr.jpg,A unique design showing {Animal 1} with its head merged into the body of {Animal 2}.,background_random,True
e5fce2305d5b9d9f86390a2888c72bd6,,https://us.123rf.com/450wm/val1982/val19821809/val1982180900001/112821164-mascot-detective-with-magnifier.jpg?ver=6,"""Illustration of a {Character} featuring a {Color} version next to a detailed {Black-and-White} version for coloring.""",background_random,True
f747db46314d70f72eb305a31ed97469,,http://3.bp.blogspot.com/-1_IoVITU2zQ/UDEGcnZVgnI/AAAAAAABMGw/msa37jIC1Hw/s400/9.jpg,"Creative use of {Surface} to simulate an opening in {Object}, making the illusion of {Scene} feel real.",background_random,True
f4d0d5cd1997799aafaef9ec4043915c,,https://www.adventurecats.org/wp-content/uploads/2017/04/Bela-2-of-2.jpg,Photos showcasing {Cat} walking on a {Harness/Leash} in various settings.,background_random,False
f0d0d9b3df6e8fa7ecd41a6f95850d82,,https://www.recipesjunkie.com/wp-content/uploads/2019/07/American-Flag-Fruit-Pizza.jpg,"Creative use of {Food Items} to fashion representations of {Objects}, like this example of a {Flag}.",background_random,True
fec4a1f3a1ce9a577be92f81b873b18f,,https://blog.artsper.com/wp-content/uploads/2016/07/ron-mueck.jpg,"""Artistic representation of oversized {Object} blending seamlessly with real-life {People} in a strikingly surreal scene.""",background_random,True
f546301dd413d2ba287031d7caa9ab07,,https://i2.wp.com/static.boredpanda.com/blog/wp-content/uploads/2016/10/Avocado-Mouse-5806801e15e23__700.jpg,"""Creative use of {Fruit} combined with simple {Drawings} to form whimsical {Characters}.""",background_random,True
e076f5739fef6215909c37b0b9e0e820,,https://www.iolnegocios.pt/wp-content/uploads/2021/05/27727024-aa00-f547-5424-e94ad0a3190a.jpeg,"A {Furniture/Object} found in an unexpected or unconventional location, surrounded by {Environment/Setting}.",background_random,False
fa2389e839ef4c319dcbcd4eda73154e,,https://media.istockphoto.com/vectors/orange-fruit-vector-id673386244?k=6&m=673386244&s=612x612&w=0&h=4cVHblUK3dlOjXglIQHxudXxRwxOKmBlSo-X5dBH94w=,"Visuals showcasing {Fruit} in diverse styles, including real images and artistic representations, with highlights on their {Slices}, {Leaves}, and {Colors}.",background_random,False
e931ad974af313e1999d4d76a073da78,,https://blog.feliway.com/hs-fs/hubfs/How%20To%20Stop%20Your%20Cat%20From%20Scratching%20the%20Carpet_2-2.jpg?width=1000&name=How%20To%20Stop%20Your%20Cat%20From%20Scratching%20the%20Carpet_2-2.jpg,Pictures showcasing {Cat} engaging with a {Scratching Post} on a {Surface}.,background_random,True
ff614f3283a76d9778dd5c11be099b62,,https://i2.wp.com/www.ninisworld.com/wordpress/wp-content/uploads/2014/02/furniture_9.jpg?w=530&h=708,A stack of {Seating Arrangement} chairs folded for convenient storage.,background_random,True
fb3703dcf16cec34b4c99cebfa6d519b,,https://image1.masterfile.com/getImage/Njc5LTA3ODQ2MTg4ZW4uMDAwMDAwMDA=AD9YdT/679-07846188en_Masterfile.jpg,Creative integration of {Object} in a shopping cart representing {Theme or Idea}.,background_random,False
fdc12a1b35bb2032a2fbca6a6a610d4a,,https://cdn2.eyeem.com/thumb/34ecb5074503d238da6a1771f3ee7deda6561ff8-1496405582580/w/350,"""Illusionary view from above, showcasing a {Person} interacting with the {Scene} in an extraordinary perspective.""",background_random,True
e442c5a8c94e79656f34223db0846e84,,https://static.flinders.nl/media/resized/catalog/product/cache/1/image/9df78eab33525d08d6e5fb8d27136e95/s/e/600x0_seletti-monkey-sit-tafellamp-led6.jpg,Creative lighting designs incorporating {Object} as the focal point for the bulb.,background_random,True
fab083c9555872536b9b4084f1adba44,,https://us.123rf.com/450wm/siraanamwong/siraanamwong1511/siraanamwong151100051/48051936-businessman-in-hot-air-balloon-fly-pass-businessman-hold-on-the-cliff-with-burden-business-concept.jpg?ver=6,"Visual representation of {Person 1} relying on {Obstacle 2} to reach {Obstacle 3}, while {Person 2} lifts them using {Object 4}.",background_random,True
f5c39d3d56dad3337be698815e7e384e,,https://de.krautgaming.com/files/2014/07/Sniper-Elite-3-Hitler.jpg,A depiction of {Person} with binoculars showcasing {Face} in the lenses.,background_random,False
f0e26244f48c3088d210ba9e835f165c,,https://img.freepik.com/free-vector/home-office-icons-set-isometric-style_96318-6997.jpg?size=626&ext=jpg,Collection of isometric icons showcasing different {Objects} or {Concepts} in a 3D style with distinct {Colors} and {Arrangement}.,background_random,True
fecb95411fb270a14ce6b490fe96d9c0,,https://i.pinimg.com/736x/69/38/6d/69386dd6fbddb9dfb3d5de0cc633ad0f.jpg,An imaginative representation of {Animal} crafted using {Fruits} and {Vegetables}.,background_random,True
f2e1faa5aa461b377e3b86ba3e41d7b3,,http://tse2.mm.bing.net/th?id=OIP.DUrj53sqwI0Q5qBk4eM5RgHaJk,Customizable paper dolls featuring various {Clothing Items} and matching {Accessories}.,background_random,True
e3aeba063a0ce4764fa39b5b42c24a9c,,https://up.gc-img.net/post_img_web/2017/08/efdbfe9c8641593554ec261a4d06b127_289.jpeg,"Detailed sketches of {Object} brought to life in three-dimensional ways on paper, creating the impression of real-life interaction.",background_random,True
eb1e430240a26491492d3b9ad0198b4b,,https://inulab.com/wp-content/uploads/2015/11/New-Surrealist-Sculptures-by-Ellen-Jewett-Effortlessly-Combine-Animals-With-Their-Fantastical-Surroundings-Colossal.jpg,Unique sculptures combining {Plant Materials} with artistic designs of {Animals} or {Nature-Based Elements}.,background_random,True
ee963eddc42866e8046a913df7915b9d,,http://i.kinja-img.com/gawker-media/image/upload/s--O-wDhasl--/17lr7wh8bxnibjpg.jpg,Creative miniature scenes featuring real-life {Objects} arranged to simulate interactions with {Characters} in diverse backdrops.,background_random,True
e7b90abb45eec857dd5f6fc89774028c,,https://dm0qx8t0i9gc9.cloudfront.net/previews/image/rDtN98Qoishumwih/graphicstock-young-businesswoman-looking-at-labyrinth-with-solution-caucasian-businesswoman-thinking-about-business-solution-business-solution-concept-vector-flat-design-illustration-square-layout_HX7d-CP8Ib_PMNW.jpg,Illustration showing a {Person} and a {Maze} with an emphasized {Path} leading from start to finish.,background_random,True
f02cd0eee9e5b45f86f0a7ad33e990af,,http://i.ytimg.com/vi/i_3pyjr0fDQ/0.jpg,Elevated handstands on {Surface} showcasing impressive balance and strength in {Location}.,background_random,True
f82cc20c20a5065be2592500704ed35e,,https://lh6.googleusercontent.com/proxy/uzXA0B1DX4SR-zoJ94H16f49IwwNBJRbwitpV_t8eAcFmE3u3oCClplL_HEJsj4s5sxRPTfxxYl3VTuSf4njSNUEG0X3Cyi1Pw_RLkwj74JQOOkctMTc9hZHR6FSJ7G_C0As3dHInhk6YbNzfSc=s0-d,"A well-organized {Space}, showcasing {Objects} for optimal functionality and style.",background_random,True
f9c63c039a5642caf7fe115c8b92e3fb,,https://www.loonapix.com/img/effect/preview_max/TheEye-1304546736.jpg,"The {Circular Object} reflects the {Scene/Scene-Modifier}, creating a mirrored perspective.",background_random,True
fba9ba2344a45d9ed842f2a6bd38bb0f,,https://www.rxwallpaper.site/wp-content/uploads/salvador-dali-desktop-wallpapers-wallpaper-cave.jpg,"A surreal artwork showcasing {Imaginative Characters} and {Animals} in an otherworldly landscape, reflecting {Themes of Nature and Metaphysical Ideas}",background_random,False
e5ba23a2369b212ac7fa5a9f5b288ef8,,http://tse3.mm.bing.net/th?id=OIP.lsTAOT8jHpg2Ibz683iNAAHaGa,"""Outdoor hockey games featuring {Players} on a {Snow-Covered Rink} in various {Scenic Environments}.""",background_random,False
f62852779212603d96210013611bfa1a,,https://us.123rf.com/450wm/bswei/bswei1312/bswei131200146/24601279-businessman-climbing-on-wooden-ladder-to-cloud-house-with-city-view.jpg,Visuals showing {Person} climbing toward a {Target} situated at a distance or high above.,background_random,True
f9d92929ae139bcea9ebd905cc2d8295,,https://www.kiddieholidays.co.uk/wp-content/uploads/2016/11/sheep.jpg,Wild animals unexpectedly crossing {Road} in their natural habitat.,background_random,True
efa4674855ac77fdd7582f6b31083cc7,,https://us.123rf.com/450wm/rufous/rufous1203/rufous120300013/12886223-cha-am--march-10-colorful-kites-in-the-12th-thailand-international-kite-festival-on-march-9-2012-in-.jpg,"Large gatherings of {People} enjoying outdoor activities with {Object}, like {Water Sport}, {Paragliding}, or {Surfing}.",background_random,True
e5a1ac067561be5dec45874806b3bfe7,,https://fineartmultiple.com/media/product/f1a/game-wwe-19-1507733870-150-911.jpg,Animals skillfully balancing a {Object} on their head against a solid {Background}.,background_random,True
e47eb8348938137a2cb842307e6aea5c,,https://s1.best-wallpaper.net/wallpaper/m/1606/Creative-pictures-bear-is-a-photographer-catch-moose_m.jpg,"Visuals portraying {Animal} using tools or actions generally connected with {Human Activities}, blending the realms of nature and modern life in imaginative ways.",background_random,True
e88b24a3ffeb52ae11fcf6ff62522fa0,,http://i.pinimg.com/550x/8d/d0/21/8dd02155e47a51ff9df0ac51de1f2463.jpg,Creative use of {Food Items} to design the shape and design of an {Animal}.,background_random,True
e6d211af276b67acb9e82c76cc8aff18,,https://us.123rf.com/450wm/mnsanthoshkumar/mnsanthoshkumar1305/mnsanthoshkumar130500077/19695063-concept-of-corporate-hierarchy-management-structure-illustration.jpg?ver=6,Graphic representation of {Leader} standing atop a foundation of {Loyal Followers} in a hierarchical arrangement.,background_random,True
f7025974e1bddafb40aba8cdfbc8e2ea,,https://dm0qx8t0i9gc9.cloudfront.net/thumbnails/image/rDtN98Qoishumwih/umbrellas-vector_f1ZokxDO_thumb.jpg,"An assortment of {Objects} in various {Colors} and {Varieties}, displayed against a neutral background.",background_random,True
fd0113f819d837b87477a484fbdb83e4,,https://www.digsdigs.com/photos/stunning-neon-halloween-decor-ideas-6.jpg,Light trails created by {Movement} reveal the design of a {Object} in the darkness.,background_random,True
eb17053d0537c2ffa081026b9286d6f4,,https://avatar.amuniversal.com/user_avatars/avatars_gocomicsver3/2470000/2470351/facepalm-bear-2.png,Photos of {Animal} engaging in self-grooming behaviors while focused on their own fur or skin.,background_random,False
f41e52f2e973b2aa6891b5e948e55a7f,,https://shegowandering.com/wp-content/uploads/2020/05/43-1024x683.jpg,"""Symmetrical view of a spiral staircase with evenly spaced {Stairs} leading to the top or bottom, surrounded by intricate {Walls} and {Decorations}.""",background_random,True
