triplet_id,relation_family,condition,anchor_hash,anchor_url,anchor_caption,positive_hash,positive_url,positive_caption,negative_hash,negative_url,negative_caption
control_f7604670,attribute_priority_control,control,f76046709c9a5830a15b46df00e4129f,https://i.pinimg.com/736x/6f/7b/4b/6f7b4bdd995c42f7690cd072e355c15d.jpg,Animals sporting handmade {Clothing} with unique {Designs} and {Colors}.,e0a675eccdee7edc34b1dfce71b01305,https://img.izismile.com/img/img2/20090929/bonus//5/dogs_stars_wars_11.jpg,Animals dressed up as famous {Characters} in creative {Costumes}.,df2d61bdfb1747cc312dc5364084fc0d,https://i.pinimg.com/736x/62/1c/e9/621ce9b3841ceb123fedf4a577cbf7f7--barn-wedding-photos-funny-wedding-photos.jpg,"""Creative use of {Group} people positioned in front of {Background} to form an artistic or whimsical composition."""
control_f0179de6,attribute_priority_control,control,f0179de6164d0122bdbf52bb279a776c,https://us.123rf.com/450wm/davidzydd/davidzydd1511/davidzydd151100577/47711231-stock-vector-charlotte-city-skyline-silhouette-multicolor-line-art.jpg?ver=6,A detailed outline of a {City Skyline} showcasing various {Buildings} in a vibrant {Color Palette}.,f7f2191179e226b24aa8a20d9297f0f5,https://cdn.shopify.com/s/files/1/2297/0353/products/United-States-Map-Sticker_600x.jpg?v=1553216844,"An artistic depiction of {Region}'s iconic symbols and landmarks arranged within the map outline, highlighted by diverse {Color} and {Details}.",efb0b0f0ec32a829a90eee37875c11e5,https://us.123rf.com/450wm/deagreez/deagreez1908/deagreez190808276/129431170-full-length-body-size-view-of-his-he-nice-attractive-stylish-funky-cheerful-cheery-glad-gray-haired-.jpg?ver=6,"Pictures showcasing {Person} in a {Color} environment, emphasizing their relaxed style and natural beauty."
control_edf23f69,attribute_priority_control,control,edf23f69af427b09355ed74545ec5e82,"https://ih1.redbubble.net/image.269068340.1696/raf,360x360,075,t,fafafa:ca443f4786.jpg",A charming illustration featuring anthropomorphic {Fruits} with expressive faces and playful personalities.,e710eb7f719dfdce8c721e39e1344b95,https://img.freepik.com/free-vector/fitness-vegetables-cartoon-characters_204595-327.jpg?size=626&ext=jpg,"Creative illustrations of {Vegetables} engaging in various {Activities}, showcasing unique interactions with objects like {Exercise Equipment} and {Sports}.",fc3068c41f6f9733fd94dd5e04cd39bb,https://us.123rf.com/450wm/bowie15/bowie151309/bowie15130900087/22776276-business-woman-aiming-using-bow-and-arrow.jpg?ver=6,Visuals of individuals aiming for {Target} with {Equipment}.
control_ea77f0de,attribute_priority_control,control,ea77f0defff205ac0521c660b352d894,https://img.izismile.com/img/img5/20120830/640/a_collection_of_strange_but_cute_drawings_640_high_45.jpg,"""Illustration of {Fruit} anthropomorphized, showcasing emotional interactions with other {Animals} in playful or human-like scenarios.""",f13f834f33aaa969e6fed6890ccb5243,https://img.freepik.com/free-vector/slice-watermelon-cartoon-vector_53876-76188.jpg?size=338&ext=jpg,"""Illustration of anthropomorphic {Fruit} with human-like features such as legs and facial expressions.""",ed3c7c91c841e2768bf9c713593b940a,https://i.pinimg.com/736x/76/68/aa/7668aac0a752cf8e4a7876984d592d91--tropical-christmas-trees-coastal-christmas.jpg,Creative fusion of {Tree} and unexpected {Seasonal Decorations} for a one-of-a-kind visual effect.
control_e931ad97,attribute_priority_control,control,e931ad974af313e1999d4d76a073da78,https://blog.feliway.com/hs-fs/hubfs/How%20To%20Stop%20Your%20Cat%20From%20Scratching%20the%20Carpet_2-2.jpg?width=1000&name=How%20To%20Stop%20Your%20Cat%20From%20Scratching%20the%20Carpet_2-2.jpg,Pictures showcasing {Cat} engaging with a {Scratching Post} on a {Surface}.,f9868284712a469955aeb5b9d08e0ceb,https://us.123rf.com/450wm/serkucher/serkucher1908/serkucher190800310/128646993-a-playful-kitty-hides-in-a-white-box-the-cat-yawns-isolated-on-a-white-background.jpg?ver=6,Surprised {Animal} peering out from inside a {Enclosure}.,f7b3ddc2bcca3461b9963a678c544437,https://www.stylishtrendy.com/wp-content/uploads/2013/11/Christmas-Party-Ideas-2013-2014_03.jpg,"Artistic designs of {Object} shaped like a sleeping figure, with details like {Color}, {Accessories}, and {Background}."
control_f6b27f58,attribute_priority_control,control,f6b27f58c459342d805416139ba7aaeb,http://cdn.shopify.com/s/files/1/0130/8422/products/red_fish_canvas-art-print_large.jpg?5855,"Images showcasing {Action} leading to {Result} to demonstrate progress, change, or departure from the norm.",e4fbe3964df1be508645bbb859b294c0,https://i.pinimg.com/736x/d2/38/bc/d238bc7337baa09ea7524102bec9d7b9.jpg,Creative representation of {Scene} with a {Fish} positioned in a {Water Environment}.,effa9ae0fa5da83de8d07260db84bcac,https://us.123rf.com/450wm/byrdyak/byrdyak1804/byrdyak180400002/98725698-360-degree-view-of-single-blossoming-tree-in-spring-on-rural-meadow.jpg?ver=6,"""360-degree view of {Landscapes} or {Structures} in a spherical panorama, showcasing {Scenery} from all angles."""
control_ec0753d7,attribute_priority_control,control,ec0753d78576da91a15bff7d7c9a7311,https://www.saalbach.com/stories-fotos/White%20Style/image-thumb__476952__lightbox-teaser-img/WhiteStyle_2016_Matt_Jones_2nd_place_Photo_Christoph_Laue.jpeg,Skilled riders perform daring {Stunt} on their {Bike} over a {Surface}.,f93304d0964a3be6e870fa1726901639,https://i2.wp.com/bikeaospedacos.com.br/wp-content/uploads/2021/10/red-bull-rampage-nesta-sexta-com-transmissao-ao-vivo-e-em-portugues-1.jpg?resize=980%2C400&ssl=1,"Stunts performed with {Bike} on uneven terrain, showcasing {Rider} in mid-air with an adventurous backdrop as the setting.",ef1941c85541f57045dd470aada081cd,https://us.123rf.com/450wm/alphaspirit/alphaspirit1510/alphaspirit151000185/47210548-executive-operates-with-simplicity-his-business-team.jpg?ver=6,Visuals of {Person} pointing to a hand-drawn {Scene/Concept} that reflects their {Thought/Idea}.
control_e22288fa,attribute_priority_control,control,e22288fadccfe610019bbd2edcd1e3c3,http://static.demilked.com/wp-content/uploads/2016/03/shelter-dogs-adopt-photo-project-humane-society-2.jpg,Different {Animals} showcasing unique {Expressions} and {Emotions} in their natural environments.,f5ad3175716acefc5b2599c2d4f213cb,http://static.boredpanda.com/blog/wp-content/uploads/2014/09/jimmy-choo-bull-terrier-illustrations-rafael-mantesso-6.jpg,Artistic fusion of a {Dog} and imaginative {Shape} for a playful and whimsical design.,fccb407244818cb4573be8075adedc73,https://www.interestinginsects.com/static/img/butterfly-hatching-730.jpg,A comprehensive portrayal of the {Living Organism}'s metamorphosis from its initial stage to its mature form through various transitional phases.
control_ecbe3667,attribute_priority_control,control,ecbe3667dbf9c95410aaae4a48d8deda,https://3.bp.blogspot.com/-pbVGXa3hM40/VPr7cqfVlAI/AAAAAAAACUA/wloDPnS6STM/s1600/pine00.jpg,"A stunning view from outer space of {Object}, showcasing its surroundings against the backdrop of Earth and the sun.",e63f6a2185c0dbf25915cd30dbd8f418,https://www.thoughtco.com/thmb/PmAWM3aTzS-GZi6YvtwOTooHp_0=/768x0/filters:no_upscale():max_bytes(150000):strip_icc()/Apollo8-earthrise-clr-3000-3x2Nasa-5a92e427ff1b780037f909f7.jpg,"The {Celestial Body} captured from the vantage point of the {Spacecraft}, with a backdrop of the {Black Sky}.",f3477ded01f4c3c77447d2786c9658e9,https://s3.amazonaws.com/assets.cce.cornell.edu/slides/8369/image/sized/bugwood5382310-ppt.jpg?1413955310,Using {Coin} as a size reference for {Object}.
control_edd38ba0,attribute_priority_control,control,edd38ba03b58b3ad4fdce29ce6364c20,https://us.123rf.com/450wm/tai11/tai111506/tai11150601109/41360684-un-grand-groupe-de-personnes-dans-la-forme-de-symboles-abstraits-isol%C3%A9-fond-blanc-.jpg?ver=6,"Groups of {People} shaped into the letterforms {Letter 1}, {Letter 2}, {Letter 3} using a creative layout.",e699eb5f80a49467733cd08230692473,https://img3.stockfresh.com/files/c/cienpies/m/91/1921477_stock-photo-isolated-diversity-tree-hands.jpg,A tree design made from {Hands} in various {Colors} and {Positions}.,eda46f8ed7a4fbfa37760354634bbc86,https://www.treehugger.com/thmb/8DOr3PKFGm_0ugRLY94lPtu1mAg=/2048x2048/filters:no_upscale():max_bytes(150000):strip_icc()/__opt__aboutcom__coeus__resources__content_migration__mnn__images__2018__05__two_dogs_share_stick-db101bee57ee4e3d94bc2214f580b653.jpg,Two {Animals} sharing a {Stick} and smiling together in an outdoor scene.
control_f6285277,attribute_priority_control,control,f62852779212603d96210013611bfa1a,https://us.123rf.com/450wm/bswei/bswei1312/bswei131200146/24601279-businessman-climbing-on-wooden-ladder-to-cloud-house-with-city-view.jpg,Visuals showing {Person} climbing toward a {Target} situated at a distance or high above.,df4956b1f614483cb551ab998a7b9f99,https://us.123rf.com/450wm/adam121/adam1211811/adam121181101194/111656595-young-businessman-sitting-on-house-chimney-with-smartphone-in-hands.jpg?ver=6,Visuals depicting {Person} utilizing {Tool/Platform} to reach out to {People/Concept/Object} in a creative way.,e63f6a2185c0dbf25915cd30dbd8f418,https://www.thoughtco.com/thmb/PmAWM3aTzS-GZi6YvtwOTooHp_0=/768x0/filters:no_upscale():max_bytes(150000):strip_icc()/Apollo8-earthrise-clr-3000-3x2Nasa-5a92e427ff1b780037f909f7.jpg,"The {Celestial Body} captured from the vantage point of the {Spacecraft}, with a backdrop of the {Black Sky}."
control_ece7301b,attribute_priority_control,control,ece7301b888cbce4696777810d599a6a,http://img.timeoutshanghai.com/201611/20161101060840378.jpg,A cosplayer in a {Character} outfit showcasing their passion for {Theme} with a {Device}.,e28fd9dcbd7340fc57e1e798d3098493,https://i.pinimg.com/736x/be/e0/23/bee023f0493e06d6675e5f52cf147eac--lemurs-animals-in-clothes.jpg,"A portrait of a person with a {Animal} head, displaying a unique mix of {Character} and {Nature}.",eeac8a2244faceedd3a4f96bc156a8e4,https://us.123rf.com/450wm/martinak/martinak1404/martinak140400118/27106643-white-and-wild-rice-shaped-as-yin-yang-symbol-with-chopsticks-on-dark-wooden-background-asian-cultur.jpg?ver=6,A visual representation of the {Yang} and {Yin} balance using {Objects} in a balanced composition.
control_eab97184,attribute_priority_control,control,eab9718442e49f681ea9d88e53ffa8b8,"https://static.wixstatic.com/media/678ff3_74c63a06779c42ef81d02a37caa06937.jpg/v1/fill/w_511,h_511,al_c,q_80,usm_0.66_1.00_0.01/678ff3_74c63a06779c42ef81d02a37caa06937.jpg","A steampunk-inspired design of a {Animal} featuring intricate details like gears, cogs, and other mechanical elements.",e2840d4faae37e2a68fbab19e7630b62,https://i.pinimg.com/736x/a1/f3/81/a1f3819f67554ec2b06381624c8ca11a.jpg,Unique artistic creations made from {Materials} to mimic imaginative {Animals}.,f7cccb7ab7fae53c9adb4849d2d576ca,https://media-cdn.tripadvisor.com/media/photo-s/05/b7/63/7a/amaris-hotel.jpg,A cleverly designed {Device} that uses {Object} to perform a task in an unexpected and artistic way.
control_e9218d6b,attribute_priority_control,control,e9218d6b0c09474c299f3d7388f2be72,https://photos.smugmug.com/Broken/i-8KFmhtK/0/M/KT_F%20Hole%20in%20the%20Wall-M.jpg,"""Rustic {Structure} with an unevenly shaped {Opening} exposing the {Background} outside.""",f952ec615055b7c9aa58c9f013111711,https://live.staticflickr.com/8399/8641628705_742a7d4d6e.jpg,A series of {Structures} in descending heights creating a mesmerizing visual effect.,e92dd833e3472eeb6b93df445879966b,https://www.dgwildlife.com/img/s/v-10/p4133737345-4.jpg,"""Creative representation of {Animals} engaging in human-like activities or interactions."""
control_e7e77c1a,attribute_priority_control,control,e7e77c1ab98f73a63c4d8922d5b1abf5,https://img-fotki.yandex.ru/get/509531/361085784.8fa/0_1b2a50_7f3412dc_orig.Jpg,Unusual imagery of {Object} interacting with {Liquid} in a visually striking manner.,f4a9ff4f69db1d8a8809ab5669329e3b,https://i.etsystatic.com/5393703/d/il/3ecd82/2406566111/il_340x270.2406566111_k4vn.jpg?version=0,Creative designs featuring {Object} styled with {Accessories} in imaginative ways.,e78219c9cccc2ef4266c56a4fd31112a,https://mymodernmet.com/wp/wp-content/uploads/2020/09/leaf-art-lito-leafart-1.jpg,Creative use of {Material} to craft representations of {Object}.
control_e418b963,attribute_priority_control,control,e418b9638122d79354b6d7459c209c2c,https://assets.saatchiart.com/saatchi/420895/art/1909579/1045823-6.jpg,"""Creative fusion of human forms with artistic depictions of {Animal} features.""",e9d5a9d5a4b9aa94aa761b68f5c15840,https://trendatmosphere.files.wordpress.com/2016/02/collage-antonio-mora-ta-7.jpg,The integration of {Human Face} and {Natural Elements} into a single artistic depiction.,e28fd9dcbd7340fc57e1e798d3098493,https://i.pinimg.com/736x/be/e0/23/bee023f0493e06d6675e5f52cf147eac--lemurs-animals-in-clothes.jpg,"A portrait of a person with a {Animal} head, displaying a unique mix of {Character} and {Nature}."
control_e637fa2e,attribute_priority_control,control,e637fa2e3f67e17fc9c2e791bcf12462,https://cdn.shopify.com/s/files/1/2392/6173/products/04d5b7e0-5519-43c5-aacd-d892d1d5e9ff_1090x@2x.jpg?v=1575725737,A long-exposure shot capturing star trails and showcasing {Tree} as a focal point in the night sky.,e0fdcef8896d199a6a743347b32ae06b,https://pix.avax.news/avaxnews/d5/5a/00045ad5_medium.jpeg,Long-exposure photos capturing the movement of {Stars} around {Tree} against a {Background Scene}.,ea184053f2b9fb4e2cf2f617e5d1c25f,https://www.great-pictures-of-cats.com/image-files/cats-funny-pictures-3.jpg,"Animals discovered in unexpected {Locations}, showcasing curiosity and playfulness."
control_f436407c,attribute_priority_control,control,f436407c7327b61dd5d50424323fb0b6,https://2shopper.files.wordpress.com/2015/03/874_3_danmug-5.jpg?w=600&,"Visuals showcasing {Object} in its original and altered states, transformed by {Environment} or {Temperature}.",f1a36bcf5b3865d19428f524636f3cab,https://us.123rf.com/450wm/orla/orla1812/orla181200035/118899048-a-tap-over-a-bowl-with-a-golden-fish-the-concept-of-rescue-this-is-a-3d-render-illustration.jpg?ver=6,A creative depiction of {Object} being used as a channel for {Fluid}.,feaa1074302730e0e633d59957038006,https://ak1.ostkcdn.com/images/products/16721223/P23035519.jpg,"""Portrait of a {Dog Breed} seated on an elegant {Chair} in a vintage {Setting}"""
control_f1ce1051,attribute_priority_control,control,f1ce1051924e22d851ed972f6a23e87a,https://jonathanbaxter.files.wordpress.com/2012/06/dsc_0214.jpg?w=744,Creative representation of {Object} merging with a {Scene/Object} in an unexpected and imaginative manner.,ffd9b8af6f5d64db6b6dab4d2efa5caa,https://cdn4.eyeem.com/thumb/c744a760e430b85001a8377b03f17725f1940ac7-1543321078998/w/350,"The shadow of a {Tree} projected onto a {Surface}, forming a striking silhouette against sunlight.",e28fd9dcbd7340fc57e1e798d3098493,https://i.pinimg.com/736x/be/e0/23/bee023f0493e06d6675e5f52cf147eac--lemurs-animals-in-clothes.jpg,"A portrait of a person with a {Animal} head, displaying a unique mix of {Character} and {Nature}."
control_f31f59ef,attribute_priority_control,control,f31f59efd0d6d241bd89f842d0cf9fda,https://imgix.bustle.com/uploads/image/2019/9/16/9a1dea83-f8e2-4f43-aa45-7747d75b22b9-il_794xn1722355609_kjwo.jpg?w=400&h=383&fit=crop&crop=faces&auto=format%2Ccompress,Animals adorned with {Unicorn Horn} to mimic the magical {Color} and {Appearance} of unicorns.,e310096e987b7283538ff61200a6190a,https://us.123rf.com/450wm/adogslifephoto/adogslifephoto1504/adogslifephoto150400052/38566089-closeup-photo-of-a-cute-dog-wearing-christmas-reindeer-antlers.jpg?ver=6,Animals adorned with {Reindeer Antlers} to represent {Seasonal or Festive Theme}.,ed8294c17d9f88574601f31b41c1a16c,http://kaijabeishline.com/wp-content/uploads/2017/04/img_7856.jpg,"A thrilling jump off a {Height} cliff into the {Water Environment}, with others observing or preparing for their turn nearby."
control_fc243ea7,attribute_priority_control,control,fc243ea76c7c4291aee3296ea9949076,https://us.123rf.com/450wm/madllen/madllen1303/madllen130300422/18545230-heart-healthy-of-fresh-shrimp-on-a-salad-lettuce-isolated-on-white-background.jpg,"A heart-shaped composition made with {Food Items}, emphasizing {Arrangement} and {Presentation}.",f39baa5961ba30fc1943d0cd737c73e3,https://us.123rf.com/450wm/magicleaf/magicleaf1810/magicleaf181003977/110280680-vector-design-of-burger-and-sandwich-logo-set-of-burger-and-slice-vector-icon-for-stock-.jpg?ver=6,"""Breakdown of a {Food Item} featuring individual components: {Ingredient 1}, {Ingredient 2}, {Ingredient 3}, assembled into a complete {Dish}""",e5f75a1571bc6e212fd558ccae1fe211,http://www.technocrazed.com/wp-content/uploads/2015/11/901-Star-Wars-Stormtroopers-l-640x1136.jpg,"Creative use of {Objects} to resemble {Humans} engaging in everyday activities like {Washing Hair}, {Drying Clothing}, and {Ironing Clothes}."
control_e49bf7c1,attribute_priority_control,control,e49bf7c184e88437e6c98b7ace1c798b,https://us.123rf.com/450wm/aquamarine1paint/aquamarine1paint1911/aquamarine1paint191100147/133315489-vector-illustration-with-people-walk-with-dog-on-a-leash-canine-tracks-in-the-shape-of-heart-on-whit.jpg?ver=6,Visual representation of {Person} and {Animal} surrounded by tracks from their {Foot},f5ad3175716acefc5b2599c2d4f213cb,http://static.boredpanda.com/blog/wp-content/uploads/2014/09/jimmy-choo-bull-terrier-illustrations-rafael-mantesso-6.jpg,Artistic fusion of a {Dog} and imaginative {Shape} for a playful and whimsical design.,fd8279bd3699ba4f11d6d65acb41be17,https://dspncdn.com/a1/media/692x/a3/9d/fa/a39dfac43ccd21003db7542d99413cda.jpg,"""Light painting of {Figurine} with long exposure effects forming dynamic shapes against a dark background."""
control_fbea11b3,attribute_priority_control,control,fbea11b3a6a6d6544affab3211ff1fc1,https://us.123rf.com/450wm/ipanki/ipanki1602/ipanki160200205/51458515-zentangle-stylized-tiger-face-hand-drawn-doodle-vector-illustration-isolated-on-white-background-ske.jpg?ver=6,An intricately designed {Animal} artwork with elaborate {Patterns} and detailed {Features}.,eab9718442e49f681ea9d88e53ffa8b8,"https://static.wixstatic.com/media/678ff3_74c63a06779c42ef81d02a37caa06937.jpg/v1/fill/w_511,h_511,al_c,q_80,usm_0.66_1.00_0.01/678ff3_74c63a06779c42ef81d02a37caa06937.jpg","A steampunk-inspired design of a {Animal} featuring intricate details like gears, cogs, and other mechanical elements.",e2d44a0f13baa10c03fb15f79e2b75dd,http://static.boredpanda.com/blog/wp-content/uploads/2015/12/star-wars-lunches-for-kids-lunchbox-dad-thumb.jpg,"Creative lunchbox designs incorporating {Food Items} to form shapes like {Characters}, {Animals}, or {Themes}."
control_e1e25461,attribute_priority_control,control,e1e25461f7ca57af4995b2446dc4fa44,https://i.pinimg.com/736x/48/97/dd/4897dd22bb121da0927bc6815a684948.jpg,Artistic wireframe sculptures of {Animal} designs showcased with fine attention to detail and unique patterns.,efcda0d0b8bad6595d7adfd806c527d7,https://a.1stdibscdn.com/sanseviero-sculptures-4-blue-boxes-illusion-sculpture-28x16-metal-and-enamel-for-sale-picture-2/a_2082/a_33041331536946311220/Sanseviero_4_Blue_Boxes_2018_front_master.jpg?width=768,"An artistic arrangement of {Shapes} featuring unique patterns and perspectives, produced with a focus on {Color} and {Geometry}.",f730431cc923d28164ab38278e00bf38,https://us.123rf.com/450wm/stalkerstudent/stalkerstudent1511/stalkerstudent151101655/48091745-hospital-bed-vector-flat-illustration-eps-10.jpg?ver=6,Graphic representations of {Object} with different {Colors} to signify various {Concepts} or {Themes}.
control_eab8d357,attribute_priority_control,control,eab8d35711dd89bad1ac5a65990d55fb,https://lh4.googleusercontent.com/-Zz2NhoJtk9k/TYdmXqaiq6I/AAAAAAAAOzg/GhA6hvqyETM/s1600/12.jpg,"""Statues portraying {Human Figures} in dynamic interactions with {Animals} or {Objects} in natural or symbolic settings.""",efb7a46ea998c0e3fd3fcaa148b4e5ab,https://www.dzstatue.com/data/watermark/20210331/606420dc86e5b.jpg,Unique sculptures combining {Figures} into imaginative {Artworks} with distinct {Themes} and {Styles}.,edb2cbc498810c951d1e3a6bffde1c03,https://www.chroniclelive.co.uk/incoming/article17546982.ece/ALTERNATES/s510b/0_CFR_NJL_100120gym_01.jpg,Creative displays of balancing {Object} on the {Surface} for a visually captivating effect.
control_e3033baf,attribute_priority_control,control,e3033baff84e6bc612a5ecaefe9d2f94,https://www.romanticasheville.com/sites/default/files/u13/tryon-WEG-2018-FEI.jpg,Synchronized acts performed by {Performers} on {Animal} in front of an attentive {Audience}.,e054bb782d9bf42c88f8ee4fc4c8c62a,https://st4.depositphotos.com/12985848/21125/i/450/depositphotos_211257240-stock-photo-young-ballerina-black-bodysuit-talc.jpg,"Captured in motion, {Body Part} interacts with {Material} against a dark backdrop.",dfc8461a7c295ee78be76da35b0521b4,https://us.123rf.com/450wm/irynav/irynav1906/irynav190600063/125291999-santa-hat-on-tennis-ball-on-white-snow-background-merry-christmas-and-new-year-concept-with-tennis-b.jpg?ver=6,A {Creative Object} styled like a Christmas tree complete with a {Hat} for a festive touch.
control_f6126f04,attribute_priority_control,control,f6126f0461fa49ffabcabc65cd9e34ef,https://farm4.staticflickr.com/3507/3312887496_7def5172d1.jpg,A lineup of {Objects} evenly spaced on a uniform {Background}.,f15b2be8b9f85a5ab560c727601890fe,https://static5.depositphotos.com/1000419/464/v/380/depositphotos_4642976-stock-illustration-four-seasons-spring-summer-autumn.jpg,A collection of {Seasons} featuring {Trees} with varying {Leaves} and {Flowers} in different {Colors}.,e7f2cd43be3e6c07606985177fdcad1c,https://i.dailymail.co.uk/i/pix/2012/05/05/article-2139669-12EDFCC6000005DC-244_634x415.jpg,Performances showcasing {Animal} dressed in {Human Clothing} interacting with objects typically held by humans.
control_fee90351,attribute_priority_control,control,fee903515296997599f5c0bf61cafbd8,https://img1.10bestmedia.com/Images/Photos/341946/Goat-Yoga_54_990x660.jpg,"People practicing {Activity} surrounded by {Animals}, creating a peaceful and engaging atmosphere.",eda46f8ed7a4fbfa37760354634bbc86,https://www.treehugger.com/thmb/8DOr3PKFGm_0ugRLY94lPtu1mAg=/2048x2048/filters:no_upscale():max_bytes(150000):strip_icc()/__opt__aboutcom__coeus__resources__content_migration__mnn__images__2018__05__two_dogs_share_stick-db101bee57ee4e3d94bc2214f580b653.jpg,Two {Animals} sharing a {Stick} and smiling together in an outdoor scene.,ebee947c663d7c1e66065c1dc8e38f6c,https://bagcraft.uk/wp-content/uploads/2018/02/soake_rainbow_bcspprain_pagoda1.jpg,A circular design showcasing alternating segments of {Color} arranged in a {Theme/Pattern}.
control_e3487f2c,attribute_priority_control,control,e3487f2c0a81812d18b107e28cef299c,https://i.etsystatic.com/il/0d9990/1008830964/il_340x270.1008830964_e6m2.jpg,Visuals showcasing {Animal} blending seamlessly with human-related {Objects} in imaginative scenes.,e28fd9dcbd7340fc57e1e798d3098493,https://i.pinimg.com/736x/be/e0/23/bee023f0493e06d6675e5f52cf147eac--lemurs-animals-in-clothes.jpg,"A portrait of a person with a {Animal} head, displaying a unique mix of {Character} and {Nature}.",fa444794ee5724b8502758e6aa953dbc,https://www.ignant.com/wp-content/uploads/2015/01/Amy_Judd_Painting_14-360x288.jpg,Artwork showcasing {Human Figure} with an {Animal} fused into their body.
control_f93304d0,attribute_priority_control,control,f93304d0964a3be6e870fa1726901639,https://i2.wp.com/bikeaospedacos.com.br/wp-content/uploads/2021/10/red-bull-rampage-nesta-sexta-com-transmissao-ao-vivo-e-em-portugues-1.jpg?resize=980%2C400&ssl=1,"Stunts performed with {Bike} on uneven terrain, showcasing {Rider} in mid-air with an adventurous backdrop as the setting.",e0fa6b5ae10efedbd0d7132ab05cf39f,https://images-na.ssl-images-amazon.com/images/I/417Dc3ix1yL._SL480_.jpg,"A series of images showcasing {Action} performed by a {Person} with a {Object}, highlighting the progression of {Motion}.",f50cc8a671aefa3fe4377af383e7eca1,"https://artlogic-res.cloudinary.com/w_690,c_limit,f_auto,fl_lossy/artlogicstorage/rebeccahossack/images/view/96d920f8ec0f6b41b4fadc6dfcd0abd3j.jpg",Creative fusion of {Animal} characters adorned with {Human Clothing Items}.
aligned_temp_ebd67189_ed83ebbc,temporal_transformation,aligned,ebd67189cf79d3ab02d0a14cbb5c4247,http://notedlist.com/wp-content/uploads/2015/07/wine-barrel-project-ideas/6-wine-barrel-project-ideas.jpg,"""Creative transformation of repurposed {Object} into functional {Dog Bed} with unique design and artistic details.""",ed83ebbc55d3e4338818b3dbb02fe695,https://i.dailymail.co.uk/i/pix/2017/10/18/21/4577E3A800000578-0-image-a-108_1508356961338.jpg,The transformation of {Animal} from its original state to a clean and polished appearance through grooming.,f3cd10d7f3691b6266ceca6a59177a8d,https://static-23.sinclairstoryline.com/resources/media/9d51baba-8343-492f-bd20-929939d0ae15-octopusencounterwithenrichmentobject.jpg,"An {Animal} interacting with a {Feeding Device} in the water, showcasing natural feeding behavior."
aligned_comp_df567ccf_f7a829fa,compositional_formation,aligned,df567ccf0076cfe15dc758ce5179fc77,https://img.freepik.com/free-photo/coffee-grains-heart-form_23-2147896434.jpg?size=626&ext=jpg,Creative use of {Objects} to form a {Shape}.,f7a829fad79772994d2abe53177f4e93,http://static9.depositphotos.com/1010535/1178/i/450/depositphotos_11783955-coffee-cup-image-made-up-of-coffee-beans-on-sack.jpg,A creative use of {Creative Object} made from {Ingredients} on a {Surface}.,ee7fde2f1a7f5376e82382a60bb2f312,https://images-na.ssl-images-amazon.com/images/I/61sXv8NAtrL._AC_SL1000_.jpg,Creative artwork featuring anthropomorphic {Animal} holding anthropomorphic {Food}.
aligned_temp_e91c016d_ebb0a441,temporal_transformation,aligned,e91c016d738c8981682a96d5d19a8ffc,https://us.123rf.com/450wm/yderbisheva/yderbisheva2012/yderbisheva201200010/160438373-watercolor-cocoa-set-with-leaves-hand-painted-gold-linear-fruits-isolated-on-white-background-autumn.jpg?ver=6,"A detailed view of the life cycle of a {Plant}, highlighting its {Seed}, {Sprout}, {Leaves}, and {Flower/Bloom} stages.",ebb0a441f27c21308e90b6f3f9ab0d3f,http://1tb.favim.com/preview/7/763/7632/76327/7632706.jpg,"The transformation of {Ingredient} into {Product} shown through stages: {Raw Material}, {Processed Form}, {Finished Item}",e4fbe3964df1be508645bbb859b294c0,https://i.pinimg.com/736x/d2/38/bc/d238bc7337baa09ea7524102bec9d7b9.jpg,Creative representation of {Scene} with a {Fish} positioned in a {Water Environment}.
aligned_comp_f3c9463a_f9575588,compositional_formation,aligned,f3c9463ad33ca289567c0c759a4f3a84,https://d2c5oomqu2hs08.cloudfront.net/wp-content/uploads/2018/02/cactus-1-web.jpg,A creative arrangement of {Balloon} shaped like a {Object}.,f9575588fb765aac970bc1766efd47f6,https://i.pinimg.com/736x/44/d2/bd/44d2bd716582c8f399f6a0a51bce66d4.jpg,Artistic arrangements of {Fruit} and {Vegetables} shaped into the forms of various {Characters}.,e7c6c07974a5926aab450ff780014cdc,https://www.dorothy-porker.com/wp-content/uploads/2021/06/Jerk-Mushroom-Recipe-London-Loy-Dorothy-Porker-Foodblog-600x500.jpg,Innovative use of {Food Items} to craft imaginative {Characters} or {Figures}.
aligned_temp_ed83ebbc_fec41d2a,temporal_transformation,aligned,ed83ebbc55d3e4338818b3dbb02fe695,https://i.dailymail.co.uk/i/pix/2017/10/18/21/4577E3A800000578-0-image-a-108_1508356961338.jpg,The transformation of {Animal} from its original state to a clean and polished appearance through grooming.,fec41d2a8ae1a3702dd12e0ab695cdaa,https://piximus.net/media2/48647/thumb_fw.jpg,Before-and-after portrayal of {Animal} showcasing their transformation from {Environment/Condition 1} to {Environment/Condition 2}.,e586bc98c94becb7a9e35f0ee45d597e,https://www.kino-zeit.de/sites/default/files/styles/filmseite/public/news/bild104769.jpg?itok=QdhZadd9,Visuals of {Object} transformed into eerie or surreal {Phenomenon} in unexpected ways.
aligned_temp_ea142066_eeb47991,temporal_transformation,aligned,ea1420666aa1e3fa5fb6b25561688fff,https://coolcreativity.com/wp-content/uploads/2014/05/egg-carton-flower-f.jpg,Step-by-step guide on transforming {Recycled Material} into an elegant {Object}.,eeb47991ca59d3ad8b44eb97ded966a1,https://www.welovesolo.com/wp-content/uploads/vecteezy/03/bd1n0vjinyq.jpg,"The life cycle of {Plant} unfolds through the stages: {Seed}, {Sprout}, {Leaves/Buds}, {Flower}, {Fruit/Seed Dispersal}",e139ac0d853ce9073476efdab078b286,https://images.squarespace-cdn.com/content/v1/54dd3bece4b0818948434c85/1474195464000-FQ382S3HZUCXJDLPJMR0/ke17ZwdGBToddI8pDm48kOp1DUWbHziGNAtC5iviBMwUqsxRUqqbr1mOJYKfIPR7LoDQ9mXPOjoJoqy81S2I8N_N4V1vUb5AoIIIbLZhVYxCRW4BPu10St3TBAUQYVKcoqRyWAzwh-mxWXPBPCvwqitFfBRz8WqZa_IH8L9nIOXMQ4LsfZDYfVB9H7gEAFog/tumblr_oa11o1MISz1s8unw6o1_1280.jpg,"""Grid arrangement of repeated images of {Subject} in various {Colors} and {Patterns}."""
aligned_temp_ebd67189_ec08493b,temporal_transformation,aligned,ebd67189cf79d3ab02d0a14cbb5c4247,http://notedlist.com/wp-content/uploads/2015/07/wine-barrel-project-ideas/6-wine-barrel-project-ideas.jpg,"""Creative transformation of repurposed {Object} into functional {Dog Bed} with unique design and artistic details.""",ec08493b332e34f67466a3e600de4cd6,https://cdn.shopify.com/s/files/1/0292/5664/6690/products/0540DAE7-23E4-411E-B699-11C2DE5751F7_800x800_crop_center.jpg?v=1605458516,"The evolution of a {Subject} into a detailed {Completed Sculpture}, showcasing the artistic transformation from initial concept to finished piece.",f437b45f3f6085b94baff1dc88b47a51,http://st.depositphotos.com/1000423/1456/i/450/dep_14563177-Human-eye-on-grey-background.jpg,A visually striking black-and-white image featuring a {Color} accent in the form of an eye or flower.
aligned_temp_e69ba9d3_ee75ff67,temporal_transformation,aligned,e69ba9d3cb34cd1b8326d6eff7c291df,https://us.123rf.com/450wm/weerapat/weerapat1611/weerapat161100251/67303082-hand-watering-green-plants-growing-on-a-pile-of-golden-coins--green-business-and-investment--busines.jpg?ver=6,"Visual representation of {Plant} growing from stacked {Coins}, illustrating {Growth} or {Accumulation}.",ee75ff67be9685d5e0f8f83c519954c1,https://us.123rf.com/450wm/holwichaikawee/holwichaikawee1712/holwichaikawee171200009/91346811-l-albero-che-cresce-sulle-monete-di-un-dollaro-ha-sistemato-come-grafico-sulla-tavola-di-legno-con-i.jpg?ver=6,"Visual representation of {Growth} where {Objects} accumulate gradually, symbolizing {Progress} in stages.",ecaa35a1300f89adaeb4bf787dc6a11a,http://images.fineartamerica.com/images-medium-large-5/hiding-in-my-jeans-donna-tucker.jpg,"""Creative artwork featuring {Animal} interacting with {Clothing} in unique and unexpected ways."""
aligned_temp_ec08493b_ed83ebbc,temporal_transformation,aligned,ec08493b332e34f67466a3e600de4cd6,https://cdn.shopify.com/s/files/1/0292/5664/6690/products/0540DAE7-23E4-411E-B699-11C2DE5751F7_800x800_crop_center.jpg?v=1605458516,"The evolution of a {Subject} into a detailed {Completed Sculpture}, showcasing the artistic transformation from initial concept to finished piece.",ed83ebbc55d3e4338818b3dbb02fe695,https://i.dailymail.co.uk/i/pix/2017/10/18/21/4577E3A800000578-0-image-a-108_1508356961338.jpg,The transformation of {Animal} from its original state to a clean and polished appearance through grooming.,e2311a19734fefd9c0c4cad54a7834e4,"https://ik.imagekit.io/theartling/p/products/Product/05d3c46bda534dc6982e8a67ae99df71.jpg?tr=cm-pad_resize,w-611,h-611,bg-FFFFFF",A surrealistic composition highlighting an unexpected {Object} floating on or amidst the {Background}.
aligned_temp_e91c016d_f66cdd77,temporal_transformation,aligned,e91c016d738c8981682a96d5d19a8ffc,https://us.123rf.com/450wm/yderbisheva/yderbisheva2012/yderbisheva201200010/160438373-watercolor-cocoa-set-with-leaves-hand-painted-gold-linear-fruits-isolated-on-white-background-autumn.jpg?ver=6,"A detailed view of the life cycle of a {Plant}, highlighting its {Seed}, {Sprout}, {Leaves}, and {Flower/Bloom} stages.",f66cdd771f2f7cd83ce4427dd1579568,https://us.123rf.com/450wm/paveu/paveu1503/paveu150300009/37478858-vector-illustration-of-soy-bean-and-plants.jpg?ver=6,"The life cycle of {Plant} as it progresses from {Seed/Bulb} to {Bloom/Flower}, {Fruit/Seed Dispersal}, and {New Seeds/Seedlings}.",f6256a34b17fe76cc6d90ccfd2f6acd5,http://tse3.mm.bing.net/th?id=OIP.aXwDn8Q3pVj_8AzlEh0VogHaHT,A creative fusion of a {Symbol} and a {Familiar Pattern} to form a distinctive design.
aligned_temp_e91c016d_eba89b0d,temporal_transformation,aligned,e91c016d738c8981682a96d5d19a8ffc,https://us.123rf.com/450wm/yderbisheva/yderbisheva2012/yderbisheva201200010/160438373-watercolor-cocoa-set-with-leaves-hand-painted-gold-linear-fruits-isolated-on-white-background-autumn.jpg?ver=6,"A detailed view of the life cycle of a {Plant}, highlighting its {Seed}, {Sprout}, {Leaves}, and {Flower/Bloom} stages.",eba89b0d15181c0673ce4bd685585cf2,https://upload.wikimedia.org/wikipedia/commons/e/ed/Acacia_senegal_-_K%C3%B6hler%E2%80%93s_Medizinal-Pflanzen-004.jpg,"Detailed illustration of the life cycle and key characteristics of a {Plant}, showcasing its {Roots}, {Stem/Leaves}, {Flowers}, and {Fruits/Seeds}.",eaa499566c473a08342989af4945fcfc,https://www.dravenstales.ch/wp-content/uploads/2015/10/horrorfilm-schurken-romantisch-06-550x413.jpg,Photos of {People} interacting with extraordinary or hyper-realistic {Faces} in unique settings.
aligned_temp_f37aebc5_fccb4072,temporal_transformation,aligned,f37aebc58e6f499c7b3bdf740e730ca1,https://us.123rf.com/450wm/mathisa/mathisa1606/mathisa160600092/60898309-isolated-five-bar-swordtail-butterfly-life-cycle-antiphates-pompilius-on-twig-with-clipping-path.jpg?ver=6,"The life cycle of a {Insect}, showcasing its development from a {larva} through metamorphosis to a fully formed {adult}.",fccb407244818cb4573be8075adedc73,https://www.interestinginsects.com/static/img/butterfly-hatching-730.jpg,A comprehensive portrayal of the {Living Organism}'s metamorphosis from its initial stage to its mature form through various transitional phases.,fb39818e1ad3029b9e0dcacfecaf6f24,https://us.123rf.com/450wm/schenski/schenski1809/schenski180900335/110033553-balance-between-boss-and-employee-on-gold-scale.jpg?ver=6,A visual representation of balancing {Object 1} and {Object 2} on a scale.
aligned_temp_e2b56cd0_ea142066,temporal_transformation,aligned,e2b56cd05fa912ab335f96a8fb2657fa,https://tse4.mm.bing.net/th?id=OIP.E6-hFxwen3i0FCFNUDk_pgHaHa&pid=Api&P=0&w=300&h=300,Step-by-step guide on transforming {Material} into an elegant {Flower}.,ea1420666aa1e3fa5fb6b25561688fff,https://coolcreativity.com/wp-content/uploads/2014/05/egg-carton-flower-f.jpg,Step-by-step guide on transforming {Recycled Material} into an elegant {Object}.,f17825dfe61346f93e4dcd4bc1b3f28f,https://raimonsibilo.files.wordpress.com/2013/10/decamps-alexandre-gabriel-the-monkey-painter.jpg?w=285&h=285&crop=1,"Depiction of {Animal} engaging in human-like activities with tools or objects, showcasing imaginative scenes involving {Scene}."
aligned_temp_e64769e2_ecaa7d8a,temporal_transformation,aligned,e64769e22e0a62fe6aa93b7798cef8f4,http://sensiblysara.com/wp-content/uploads/2016/12/2-ingredient-biscuits.jpg,"Detailed process of crafting {Food Item} with {Ingredients} and {Tools}, progressing from {Ingredient Combination} to {Final Product}.",ecaa7d8a1fdadef8f3220cbd6dd7451e,https://cdn.wonderfuldiy.com/wp-content/uploads/2014/08/Mini-Sausage-Wreath-F1.jpg,Transforming {Food Items} into artistic designs: a {Theme/Character} concept.,ff5b91e8018bda5009e0cdcd46dfa00c,http://i.pinimg.com/originals/6a/8c/eb/6a8ceb657b7e6fe82418aab9ebf28fe8.jpg,Creative use of {Object} to construct a visually stunning {Table/Mosaic} with a variety of {Colors} and {Patterns}.
aligned_temp_e64769e2_fc2bf3aa,temporal_transformation,aligned,e64769e22e0a62fe6aa93b7798cef8f4,http://sensiblysara.com/wp-content/uploads/2016/12/2-ingredient-biscuits.jpg,"Detailed process of crafting {Food Item} with {Ingredients} and {Tools}, progressing from {Ingredient Combination} to {Final Product}.",fc2bf3aab1dcf38bf64d3ec4913279b2,https://www.fabartdiy.com/wp-content/uploads/2014/10/Halloween-Spider-Cakes-f.jpg,"""Creative transformation of {Food Items} into artistic representations of {Animals}.""",e1b9b00d7ccd76702744832c98fb8e78,https://www.furilia.com/wp-content/uploads/2019/02/1549721421_956_Lion-Face-Pancake-For-Kids.jpg,A playful arrangement of {Food Items} shaped like a {Object}.
aligned_temp_ea7b1312_f13b2aeb,temporal_transformation,aligned,ea7b131201f4ec87f23caade7326f630,https://images.squarespace-cdn.com/content/v1/566763bf25981d4412e0f3ff/1458608823753-L5ATZQL34ALWBSR2D08J/ke17ZwdGBToddI8pDm48kFQQgP34qnCpeHaeAOzTt7pZw-zPPgdn4jUwVcJE1ZvWQUxwkmyExglNqGp0IvTJZamWLI2zvYWH8K3-s_4yszcp2ryTI0HqTOaaUohrI8PICHnXC1b9smDvYLPdL-DS7U1pkhCtl83kemXd5r3C5ngKMshLAGzx4R3EDFOm1kBS/Munny+13,"Hand-drawn design for {Character/Object} transformed into a physical prototype, displayed alongside its sketch.",f13b2aeb30cbce7ac8b1c5c3ea5353b6,https://us.123rf.com/450wm/hadkhanong/hadkhanong1610/hadkhanong161000010/66538459-drawing-of-set-of-monkey-head-with-pattern-for-coloring-on-white-background.jpg?ver=6,A step-by-step illustration of creating a detailed {Subject} with evolving {Details} and refined {Colors}.,e3ba21e9aea00353c476f9ac85401016,https://us.123rf.com/450wm/cherezoff/cherezoff1507/cherezoff150700783/42277280-perforator-in-shopping-cart-on-isolated-white-background.jpg?ver=6,Unusual combinations of {Object} and {Unrelated Object} resulting in imaginative and funny visuals.
aligned_temp_eeb47991_f66cdd77,temporal_transformation,aligned,eeb47991ca59d3ad8b44eb97ded966a1,https://www.welovesolo.com/wp-content/uploads/vecteezy/03/bd1n0vjinyq.jpg,"The life cycle of {Plant} unfolds through the stages: {Seed}, {Sprout}, {Leaves/Buds}, {Flower}, {Fruit/Seed Dispersal}",f66cdd771f2f7cd83ce4427dd1579568,https://us.123rf.com/450wm/paveu/paveu1503/paveu150300009/37478858-vector-illustration-of-soy-bean-and-plants.jpg?ver=6,"The life cycle of {Plant} as it progresses from {Seed/Bulb} to {Bloom/Flower}, {Fruit/Seed Dispersal}, and {New Seeds/Seedlings}.",fc35762a19e5e24225dd5149be04bc24,https://i.pinimg.com/originals/d2/00/46/d2004616eca1ff98098ccae98214da54.jpg,Creative visual depictions of {Object} representing the idea of {Light}.
aligned_temp_dfaea76f_e662ccd0,temporal_transformation,aligned,dfaea76f6feb71af9edc4d6dae028b99,https://theawesomer.com/photos/2010/06/061510_Anti_Theft_Lunch_Bag_3.jpg,"Visuals highlighting {Food} in different conditions: fresh versus decayed, packaged versus spoiled, or uncooked versus overcooked.",e662ccd0b2764ab04d4b4ac5d7f3d24f,https://lovingitvegan.com/wp-content/uploads/2020/12/Vegan-Ginger-Cookies-Collage-2.jpg,"Visual representation of the {Process} of making {Food Item} from {Raw Material}, illustrating each stage with {Ingredients}, {Tools}, and {Environment}.",e8aad1a6eb2554706f98a8ed5977a02b,https://data.ac-illust.com/data/thumbnails/94/94e844655fe19ee245832daef423637f_t.jpeg,"Illustrations showcasing {People} lifted by {Drone Aircraft} in diverse environments like {Mountains}, {Beaches}, or {Cities}."
aligned_temp_f6875b4a_ff79f005,temporal_transformation,aligned,f6875b4ab38c43cc05aadde4063d41b5,"https://static.wixstatic.com/media/d17fe1_1a078d2399d14147a2099b78f1b6fd12~mv2.jpg/v1/fill/w_454,h_341,fp_0.50_0.50,q_90/d17fe1_1a078d2399d14147a2099b78f1b6fd12~mv2.jpg",Progression of {Species} through various {Stages of Development} over time.,ff79f005dba58277f3066de6adc4ee6a,https://media.newyorker.com/photos/590979d8019dfc3494ea33cb/master/w_2560%2Cc_limit/Brody-Cinemas-Walking-Cure-02.jpg,"Step-by-step progression of {Subject} performing {Action}, shown in sequential frames across multiple phases.",fc33145f128d8ef9183118b19e6f2245,https://s3-media4.fl.yelpcdn.com/bphoto/UctyxHJGKt0wVFMlj7WQtw/o.jpg,"""Creative hair designs featuring geometric patterns and shapes carved into {Hair Style} using {Cutting Technique}."""
aligned_temp_f0e49274_f6875b4a,temporal_transformation,aligned,f0e492741a76fd2ed688a5ea62fcedaa,https://images.squarespace-cdn.com/content/538bad56e4b0c3b633f728e7/1407735580496-1CN20NL7G0R67I20AOCX/MU036.jpg?content-type=image%2Fjpeg,Progressive motion stages of {Subject} captured in sequential images across various {Actions} or {Positions}.,f6875b4ab38c43cc05aadde4063d41b5,"https://static.wixstatic.com/media/d17fe1_1a078d2399d14147a2099b78f1b6fd12~mv2.jpg/v1/fill/w_454,h_341,fp_0.50_0.50,q_90/d17fe1_1a078d2399d14147a2099b78f1b6fd12~mv2.jpg",Progression of {Species} through various {Stages of Development} over time.,fe234d334bd43fbab6b9b3bf33fdfdb1,https://www.thesun.co.uk/wp-content/uploads/2016/09/nintchdbpict000266172911.jpg?w=960,Surprising interactions between {Animals} and {Objects} that mimic their behavior.
aligned_temp_fe49aaa6_ff79f005,temporal_transformation,aligned,fe49aaa60e6b4b13b7a2d795a033f8f7,https://photos.smugmug.com/photos/i-6vVk9Db/1/L/i-6vVk9Db-L.jpg,"Step-by-step visual representation of the {Subject} performing a {Action}, showing gradual progression from {Starting Position} to {Ending Position}.",ff79f005dba58277f3066de6adc4ee6a,https://media.newyorker.com/photos/590979d8019dfc3494ea33cb/master/w_2560%2Cc_limit/Brody-Cinemas-Walking-Cure-02.jpg,"Step-by-step progression of {Subject} performing {Action}, shown in sequential frames across multiple phases.",f50cc8a671aefa3fe4377af383e7eca1,"https://artlogic-res.cloudinary.com/w_690,c_limit,f_auto,fl_lossy/artlogicstorage/rebeccahossack/images/view/96d920f8ec0f6b41b4fadc6dfcd0abd3j.jpg",Creative fusion of {Animal} characters adorned with {Human Clothing Items}.
aligned_temp_f0e49274_fe49aaa6,temporal_transformation,aligned,f0e492741a76fd2ed688a5ea62fcedaa,https://images.squarespace-cdn.com/content/538bad56e4b0c3b633f728e7/1407735580496-1CN20NL7G0R67I20AOCX/MU036.jpg?content-type=image%2Fjpeg,Progressive motion stages of {Subject} captured in sequential images across various {Actions} or {Positions}.,fe49aaa60e6b4b13b7a2d795a033f8f7,https://photos.smugmug.com/photos/i-6vVk9Db/1/L/i-6vVk9Db-L.jpg,"Step-by-step visual representation of the {Subject} performing a {Action}, showing gradual progression from {Starting Position} to {Ending Position}.",ee088e8ba7490d514a454d4a214d460b,https://2img.net/h/jebeurrematartine.files.wordpress.com/2013/02/vincent-van-gogh-skull-of-a-skeleton-with-burning-cigarette1.jpg,Creative portraits of {Subject} showcasing an artistic rendering of a {Fossilized Object}.
aligned_temp_f6875b4a_fe49aaa6,temporal_transformation,aligned,f6875b4ab38c43cc05aadde4063d41b5,"https://static.wixstatic.com/media/d17fe1_1a078d2399d14147a2099b78f1b6fd12~mv2.jpg/v1/fill/w_454,h_341,fp_0.50_0.50,q_90/d17fe1_1a078d2399d14147a2099b78f1b6fd12~mv2.jpg",Progression of {Species} through various {Stages of Development} over time.,fe49aaa60e6b4b13b7a2d795a033f8f7,https://photos.smugmug.com/photos/i-6vVk9Db/1/L/i-6vVk9Db-L.jpg,"Step-by-step visual representation of the {Subject} performing a {Action}, showing gradual progression from {Starting Position} to {Ending Position}.",e2050b465571deb06ba53dd0702aba84,"https://iiif.wellcomecollection.org/image/B0009841/full/300,/0/default.jpg","""Illustration of {Person}'s internal thoughts, represented by thought bubbles showing {Thought 1}, {Thought 2}, {Thought 3}."""
aligned_temp_df3d12e5_f13b2aeb,temporal_transformation,aligned,df3d12e5c87e8438665b166b37a72fa1,"https://lumiere-a.akamaihd.net/v1/images/pt_disneymagicmoments_learntosketchwickettheewok_20003_89bad6ca.jpeg?region=0,0,600,450","""Step-by-step drawing process of a {Character} with progressive refinement of {Features} and final touches for {Details}.""",f13b2aeb30cbce7ac8b1c5c3ea5353b6,https://us.123rf.com/450wm/hadkhanong/hadkhanong1610/hadkhanong161000010/66538459-drawing-of-set-of-monkey-head-with-pattern-for-coloring-on-white-background.jpg?ver=6,A step-by-step illustration of creating a detailed {Subject} with evolving {Details} and refined {Colors}.,eb354b7696549fd097a044a80db7828f,https://cdn.shopify.com/s/files/1/0027/3229/4213/products/Doors_Collage_label_resized_grande.jpg?v=1613197726,"A collection of diverse {Objects} highlighting unique designs, patterns, and tones in an artistic arrangement."
aligned_temp_df060e26_df3d12e5,temporal_transformation,aligned,df060e263ffcb757d257f8e7e61aaad4,http://d2jv9003bew7ag.cloudfront.net/uploads/8613006112007329-450x404.jpg,"Step-by-step {Process} presented through four sequential stages: {Initial State}, {Transformation 1}, {Transformation 2}, {Final Outcome}, highlighted by evolving {Details} and {Textures}.",df3d12e5c87e8438665b166b37a72fa1,"https://lumiere-a.akamaihd.net/v1/images/pt_disneymagicmoments_learntosketchwickettheewok_20003_89bad6ca.jpeg?region=0,0,600,450","""Step-by-step drawing process of a {Character} with progressive refinement of {Features} and final touches for {Details}.""",f23bf5d2a19e110ad7e0e6c9f3b67125,https://pix.avax.news/avaxnews/06/9f/00059f06_medium.jpeg,Ingenious editing merging {Scene} with {Figures} into imaginative or surreal visuals.
aligned_temp_df3d12e5_fd170b47,temporal_transformation,aligned,df3d12e5c87e8438665b166b37a72fa1,"https://lumiere-a.akamaihd.net/v1/images/pt_disneymagicmoments_learntosketchwickettheewok_20003_89bad6ca.jpeg?region=0,0,600,450","""Step-by-step drawing process of a {Character} with progressive refinement of {Features} and final touches for {Details}.""",fd170b47807317844cf1df55b1bce272,https://us.123rf.com/450wm/beaubelle/beaubelle1509/beaubelle150900004/44846317-%E7%94%9F%E5%91%BD%E3%81%AE%E6%A8%B9%E3%80%81%E3%83%8F%E3%83%BC%E3%83%88%E5%BD%A2%E3%81%AE%E6%9E%9D%E3%81%A8%E6%A0%B9.jpg?ver=6,"Artwork showing {Tree} with heart-shaped {Leaves} and {Roots}, symbolizing {Love} and {Growth}.",ed3c7c91c841e2768bf9c713593b940a,https://i.pinimg.com/736x/76/68/aa/7668aac0a752cf8e4a7876984d592d91--tropical-christmas-trees-coastal-christmas.jpg,Creative fusion of {Tree} and unexpected {Seasonal Decorations} for a one-of-a-kind visual effect.
aligned_temp_f0e49274_ff79f005,temporal_transformation,aligned,f0e492741a76fd2ed688a5ea62fcedaa,https://images.squarespace-cdn.com/content/538bad56e4b0c3b633f728e7/1407735580496-1CN20NL7G0R67I20AOCX/MU036.jpg?content-type=image%2Fjpeg,Progressive motion stages of {Subject} captured in sequential images across various {Actions} or {Positions}.,ff79f005dba58277f3066de6adc4ee6a,https://media.newyorker.com/photos/590979d8019dfc3494ea33cb/master/w_2560%2Cc_limit/Brody-Cinemas-Walking-Cure-02.jpg,"Step-by-step progression of {Subject} performing {Action}, shown in sequential frames across multiple phases.",e30d1402c1b9731e15b14dc9a55b985f,"https://static.wixstatic.com/media/4b8a3f_cc12307a42f541fe89c7675352630b24~mv2.jpg/v1/fill/w_626,h_417,al_c,q_80,usm_0.66_1.00_0.01/4b8a3f_cc12307a42f541fe89c7675352630b24~mv2.jpg",A musical staff creatively adorned with {Natural Elements} to represent {Pitch} and {Decoration}.
aligned_temp_eba89b0d_f66cdd77,temporal_transformation,aligned,eba89b0d15181c0673ce4bd685585cf2,https://upload.wikimedia.org/wikipedia/commons/e/ed/Acacia_senegal_-_K%C3%B6hler%E2%80%93s_Medizinal-Pflanzen-004.jpg,"Detailed illustration of the life cycle and key characteristics of a {Plant}, showcasing its {Roots}, {Stem/Leaves}, {Flowers}, and {Fruits/Seeds}.",f66cdd771f2f7cd83ce4427dd1579568,https://us.123rf.com/450wm/paveu/paveu1503/paveu150300009/37478858-vector-illustration-of-soy-bean-and-plants.jpg?ver=6,"The life cycle of {Plant} as it progresses from {Seed/Bulb} to {Bloom/Flower}, {Fruit/Seed Dispersal}, and {New Seeds/Seedlings}.",ea45a82b83357e43752e1b7a8a25cbcc,https://images.squarespace-cdn.com/content/v1/568690b01115e06a4a17acb2/1460042078287-KTISYPZFN6IT6OG0S09Q/ke17ZwdGBToddI8pDm48kKAGTuyRrJpg8i89wxVwO71Zw-zPPgdn4jUwVcJE1ZvWQUxwkmyExglNqGp0IvTJZamWLI2zvYWH8K3-s_4yszcp2ryTI0HqTOaaUohrI8PIiW8y5t8kg646_0F5HXcvvr92gLiLlAnATZlcXk7d9qwKMshLAGzx4R3EDFOm1kBS/Tips+for+Moving+With+Kids,People wearing {Cardboard Boxes} creatively transformed into {Faces} while surrounded by {Objects} that mimic smiles and expressions.
aligned_temp_e662ccd0_ecaa7d8a,temporal_transformation,aligned,e662ccd0b2764ab04d4b4ac5d7f3d24f,https://lovingitvegan.com/wp-content/uploads/2020/12/Vegan-Ginger-Cookies-Collage-2.jpg,"Visual representation of the {Process} of making {Food Item} from {Raw Material}, illustrating each stage with {Ingredients}, {Tools}, and {Environment}.",ecaa7d8a1fdadef8f3220cbd6dd7451e,https://cdn.wonderfuldiy.com/wp-content/uploads/2014/08/Mini-Sausage-Wreath-F1.jpg,Transforming {Food Items} into artistic designs: a {Theme/Character} concept.,fe05e6387b964f284f221faf825a46cb,https://streetartutopia.com/wp-content/uploads/2015/08/Street-Art-by-Nikita-Nomerz-A-Collection-5.jpg,Creative mural work on {Surface} featuring a {Theme} face or {Character}.
aligned_temp_e662ccd0_fc2bf3aa,temporal_transformation,aligned,e662ccd0b2764ab04d4b4ac5d7f3d24f,https://lovingitvegan.com/wp-content/uploads/2020/12/Vegan-Ginger-Cookies-Collage-2.jpg,"Visual representation of the {Process} of making {Food Item} from {Raw Material}, illustrating each stage with {Ingredients}, {Tools}, and {Environment}.",fc2bf3aab1dcf38bf64d3ec4913279b2,https://www.fabartdiy.com/wp-content/uploads/2014/10/Halloween-Spider-Cakes-f.jpg,"""Creative transformation of {Food Items} into artistic representations of {Animals}.""",e1b9b00d7ccd76702744832c98fb8e78,https://www.furilia.com/wp-content/uploads/2019/02/1549721421_956_Lion-Face-Pancake-For-Kids.jpg,A playful arrangement of {Food Items} shaped like a {Object}.
aligned_comp_e2c54863_f3c9463a,compositional_formation,aligned,e2c548634699e005593eff2f73406127,https://cdn11.bigcommerce.com/s-t5mzvifm/images/stencil/760x760/products/472/685/1BACFPT42-a__53881.1463085504.jpg?c=2,"A {Tree} shape crafted from {Fruits}, with an array of {Colors} and {Types} arranged at the base.",f3c9463ad33ca289567c0c759a4f3a84,https://d2c5oomqu2hs08.cloudfront.net/wp-content/uploads/2018/02/cactus-1-web.jpg,A creative arrangement of {Balloon} shaped like a {Object}.,f437b45f3f6085b94baff1dc88b47a51,http://st.depositphotos.com/1000423/1456/i/450/dep_14563177-Human-eye-on-grey-background.jpg,A visually striking black-and-white image featuring a {Color} accent in the form of an eye or flower.
aligned_comp_ece780da_f9575588,compositional_formation,aligned,ece780da732cddd0812c30257270852a,https://media01.stockfood.com/previews/MjIzNDA4OA==/00186174-Food-collage-Vegetable-face-on-plate.jpg,"""Creative use of {Food Items} to form a {Face} with elements like {Eyes}, {Nose}, and {Mouth}.""",f9575588fb765aac970bc1766efd47f6,https://i.pinimg.com/736x/44/d2/bd/44d2bd716582c8f399f6a0a51bce66d4.jpg,Artistic arrangements of {Fruit} and {Vegetables} shaped into the forms of various {Characters}.,ecaa35a1300f89adaeb4bf787dc6a11a,http://images.fineartamerica.com/images-medium-large-5/hiding-in-my-jeans-donna-tucker.jpg,"""Creative artwork featuring {Animal} interacting with {Clothing} in unique and unexpected ways."""
aligned_comp_ed7babd2_f54e3fef,compositional_formation,aligned,ed7babd29e13995276c81cbb4bd1c9b5,https://i.pinimg.com/736x/ff/35/a4/ff35a4cba3cfb8a46b54ff78e6fa2c8c--white-swan-life-photo.jpg,Two {Animals} positioned in a way that forms a {Symbolic Shape}.,f54e3fefe4206f79a3b37bfac1db08c8,https://img2.goodfon.com/wallpaper/big/b/26/fon-trava-listya-cvety-belye.jpg,A creative display of {Flowers} forming a {Symbol}.,fb36b184aa8814e41f726fc180c809a8,https://cdn2.tass.ru/fit/1000x1000_ad2ec9e9/tass/m2/en/uploads/i/20160301/1125846.jpg,"Scenarios portraying {Person 1} and {Person 2} in contrasting {Action 1} and {Action 2}, showcasing differences in {Environment} and {Behavior}."
aligned_comp_df567ccf_ed7babd2,compositional_formation,aligned,df567ccf0076cfe15dc758ce5179fc77,https://img.freepik.com/free-photo/coffee-grains-heart-form_23-2147896434.jpg?size=626&ext=jpg,Creative use of {Objects} to form a {Shape}.,ed7babd29e13995276c81cbb4bd1c9b5,https://i.pinimg.com/736x/ff/35/a4/ff35a4cba3cfb8a46b54ff78e6fa2c8c--white-swan-life-photo.jpg,Two {Animals} positioned in a way that forms a {Symbolic Shape}.,ff201a6ef034350aa47ab0361aec9f93,https://us.123rf.com/450wm/lonely11/lonely111307/lonely11130700014/20920832-sombrero-and-mustache-mexican-accessories--illustration-contains-transparency-and-blending-effects.jpg,Illustrations of {Symbol} fused with an imaginative {Face} to create unique {Concepts}.
aligned_comp_e602b6e9_f7a29de9,compositional_formation,aligned,e602b6e92f6c54573e1bb4ad48667e69,http://cute-n-tiny.com/wp-content/uploads/2010/05/cute-penguin-bento-400x300.jpg,Imaginative food arrangements transforming {Ingredients} into recognizable {Shapes} or {Characters}.,f7a29de93eda4fe16ad3de37aa5fe409,https://i.pinimg.com/736x/e8/36/2f/e8362f3983a8020d5be7d9bd47e5b5af.jpg,Artistic representation of {Fruits} and {Vegetables} arranged into a {Face} design on a plate.,f6c88e4c4d36e348f9338f11ea3c8a45,https://us.123rf.com/450wm/theblackrhino/theblackrhino1504/theblackrhino150400191/38545617-finger-over-blender-button-with-scared-person-in-jar.jpg?ver=6,Visuals depicting {Action} carried out with the help of a {Object}.
aligned_comp_e602b6e9_e8827721,compositional_formation,aligned,e602b6e92f6c54573e1bb4ad48667e69,http://cute-n-tiny.com/wp-content/uploads/2010/05/cute-penguin-bento-400x300.jpg,Imaginative food arrangements transforming {Ingredients} into recognizable {Shapes} or {Characters}.,e8827721df325f4fc220b1d339e894ab,https://us.123rf.com/450wm/serg788/serg7881511/serg788151100221/48446281-vegetable-rabbit-on-blue-plate-on-wooden-background.jpg?ver=6,A playful arrangement of {Food Items} shaped into a {Animal}.,ff10fe10c167bea8bce09c43b6d2a48d,https://us.123rf.com/450wm/dutourdumonde/dutourdumonde1603/dutourdumonde160300018/55314867-old-hill-street-police-station-historic-building-in-singapore-neo-classical-style-building-with-colo.jpg?ver=6,Artistic depiction of {Structure} adorned with bold {Colors} in various patterns or designs.
aligned_comp_e2c54863_e7c44a40,compositional_formation,aligned,e2c548634699e005593eff2f73406127,https://cdn11.bigcommerce.com/s-t5mzvifm/images/stencil/760x760/products/472/685/1BACFPT42-a__53881.1463085504.jpg?c=2,"A {Tree} shape crafted from {Fruits}, with an array of {Colors} and {Types} arranged at the base.",e7c44a402383f0881f075fa7fdde6888,https://i.pinimg.com/736x/3a/af/5f/3aaf5f713ce6f1576e86f0c5b8f90885--christmas-eve-christmas-parties.jpg,Creative use of {Food Items} to form the shape of a {Christmas Tree}.,f17825dfe61346f93e4dcd4bc1b3f28f,https://raimonsibilo.files.wordpress.com/2013/10/decamps-alexandre-gabriel-the-monkey-painter.jpg?w=285&h=285&crop=1,"Depiction of {Animal} engaging in human-like activities with tools or objects, showcasing imaginative scenes involving {Scene}."
aligned_comp_ece780da_f7a29de9,compositional_formation,aligned,ece780da732cddd0812c30257270852a,https://media01.stockfood.com/previews/MjIzNDA4OA==/00186174-Food-collage-Vegetable-face-on-plate.jpg,"""Creative use of {Food Items} to form a {Face} with elements like {Eyes}, {Nose}, and {Mouth}.""",f7a29de93eda4fe16ad3de37aa5fe409,https://i.pinimg.com/736x/e8/36/2f/e8362f3983a8020d5be7d9bd47e5b5af.jpg,Artistic representation of {Fruits} and {Vegetables} arranged into a {Face} design on a plate.,ff5b91e8018bda5009e0cdcd46dfa00c,http://i.pinimg.com/originals/6a/8c/eb/6a8ceb657b7e6fe82418aab9ebf28fe8.jpg,Creative use of {Object} to construct a visually stunning {Table/Mosaic} with a variety of {Colors} and {Patterns}.
aligned_comp_e8827721_ece780da,compositional_formation,aligned,e8827721df325f4fc220b1d339e894ab,https://us.123rf.com/450wm/serg788/serg7881511/serg788151100221/48446281-vegetable-rabbit-on-blue-plate-on-wooden-background.jpg?ver=6,A playful arrangement of {Food Items} shaped into a {Animal}.,ece780da732cddd0812c30257270852a,https://media01.stockfood.com/previews/MjIzNDA4OA==/00186174-Food-collage-Vegetable-face-on-plate.jpg,"""Creative use of {Food Items} to form a {Face} with elements like {Eyes}, {Nose}, and {Mouth}.""",fe4867b5ea44175f71d90824f3524789,https://cdn.shopify.com/s/files/1/0023/8950/8132/products/PVC_Grey_Gradient_cropped_450x.jpg?v=1539704958,"Innovative {Object} designed for holding {Flower}, showcasing a unique design and artistic flair."
aligned_comp_df567ccf_fc243ea7,compositional_formation,aligned,df567ccf0076cfe15dc758ce5179fc77,https://img.freepik.com/free-photo/coffee-grains-heart-form_23-2147896434.jpg?size=626&ext=jpg,Creative use of {Objects} to form a {Shape}.,fc243ea76c7c4291aee3296ea9949076,https://us.123rf.com/450wm/madllen/madllen1303/madllen130300422/18545230-heart-healthy-of-fresh-shrimp-on-a-salad-lettuce-isolated-on-white-background.jpg,"A heart-shaped composition made with {Food Items}, emphasizing {Arrangement} and {Presentation}.",e3ba21e9aea00353c476f9ac85401016,https://us.123rf.com/450wm/cherezoff/cherezoff1507/cherezoff150700783/42277280-perforator-in-shopping-cart-on-isolated-white-background.jpg?ver=6,Unusual combinations of {Object} and {Unrelated Object} resulting in imaginative and funny visuals.
aligned_comp_f54e3fef_fc243ea7,compositional_formation,aligned,f54e3fefe4206f79a3b37bfac1db08c8,https://img2.goodfon.com/wallpaper/big/b/26/fon-trava-listya-cvety-belye.jpg,A creative display of {Flowers} forming a {Symbol}.,fc243ea76c7c4291aee3296ea9949076,https://us.123rf.com/450wm/madllen/madllen1303/madllen130300422/18545230-heart-healthy-of-fresh-shrimp-on-a-salad-lettuce-isolated-on-white-background.jpg,"A heart-shaped composition made with {Food Items}, emphasizing {Arrangement} and {Presentation}.",fc35762a19e5e24225dd5149be04bc24,https://i.pinimg.com/originals/d2/00/46/d2004616eca1ff98098ccae98214da54.jpg,Creative visual depictions of {Object} representing the idea of {Light}.
aligned_comp_e255b2c5_fc243ea7,compositional_formation,aligned,e255b2c5d74978e6e5e70df7e43836d0,https://img1.etsystatic.com/203/0/5236506/il_340x270.1263092685_78ni.jpg,A heart-shaped arrangement made with {Objects} of different {Colors} and {Shapes}.,fc243ea76c7c4291aee3296ea9949076,https://us.123rf.com/450wm/madllen/madllen1303/madllen130300422/18545230-heart-healthy-of-fresh-shrimp-on-a-salad-lettuce-isolated-on-white-background.jpg,"A heart-shaped composition made with {Food Items}, emphasizing {Arrangement} and {Presentation}.",e8aad1a6eb2554706f98a8ed5977a02b,https://data.ac-illust.com/data/thumbnails/94/94e844655fe19ee245832daef423637f_t.jpeg,"Illustrations showcasing {People} lifted by {Drone Aircraft} in diverse environments like {Mountains}, {Beaches}, or {Cities}."
aligned_comp_e439da05_f8cf828c,compositional_formation,aligned,e439da05427b410c1f832742dc38c5a8,http://static7.depositphotos.com/1006480/683/v/950/depositphotos_6838608-Set-of-Colorful-Art-Pencils.jpg,A collection of {Objects} arranged in a circular formation with varying {Colors} or {Patterns}.,f8cf828cc20d191a97f47d958a8eb85a,https://img0.etsystatic.com/002/0/7046480/il_570xN.359498852_of9d.jpg,Arrangement of {Utensils} into a {Conceptual Structure} with imaginative designs.,f48803128c90f0822b13f5611616e69a,https://g.foolcdn.com/image/?url=https%3A%2F%2Fg.foolcdn.com%2Feditorial%2Fimages%2F457228%2Fsenior-with-mag-glass-gettyimages-92378338.jpg&amp;w=700&amp;op=resize,"""Close-up view of a {Person} using a {Magnifying Glass} to examine {Object}."""
aligned_comp_e9f11059_ed3d84c8,compositional_formation,aligned,e9f1105995cfa1ba8673317081ddfd59,https://us.123rf.com/450wm/imagesourceprem/imagesourceprem1706/imagesourceprem170664785/82214248-aerial-view-of-friends-lying-in-star-shape-on-sand.jpg?ver=6,"""Group of {People} forming a {Shape} on the ground using {Object}.""",ed3d84c842377464f884c300e72912c5,https://s3.amazonaws.com/freestock-prod/450/freestock_58144744.jpg,A group of {People} arranged in a circular formation around a central {Object}.,ed37c80a0e6c075411432da61a49799a,https://us.123rf.com/450wm/akz/akz1505/akz150502751/40341572-portrait-of-little-smiling-blonde-boy-child-holding-photo-frame-framing-his-face-studio-shot-isolate.jpg?ver=6,People framing their {Face} with a {Frame}.
aligned_comp_e8827721_ff94486f,compositional_formation,aligned,e8827721df325f4fc220b1d339e894ab,https://us.123rf.com/450wm/serg788/serg7881511/serg788151100221/48446281-vegetable-rabbit-on-blue-plate-on-wooden-background.jpg?ver=6,A playful arrangement of {Food Items} shaped into a {Animal}.,ff94486f2fb662ef963bb3c9d62a8e65,"https://images-wixmp-ed30a86b8c4ca887773594c2.wixmp.com/f/330850b0-94df-44eb-a396-938a7de99d11/d3dgwdl-cd3fb11c-5415-4e0c-b101-0fee5656cde9.jpg/v1/fill/w_900,h_598,q_75,strp/3d_origami_pikachu_by_ibeautylovely-d3dgwdl.jpg?token=eyJ0eXAiOiJKV1QiLCJhbGciOiJIUzI1NiJ9.eyJpc3MiOiJ1cm46YXBwOjdlMGQxODg5ODIyNjQzNzNhNWYwZDQxNWVhMGQyNmUwIiwic3ViIjoidXJuOmFwcDo3ZTBkMTg4OTgyMjY0MzczYTVmMGQ0MTVlYTBkMjZlMCIsImF1ZCI6WyJ1cm46c2VydmljZTppbWFnZS5vcGVyYXRpb25zIl0sIm9iaiI6W1t7InBhdGgiOiIvZi8zMzA4NTBiMC05NGRmLTQ0ZWItYTM5Ni05MzhhN2RlOTlkMTEvZDNkZ3dkbC1jZDNmYjExYy01NDE1LTRlMGMtYjEwMS0wZmVlNTY1NmNkZTkuanBnIiwid2lkdGgiOiI8PTkwMCIsImhlaWdodCI6Ijw9NTk4In1dXX0.kjwEeJcTmOrgFv5gvxPE_Pr9wF8muWQaagwsH9kYyt0",An intricately folded {Paper} origami creation shaped like a {Character/Animal}.,fe03ca2d30f62aea0ca87c897b594c63,https://us.123rf.com/450wm/magicleaf/magicleaf1812/magicleaf181205589/113408737-vector-illustration-of-insect-and-fly-logo-collection-of-insect-and-element-stock-symbol-for-web-.jpg?ver=6,An array of {Object} designs featuring different {Style} and {Color} elements.
aligned_comp_f9575588_ff94486f,compositional_formation,aligned,f9575588fb765aac970bc1766efd47f6,https://i.pinimg.com/736x/44/d2/bd/44d2bd716582c8f399f6a0a51bce66d4.jpg,Artistic arrangements of {Fruit} and {Vegetables} shaped into the forms of various {Characters}.,ff94486f2fb662ef963bb3c9d62a8e65,"https://images-wixmp-ed30a86b8c4ca887773594c2.wixmp.com/f/330850b0-94df-44eb-a396-938a7de99d11/d3dgwdl-cd3fb11c-5415-4e0c-b101-0fee5656cde9.jpg/v1/fill/w_900,h_598,q_75,strp/3d_origami_pikachu_by_ibeautylovely-d3dgwdl.jpg?token=eyJ0eXAiOiJKV1QiLCJhbGciOiJIUzI1NiJ9.eyJpc3MiOiJ1cm46YXBwOjdlMGQxODg5ODIyNjQzNzNhNWYwZDQxNWVhMGQyNmUwIiwic3ViIjoidXJuOmFwcDo3ZTBkMTg4OTgyMjY0MzczYTVmMGQ0MTVlYTBkMjZlMCIsImF1ZCI6WyJ1cm46c2VydmljZTppbWFnZS5vcGVyYXRpb25zIl0sIm9iaiI6W1t7InBhdGgiOiIvZi8zMzA4NTBiMC05NGRmLTQ0ZWItYTM5Ni05MzhhN2RlOTlkMTEvZDNkZ3dkbC1jZDNmYjExYy01NDE1LTRlMGMtYjEwMS0wZmVlNTY1NmNkZTkuanBnIiwid2lkdGgiOiI8PTkwMCIsImhlaWdodCI6Ijw9NTk4In1dXX0.kjwEeJcTmOrgFv5gvxPE_Pr9wF8muWQaagwsH9kYyt0",An intricately folded {Paper} origami creation shaped like a {Character/Animal}.,ee088e8ba7490d514a454d4a214d460b,https://2img.net/h/jebeurrematartine.files.wordpress.com/2013/02/vincent-van-gogh-skull-of-a-skeleton-with-burning-cigarette1.jpg,Creative portraits of {Subject} showcasing an artistic rendering of a {Fossilized Object}.
aligned_comp_f7a29de9_ff94486f,compositional_formation,aligned,f7a29de93eda4fe16ad3de37aa5fe409,https://i.pinimg.com/736x/e8/36/2f/e8362f3983a8020d5be7d9bd47e5b5af.jpg,Artistic representation of {Fruits} and {Vegetables} arranged into a {Face} design on a plate.,ff94486f2fb662ef963bb3c9d62a8e65,"https://images-wixmp-ed30a86b8c4ca887773594c2.wixmp.com/f/330850b0-94df-44eb-a396-938a7de99d11/d3dgwdl-cd3fb11c-5415-4e0c-b101-0fee5656cde9.jpg/v1/fill/w_900,h_598,q_75,strp/3d_origami_pikachu_by_ibeautylovely-d3dgwdl.jpg?token=eyJ0eXAiOiJKV1QiLCJhbGciOiJIUzI1NiJ9.eyJpc3MiOiJ1cm46YXBwOjdlMGQxODg5ODIyNjQzNzNhNWYwZDQxNWVhMGQyNmUwIiwic3ViIjoidXJuOmFwcDo3ZTBkMTg4OTgyMjY0MzczYTVmMGQ0MTVlYTBkMjZlMCIsImF1ZCI6WyJ1cm46c2VydmljZTppbWFnZS5vcGVyYXRpb25zIl0sIm9iaiI6W1t7InBhdGgiOiIvZi8zMzA4NTBiMC05NGRmLTQ0ZWItYTM5Ni05MzhhN2RlOTlkMTEvZDNkZ3dkbC1jZDNmYjExYy01NDE1LTRlMGMtYjEwMS0wZmVlNTY1NmNkZTkuanBnIiwid2lkdGgiOiI8PTkwMCIsImhlaWdodCI6Ijw9NTk4In1dXX0.kjwEeJcTmOrgFv5gvxPE_Pr9wF8muWQaagwsH9kYyt0",An intricately folded {Paper} origami creation shaped like a {Character/Animal}.,ee7f5a3836e221d28c962845e6143e61,https://us.123rf.com/450wm/namiros/namiros1608/namiros160800136/61134739-tangerines-in-a-heart-on-white-background.jpg?ver=6,Creative use of {Fruit} slices to form a {Shape}.
aligned_comp_ece780da_ff94486f,compositional_formation,aligned,ece780da732cddd0812c30257270852a,https://media01.stockfood.com/previews/MjIzNDA4OA==/00186174-Food-collage-Vegetable-face-on-plate.jpg,"""Creative use of {Food Items} to form a {Face} with elements like {Eyes}, {Nose}, and {Mouth}.""",ff94486f2fb662ef963bb3c9d62a8e65,"https://images-wixmp-ed30a86b8c4ca887773594c2.wixmp.com/f/330850b0-94df-44eb-a396-938a7de99d11/d3dgwdl-cd3fb11c-5415-4e0c-b101-0fee5656cde9.jpg/v1/fill/w_900,h_598,q_75,strp/3d_origami_pikachu_by_ibeautylovely-d3dgwdl.jpg?token=eyJ0eXAiOiJKV1QiLCJhbGciOiJIUzI1NiJ9.eyJpc3MiOiJ1cm46YXBwOjdlMGQxODg5ODIyNjQzNzNhNWYwZDQxNWVhMGQyNmUwIiwic3ViIjoidXJuOmFwcDo3ZTBkMTg4OTgyMjY0MzczYTVmMGQ0MTVlYTBkMjZlMCIsImF1ZCI6WyJ1cm46c2VydmljZTppbWFnZS5vcGVyYXRpb25zIl0sIm9iaiI6W1t7InBhdGgiOiIvZi8zMzA4NTBiMC05NGRmLTQ0ZWItYTM5Ni05MzhhN2RlOTlkMTEvZDNkZ3dkbC1jZDNmYjExYy01NDE1LTRlMGMtYjEwMS0wZmVlNTY1NmNkZTkuanBnIiwid2lkdGgiOiI8PTkwMCIsImhlaWdodCI6Ijw9NTk4In1dXX0.kjwEeJcTmOrgFv5gvxPE_Pr9wF8muWQaagwsH9kYyt0",An intricately folded {Paper} origami creation shaped like a {Character/Animal}.,e9218d6b0c09474c299f3d7388f2be72,https://photos.smugmug.com/Broken/i-8KFmhtK/0/M/KT_F%20Hole%20in%20the%20Wall-M.jpg,"""Rustic {Structure} with an unevenly shaped {Opening} exposing the {Background} outside."""
aligned_comp_e8fc52ca_ec46ab4c,compositional_formation,aligned,e8fc52caa53182790a51f53330131d68,https://files.rapidlms.com/view/59/c8/ab/e5/80/1e/4b/08/44/ce/d2/3b/f7/70/61/de/1600x800%3E/cannabis-community.jpg,A gathering of {People} forming a {Shape}.,ec46ab4c0047376101de83dd39032dfc,https://live.staticflickr.com/65535/49029286312_9d3ddb5e9c_b.jpg,"""Group photo of {Group} arranged in a {Shape} formation on a {Background}.""",ed625aa0509fe6000176bc2f4ffa760e,http://1.bp.blogspot.com/_Fzq94YVbHHM/SSFlv4O2phI/AAAAAAAAVRo/e_F63hKUURI/s400/food-art-05.jpg,A unique fusion of {Vegetables} shaped into imaginative {Animals}.
aligned_comp_e8827721_f7a29de9,compositional_formation,aligned,e8827721df325f4fc220b1d339e894ab,https://us.123rf.com/450wm/serg788/serg7881511/serg788151100221/48446281-vegetable-rabbit-on-blue-plate-on-wooden-background.jpg?ver=6,A playful arrangement of {Food Items} shaped into a {Animal}.,f7a29de93eda4fe16ad3de37aa5fe409,https://i.pinimg.com/736x/e8/36/2f/e8362f3983a8020d5be7d9bd47e5b5af.jpg,Artistic representation of {Fruits} and {Vegetables} arranged into a {Face} design on a plate.,eab9718442e49f681ea9d88e53ffa8b8,"https://static.wixstatic.com/media/678ff3_74c63a06779c42ef81d02a37caa06937.jpg/v1/fill/w_511,h_511,al_c,q_80,usm_0.66_1.00_0.01/678ff3_74c63a06779c42ef81d02a37caa06937.jpg","A steampunk-inspired design of a {Animal} featuring intricate details like gears, cogs, and other mechanical elements."
conflict_temp_ebd67189_ea184053,temporal_transformation,conflict,ebd67189cf79d3ab02d0a14cbb5c4247,http://notedlist.com/wp-content/uploads/2015/07/wine-barrel-project-ideas/6-wine-barrel-project-ideas.jpg,"""Creative transformation of repurposed {Object} into functional {Dog Bed} with unique design and artistic details.""",ee75ff67be9685d5e0f8f83c519954c1,https://us.123rf.com/450wm/holwichaikawee/holwichaikawee1712/holwichaikawee171200009/91346811-l-albero-che-cresce-sulle-monete-di-un-dollaro-ha-sistemato-come-grafico-sulla-tavola-di-legno-con-i.jpg?ver=6,"Visual representation of {Growth} where {Objects} accumulate gradually, symbolizing {Progress} in stages.",ea184053f2b9fb4e2cf2f617e5d1c25f,https://www.great-pictures-of-cats.com/image-files/cats-funny-pictures-3.jpg,"Animals discovered in unexpected {Locations}, showcasing curiosity and playfulness."
conflict_temp_ebd67189_f9868284,temporal_transformation,conflict,ebd67189cf79d3ab02d0a14cbb5c4247,http://notedlist.com/wp-content/uploads/2015/07/wine-barrel-project-ideas/6-wine-barrel-project-ideas.jpg,"""Creative transformation of repurposed {Object} into functional {Dog Bed} with unique design and artistic details.""",ee75ff67be9685d5e0f8f83c519954c1,https://us.123rf.com/450wm/holwichaikawee/holwichaikawee1712/holwichaikawee171200009/91346811-l-albero-che-cresce-sulle-monete-di-un-dollaro-ha-sistemato-come-grafico-sulla-tavola-di-legno-con-i.jpg?ver=6,"Visual representation of {Growth} where {Objects} accumulate gradually, symbolizing {Progress} in stages.",f9868284712a469955aeb5b9d08e0ceb,https://us.123rf.com/450wm/serkucher/serkucher1908/serkucher190800310/128646993-a-playful-kitty-hides-in-a-white-box-the-cat-yawns-isolated-on-a-white-background.jpg?ver=6,Surprised {Animal} peering out from inside a {Enclosure}.
conflict_temp_ebd67189_e931ad97,temporal_transformation,conflict,ebd67189cf79d3ab02d0a14cbb5c4247,http://notedlist.com/wp-content/uploads/2015/07/wine-barrel-project-ideas/6-wine-barrel-project-ideas.jpg,"""Creative transformation of repurposed {Object} into functional {Dog Bed} with unique design and artistic details.""",ee75ff67be9685d5e0f8f83c519954c1,https://us.123rf.com/450wm/holwichaikawee/holwichaikawee1712/holwichaikawee171200009/91346811-l-albero-che-cresce-sulle-monete-di-un-dollaro-ha-sistemato-come-grafico-sulla-tavola-di-legno-con-i.jpg?ver=6,"Visual representation of {Growth} where {Objects} accumulate gradually, symbolizing {Progress} in stages.",e931ad974af313e1999d4d76a073da78,https://blog.feliway.com/hs-fs/hubfs/How%20To%20Stop%20Your%20Cat%20From%20Scratching%20the%20Carpet_2-2.jpg?width=1000&name=How%20To%20Stop%20Your%20Cat%20From%20Scratching%20the%20Carpet_2-2.jpg,Pictures showcasing {Cat} engaging with a {Scratching Post} on a {Surface}.
conflict_temp_ebd67189_f9a513c1,temporal_transformation,conflict,ebd67189cf79d3ab02d0a14cbb5c4247,http://notedlist.com/wp-content/uploads/2015/07/wine-barrel-project-ideas/6-wine-barrel-project-ideas.jpg,"""Creative transformation of repurposed {Object} into functional {Dog Bed} with unique design and artistic details.""",ee75ff67be9685d5e0f8f83c519954c1,https://us.123rf.com/450wm/holwichaikawee/holwichaikawee1712/holwichaikawee171200009/91346811-l-albero-che-cresce-sulle-monete-di-un-dollaro-ha-sistemato-come-grafico-sulla-tavola-di-legno-con-i.jpg?ver=6,"Visual representation of {Growth} where {Objects} accumulate gradually, symbolizing {Progress} in stages.",f9a513c153a0dbecd1973de3a55e70ea,https://4.bp.blogspot.com/-X751b7p8bsU/VN8KNc-5Q9I/AAAAAAAAOpk/T-xSSoKP2WE/s1600/Roxy%2Bwith%2Bher%2Bpainting.jpg,Side-by-side view of the real {Subject} and their {Portrait/Representation} on canvas.
conflict_comp_f7a829fa_f9e159e9,compositional_formation,conflict,f7a829fad79772994d2abe53177f4e93,http://static9.depositphotos.com/1010535/1178/i/450/depositphotos_11783955-coffee-cup-image-made-up-of-coffee-beans-on-sack.jpg,A creative use of {Creative Object} made from {Ingredients} on a {Surface}.,f9575588fb765aac970bc1766efd47f6,https://i.pinimg.com/736x/44/d2/bd/44d2bd716582c8f399f6a0a51bce66d4.jpg,Artistic arrangements of {Fruit} and {Vegetables} shaped into the forms of various {Characters}.,f9e159e97723f6fdb3a8dc55692c1954,https://www.freshcup.com/wp-content/uploads/2017/07/NYC_CoffeeBook_1014x576-894x372.jpg,"Beautiful latte art patterns made with {Flavor} and {Milk}, showcasing intricate designs like {Theme} in a {Container}."
conflict_temp_e0fa6b5a_f93304d0,temporal_transformation,conflict,e0fa6b5ae10efedbd0d7132ab05cf39f,https://images-na.ssl-images-amazon.com/images/I/417Dc3ix1yL._SL480_.jpg,"A series of images showcasing {Action} performed by a {Person} with a {Object}, highlighting the progression of {Motion}.",e21d6504d352830ab076256736f498d7,https://photos.smugmug.com/Trips/2015-Portland/i-k7Z5sR8/6/c588a0ff/S/Lunar%20Eclipse%206%20Sequence-S.jpg,"The progression of {Celestial Event} across its stages, including changes in {Appearance}, {Color}, and {Moon/Planet Position}.",f93304d0964a3be6e870fa1726901639,https://i2.wp.com/bikeaospedacos.com.br/wp-content/uploads/2021/10/red-bull-rampage-nesta-sexta-com-transmissao-ao-vivo-e-em-portugues-1.jpg?resize=980%2C400&ssl=1,"Stunts performed with {Bike} on uneven terrain, showcasing {Rider} in mid-air with an adventurous backdrop as the setting."
conflict_temp_e0fa6b5a_ec0753d7,temporal_transformation,conflict,e0fa6b5ae10efedbd0d7132ab05cf39f,https://images-na.ssl-images-amazon.com/images/I/417Dc3ix1yL._SL480_.jpg,"A series of images showcasing {Action} performed by a {Person} with a {Object}, highlighting the progression of {Motion}.",e21d6504d352830ab076256736f498d7,https://photos.smugmug.com/Trips/2015-Portland/i-k7Z5sR8/6/c588a0ff/S/Lunar%20Eclipse%206%20Sequence-S.jpg,"The progression of {Celestial Event} across its stages, including changes in {Appearance}, {Color}, and {Moon/Planet Position}.",ec0753d78576da91a15bff7d7c9a7311,https://www.saalbach.com/stories-fotos/White%20Style/image-thumb__476952__lightbox-teaser-img/WhiteStyle_2016_Matt_Jones_2nd_place_Photo_Christoph_Laue.jpeg,Skilled riders perform daring {Stunt} on their {Bike} over a {Surface}.
conflict_temp_e0fa6b5a_e70a0c94,temporal_transformation,conflict,e0fa6b5ae10efedbd0d7132ab05cf39f,https://images-na.ssl-images-amazon.com/images/I/417Dc3ix1yL._SL480_.jpg,"A series of images showcasing {Action} performed by a {Person} with a {Object}, highlighting the progression of {Motion}.",e21d6504d352830ab076256736f498d7,https://photos.smugmug.com/Trips/2015-Portland/i-k7Z5sR8/6/c588a0ff/S/Lunar%20Eclipse%206%20Sequence-S.jpg,"The progression of {Celestial Event} across its stages, including changes in {Appearance}, {Color}, and {Moon/Planet Position}.",e70a0c9405880aa5878cf9b6113e70b0,https://petapixel.com/assets/uploads/2013/04/andydayparkour-12.jpg,"Photos showcasing {Action} on {Surface}, with {Shadow} emphasizing the motion against the background."
conflict_temp_e0fa6b5a_e6235160,temporal_transformation,conflict,e0fa6b5ae10efedbd0d7132ab05cf39f,https://images-na.ssl-images-amazon.com/images/I/417Dc3ix1yL._SL480_.jpg,"A series of images showcasing {Action} performed by a {Person} with a {Object}, highlighting the progression of {Motion}.",e21d6504d352830ab076256736f498d7,https://photos.smugmug.com/Trips/2015-Portland/i-k7Z5sR8/6/c588a0ff/S/Lunar%20Eclipse%206%20Sequence-S.jpg,"The progression of {Celestial Event} across its stages, including changes in {Appearance}, {Color}, and {Moon/Planet Position}.",e6235160e49c87ec11fff7aa511ec911,https://images.squarespace-cdn.com/content/v1/543ed1cee4b0a72b21da5e0a/1451600469628-762O5GFCY9IQC8AHK0KQ/ke17ZwdGBToddI8pDm48kFbzmASxcsWEU4oU9a9gzet7gQa3H78H3Y0txjaiv_0fDoOvxcdMmMKkDsyUqMSsMWxHk725yiiHCCLfrh8O1z5QPOohDIaIeljMHgDF5CVlOqpeNLcJ80NK65_fV7S1UbMxqxN5wFzRuc4HCy_jEs_5hZyyCt4FpQCxuTKeIL438iJrR9MMstkyXSawB1quaQ/image-asset.jpeg,"Dynamic motion captured as {Subject} moves past {Background/Landscape}, with intentional camera movement for a blurred effect."
conflict_comp_ed4e5647_effa9ae0,compositional_formation,conflict,ed4e56476e4d0b60f47f65e85f6f64cb,https://i1.pickpik.com/photos/386/261/100/flowers-tree-harmony-harmonious-thumb.jpg,Creative tree designs using {Flowers} arranged to form a {Shape}.,f3c9463ad33ca289567c0c759a4f3a84,https://d2c5oomqu2hs08.cloudfront.net/wp-content/uploads/2018/02/cactus-1-web.jpg,A creative arrangement of {Balloon} shaped like a {Object}.,effa9ae0fa5da83de8d07260db84bcac,https://us.123rf.com/450wm/byrdyak/byrdyak1804/byrdyak180400002/98725698-360-degree-view-of-single-blossoming-tree-in-spring-on-rural-meadow.jpg?ver=6,"""360-degree view of {Landscapes} or {Structures} in a spherical panorama, showcasing {Scenery} from all angles."""
conflict_temp_ebb0a441_f9e159e9,temporal_transformation,conflict,ebb0a441f27c21308e90b6f3f9ab0d3f,http://1tb.favim.com/preview/7/763/7632/76327/7632706.jpg,"The transformation of {Ingredient} into {Product} shown through stages: {Raw Material}, {Processed Form}, {Finished Item}",ebd67189cf79d3ab02d0a14cbb5c4247,http://notedlist.com/wp-content/uploads/2015/07/wine-barrel-project-ideas/6-wine-barrel-project-ideas.jpg,"""Creative transformation of repurposed {Object} into functional {Dog Bed} with unique design and artistic details.""",f9e159e97723f6fdb3a8dc55692c1954,https://www.freshcup.com/wp-content/uploads/2017/07/NYC_CoffeeBook_1014x576-894x372.jpg,"Beautiful latte art patterns made with {Flavor} and {Milk}, showcasing intricate designs like {Theme} in a {Container}."
conflict_temp_ebb0a441_f80a40b6,temporal_transformation,conflict,ebb0a441f27c21308e90b6f3f9ab0d3f,http://1tb.favim.com/preview/7/763/7632/76327/7632706.jpg,"The transformation of {Ingredient} into {Product} shown through stages: {Raw Material}, {Processed Form}, {Finished Item}",ebd67189cf79d3ab02d0a14cbb5c4247,http://notedlist.com/wp-content/uploads/2015/07/wine-barrel-project-ideas/6-wine-barrel-project-ideas.jpg,"""Creative transformation of repurposed {Object} into functional {Dog Bed} with unique design and artistic details.""",f80a40b6e61d3c2f7bcbae17bace605c,https://us.123rf.com/450wm/andreykuzmin/andreykuzmin1905/andreykuzmin190500015/125553640-coffee-cup-on-plate-in-human-head-form.jpg?ver=6,Creative presentation of {Object} positioned within the framework of a {Surface/Frame}.
conflict_temp_ebb0a441_e7e77c1a,temporal_transformation,conflict,ebb0a441f27c21308e90b6f3f9ab0d3f,http://1tb.favim.com/preview/7/763/7632/76327/7632706.jpg,"The transformation of {Ingredient} into {Product} shown through stages: {Raw Material}, {Processed Form}, {Finished Item}",ebd67189cf79d3ab02d0a14cbb5c4247,http://notedlist.com/wp-content/uploads/2015/07/wine-barrel-project-ideas/6-wine-barrel-project-ideas.jpg,"""Creative transformation of repurposed {Object} into functional {Dog Bed} with unique design and artistic details.""",e7e77c1ab98f73a63c4d8922d5b1abf5,https://img-fotki.yandex.ru/get/509531/361085784.8fa/0_1b2a50_7f3412dc_orig.Jpg,Unusual imagery of {Object} interacting with {Liquid} in a visually striking manner.
conflict_comp_e4402b2e_f6285277,compositional_formation,conflict,e4402b2e7348f555b141c775291a2957,https://us.123rf.com/450wm/vsurkov/vsurkov1310/vsurkov131000013/23018109-burning-match-in-hand-near-the-model-of-the-house.jpg?veru003d6,Fire is ignited from a {Match} to form a {Scene/Object}.,ed4e56476e4d0b60f47f65e85f6f64cb,https://i1.pickpik.com/photos/386/261/100/flowers-tree-harmony-harmonious-thumb.jpg,Creative tree designs using {Flowers} arranged to form a {Shape}.,f62852779212603d96210013611bfa1a,https://us.123rf.com/450wm/bswei/bswei1312/bswei131200146/24601279-businessman-climbing-on-wooden-ladder-to-cloud-house-with-city-view.jpg,Visuals showing {Person} climbing toward a {Target} situated at a distance or high above.
conflict_comp_f9575588_f031e302,compositional_formation,conflict,f9575588fb765aac970bc1766efd47f6,https://i.pinimg.com/736x/44/d2/bd/44d2bd716582c8f399f6a0a51bce66d4.jpg,Artistic arrangements of {Fruit} and {Vegetables} shaped into the forms of various {Characters}.,df567ccf0076cfe15dc758ce5179fc77,https://img.freepik.com/free-photo/coffee-grains-heart-form_23-2147896434.jpg?size=626&ext=jpg,Creative use of {Objects} to form a {Shape}.,f031e302107087880f5c64cee7fb37ca,https://us.123rf.com/450wm/ja_rek/ja_rek1011/ja_rek101100025/8188807-assortment-of-happy-vegetable-smileys-isolated-on-white-background.jpg?ver=6,Creative illustrations featuring {Fruits} or {Vegetables} with human-like faces and expressive emotions.
conflict_comp_f9575588_e710eb7f,compositional_formation,conflict,f9575588fb765aac970bc1766efd47f6,https://i.pinimg.com/736x/44/d2/bd/44d2bd716582c8f399f6a0a51bce66d4.jpg,Artistic arrangements of {Fruit} and {Vegetables} shaped into the forms of various {Characters}.,df567ccf0076cfe15dc758ce5179fc77,https://img.freepik.com/free-photo/coffee-grains-heart-form_23-2147896434.jpg?size=626&ext=jpg,Creative use of {Objects} to form a {Shape}.,e710eb7f719dfdce8c721e39e1344b95,https://img.freepik.com/free-vector/fitness-vegetables-cartoon-characters_204595-327.jpg?size=626&ext=jpg,"Creative illustrations of {Vegetables} engaging in various {Activities}, showcasing unique interactions with objects like {Exercise Equipment} and {Sports}."
conflict_temp_f55b60c9_fe5f295c,temporal_transformation,conflict,f55b60c9a935834ea147badeb2553e73,https://images-wixmp-ed30a86b8c4ca887773594c2.wixmp.com/f/bae76985-7a1a-49e4-b25f-b851e73cd15d/dchzfag-50188a71-a559-455f-9ba0-9d12218df60a.png?token=eyJ0eXAiOiJKV1QiLCJhbGciOiJIUzI1NiJ9.eyJpc3MiOiJ1cm46YXBwOjdlMGQxODg5ODIyNjQzNzNhNWYwZDQxNWVhMGQyNmUwIiwic3ViIjoidXJuOmFwcDo3ZTBkMTg4OTgyMjY0MzczYTVmMGQ0MTVlYTBkMjZlMCIsImF1ZCI6WyJ1cm46c2VydmljZTpmaWxlLmRvd25sb2FkIl0sIm9iaiI6W1t7InBhdGgiOiIvZi9iYWU3Njk4NS03YTFhLTQ5ZTQtYjI1Zi1iODUxZTczY2QxNWQvZGNoemZhZy01MDE4OGE3MS1hNTU5LTQ1NWYtOWJhMC05ZDEyMjE4ZGY2MGEucG5nIn1dXX0.f86XCIV_hnnE8LWksDCYsNW5Pk8Tc7iep4er-xnHpAA,"Follow the detailed development of {Subject} as it progresses from rough sketches to polished final art, incorporating fine details and precise proportions.",f910f8cd550d71199357803316171d8e,https://s.hdnux.com/photos/33/73/21/7320648/3/920x920.jpg,"Visual representation of the {Cycle} of the {Object}, showcasing the sequence of phases or transformations step by step.",fe5f295c87c466df6e471eea9d2e313f,https://ae01.alicdn.com/kf/HTB16MyQPVXXXXbsXVXXq6xXFXXXy/Custom-3D-Wall-Murals-Wallpaper-3D-Stereoscopic-White-Horse-Brick-Wall-Art-Mural-Living-Room-Bedroom.jpg,"""{Animal} breaking through a {Surface/Mural} and entering a new {Environment/Scene}"""
conflict_temp_f55b60c9_ee5703f7,temporal_transformation,conflict,f55b60c9a935834ea147badeb2553e73,https://images-wixmp-ed30a86b8c4ca887773594c2.wixmp.com/f/bae76985-7a1a-49e4-b25f-b851e73cd15d/dchzfag-50188a71-a559-455f-9ba0-9d12218df60a.png?token=eyJ0eXAiOiJKV1QiLCJhbGciOiJIUzI1NiJ9.eyJpc3MiOiJ1cm46YXBwOjdlMGQxODg5ODIyNjQzNzNhNWYwZDQxNWVhMGQyNmUwIiwic3ViIjoidXJuOmFwcDo3ZTBkMTg4OTgyMjY0MzczYTVmMGQ0MTVlYTBkMjZlMCIsImF1ZCI6WyJ1cm46c2VydmljZTpmaWxlLmRvd25sb2FkIl0sIm9iaiI6W1t7InBhdGgiOiIvZi9iYWU3Njk4NS03YTFhLTQ5ZTQtYjI1Zi1iODUxZTczY2QxNWQvZGNoemZhZy01MDE4OGE3MS1hNTU5LTQ1NWYtOWJhMC05ZDEyMjE4ZGY2MGEucG5nIn1dXX0.f86XCIV_hnnE8LWksDCYsNW5Pk8Tc7iep4er-xnHpAA,"Follow the detailed development of {Subject} as it progresses from rough sketches to polished final art, incorporating fine details and precise proportions.",f910f8cd550d71199357803316171d8e,https://s.hdnux.com/photos/33/73/21/7320648/3/920x920.jpg,"Visual representation of the {Cycle} of the {Object}, showcasing the sequence of phases or transformations step by step.",ee5703f7c56b8022166f393e7143a421,https://ae01.alicdn.com/kf/HTB1sTQXLFXXXXalXXXXq6xXFXXXr/1-set-Wooden-Craft-Deer-Display-Furniture-Drawer-Wardrobe-For-Home-Study-Decoration-TM002M-Green-Black.jpg,"A unique {Animal} design crafted from wooden panels, featuring integrated {Drawers} for practicality."
conflict_comp_f3c9463a_fafba6a6,compositional_formation,conflict,f3c9463ad33ca289567c0c759a4f3a84,https://d2c5oomqu2hs08.cloudfront.net/wp-content/uploads/2018/02/cactus-1-web.jpg,A creative arrangement of {Balloon} shaped like a {Object}.,f54e3fefe4206f79a3b37bfac1db08c8,https://img2.goodfon.com/wallpaper/big/b/26/fon-trava-listya-cvety-belye.jpg,A creative display of {Flowers} forming a {Symbol}.,fafba6a66cf67dfc260e01ddaf157b40,https://img.freepik.com/free-photo/ball-floating-around-podium-pastel-pink-background-product-presentation-advertising-3d-rendering_34478-308.jpg?size=626&ext=jpg,"A visual representation of {Object} interacting with {Floating Elements}, emphasizing the concept of {Action}."
conflict_comp_f3c9463a_f8a6c5cb,compositional_formation,conflict,f3c9463ad33ca289567c0c759a4f3a84,https://d2c5oomqu2hs08.cloudfront.net/wp-content/uploads/2018/02/cactus-1-web.jpg,A creative arrangement of {Balloon} shaped like a {Object}.,f54e3fefe4206f79a3b37bfac1db08c8,https://img2.goodfon.com/wallpaper/big/b/26/fon-trava-listya-cvety-belye.jpg,A creative display of {Flowers} forming a {Symbol}.,f8a6c5cbf5bf73168b9d24964898fafa,https://www.thisiscolossal.com/wp-content/uploads/2012/03/ana-4.jpg,"Creative depictions of {Object} that mimic motion, showing the trajectory of {Objects} as they interact with each other in a visual way."
conflict_temp_df060e26_ef9cce39,temporal_transformation,conflict,df060e263ffcb757d257f8e7e61aaad4,http://d2jv9003bew7ag.cloudfront.net/uploads/8613006112007329-450x404.jpg,"Step-by-step {Process} presented through four sequential stages: {Initial State}, {Transformation 1}, {Transformation 2}, {Final Outcome}, highlighted by evolving {Details} and {Textures}.",e0077c41c38d5e6857a4d343c0cbc889,https://i0.wp.com/s2.storage.snapzu.com/b8/2d/a3/45/Maternitus/snaps/a4/7e/185241/thumbs/61bb37facb6d21a1_fpi_large.jpg,"A transformation story of {Subject} from its initial state to a refined, enhanced version, emphasizing changes in {Appearance}, {Design}, or {Function}.",ef9cce39539e6545635d41013855be35,https://cdn.mycrafts.com/i/1/7/3/how-to-draw-a-room-in-1-point-hJhR-m.jpg,A one-point perspective drawing showcasing {Drawing} with depth and realistic proportions using {Tools} and {Paper}.
conflict_temp_ed83ebbc_e310096e,temporal_transformation,conflict,ed83ebbc55d3e4338818b3dbb02fe695,https://i.dailymail.co.uk/i/pix/2017/10/18/21/4577E3A800000578-0-image-a-108_1508356961338.jpg,The transformation of {Animal} from its original state to a clean and polished appearance through grooming.,ee75ff67be9685d5e0f8f83c519954c1,https://us.123rf.com/450wm/holwichaikawee/holwichaikawee1712/holwichaikawee171200009/91346811-l-albero-che-cresce-sulle-monete-di-un-dollaro-ha-sistemato-come-grafico-sulla-tavola-di-legno-con-i.jpg?ver=6,"Visual representation of {Growth} where {Objects} accumulate gradually, symbolizing {Progress} in stages.",e310096e987b7283538ff61200a6190a,https://us.123rf.com/450wm/adogslifephoto/adogslifephoto1504/adogslifephoto150400052/38566089-closeup-photo-of-a-cute-dog-wearing-christmas-reindeer-antlers.jpg?ver=6,Animals adorned with {Reindeer Antlers} to represent {Seasonal or Festive Theme}.
conflict_temp_ed83ebbc_f9a513c1,temporal_transformation,conflict,ed83ebbc55d3e4338818b3dbb02fe695,https://i.dailymail.co.uk/i/pix/2017/10/18/21/4577E3A800000578-0-image-a-108_1508356961338.jpg,The transformation of {Animal} from its original state to a clean and polished appearance through grooming.,ee75ff67be9685d5e0f8f83c519954c1,https://us.123rf.com/450wm/holwichaikawee/holwichaikawee1712/holwichaikawee171200009/91346811-l-albero-che-cresce-sulle-monete-di-un-dollaro-ha-sistemato-come-grafico-sulla-tavola-di-legno-con-i.jpg?ver=6,"Visual representation of {Growth} where {Objects} accumulate gradually, symbolizing {Progress} in stages.",f9a513c153a0dbecd1973de3a55e70ea,https://4.bp.blogspot.com/-X751b7p8bsU/VN8KNc-5Q9I/AAAAAAAAOpk/T-xSSoKP2WE/s1600/Roxy%2Bwith%2Bher%2Bpainting.jpg,Side-by-side view of the real {Subject} and their {Portrait/Representation} on canvas.
conflict_temp_ed83ebbc_e939f507,temporal_transformation,conflict,ed83ebbc55d3e4338818b3dbb02fe695,https://i.dailymail.co.uk/i/pix/2017/10/18/21/4577E3A800000578-0-image-a-108_1508356961338.jpg,The transformation of {Animal} from its original state to a clean and polished appearance through grooming.,ee75ff67be9685d5e0f8f83c519954c1,https://us.123rf.com/450wm/holwichaikawee/holwichaikawee1712/holwichaikawee171200009/91346811-l-albero-che-cresce-sulle-monete-di-un-dollaro-ha-sistemato-come-grafico-sulla-tavola-di-legno-con-i.jpg?ver=6,"Visual representation of {Growth} where {Objects} accumulate gradually, symbolizing {Progress} in stages.",e939f5076e4f65fbe99e44e175df3b76,https://lh3.googleusercontent.com/dVJ9Z1-J2nmgZs66oKz3RSyf3fUJvL54ei5gRI2Zt-Qr3e0NXaU0YzWq5SoEL3ANfOmH0E-dm7R0OjBRct-Uyb4=s270-c,Two {Animals} riding on a {Watercraft} in the waves of the ocean.
conflict_temp_e64769e2_ef958172,temporal_transformation,conflict,e64769e22e0a62fe6aa93b7798cef8f4,http://sensiblysara.com/wp-content/uploads/2016/12/2-ingredient-biscuits.jpg,"Detailed process of crafting {Food Item} with {Ingredients} and {Tools}, progressing from {Ingredient Combination} to {Final Product}.",e662ccd0b2764ab04d4b4ac5d7f3d24f,https://lovingitvegan.com/wp-content/uploads/2020/12/Vegan-Ginger-Cookies-Collage-2.jpg,"Visual representation of the {Process} of making {Food Item} from {Raw Material}, illustrating each stage with {Ingredients}, {Tools}, and {Environment}.",ef958172d693489727ea59ad947aea84,https://connieselleccablog.files.wordpress.com/2016/06/peanut-butter-and-grapes-wp.jpg?w=529,Creative presentation of {Food Item 1} and {Food Item 2} to resemble a {Shape}.
conflict_temp_e64769e2_e1b9b00d,temporal_transformation,conflict,e64769e22e0a62fe6aa93b7798cef8f4,http://sensiblysara.com/wp-content/uploads/2016/12/2-ingredient-biscuits.jpg,"Detailed process of crafting {Food Item} with {Ingredients} and {Tools}, progressing from {Ingredient Combination} to {Final Product}.",e662ccd0b2764ab04d4b4ac5d7f3d24f,https://lovingitvegan.com/wp-content/uploads/2020/12/Vegan-Ginger-Cookies-Collage-2.jpg,"Visual representation of the {Process} of making {Food Item} from {Raw Material}, illustrating each stage with {Ingredients}, {Tools}, and {Environment}.",e1b9b00d7ccd76702744832c98fb8e78,https://www.furilia.com/wp-content/uploads/2019/02/1549721421_956_Lion-Face-Pancake-For-Kids.jpg,A playful arrangement of {Food Items} shaped like a {Object}.
conflict_temp_e64769e2_df6db38e,temporal_transformation,conflict,e64769e22e0a62fe6aa93b7798cef8f4,http://sensiblysara.com/wp-content/uploads/2016/12/2-ingredient-biscuits.jpg,"Detailed process of crafting {Food Item} with {Ingredients} and {Tools}, progressing from {Ingredient Combination} to {Final Product}.",e662ccd0b2764ab04d4b4ac5d7f3d24f,https://lovingitvegan.com/wp-content/uploads/2020/12/Vegan-Ginger-Cookies-Collage-2.jpg,"Visual representation of the {Process} of making {Food Item} from {Raw Material}, illustrating each stage with {Ingredients}, {Tools}, and {Environment}.",df6db38edb975f96046c8125ef475fa4,https://assets3.thrillist.com/v1/image/2423442/414x310/crop;jpeg_quality=60;progressive.jpg,A visual display of {Object} designed with a mix of {Variation} and {Theme}.
conflict_temp_f910f8cd_e63f6a21,temporal_transformation,conflict,f910f8cd550d71199357803316171d8e,https://s.hdnux.com/photos/33/73/21/7320648/3/920x920.jpg,"Visual representation of the {Cycle} of the {Object}, showcasing the sequence of phases or transformations step by step.",fd170b47807317844cf1df55b1bce272,https://us.123rf.com/450wm/beaubelle/beaubelle1509/beaubelle150900004/44846317-%E7%94%9F%E5%91%BD%E3%81%AE%E6%A8%B9%E3%80%81%E3%83%8F%E3%83%BC%E3%83%88%E5%BD%A2%E3%81%AE%E6%9E%9D%E3%81%A8%E6%A0%B9.jpg?ver=6,"Artwork showing {Tree} with heart-shaped {Leaves} and {Roots}, symbolizing {Love} and {Growth}.",e63f6a2185c0dbf25915cd30dbd8f418,https://www.thoughtco.com/thmb/PmAWM3aTzS-GZi6YvtwOTooHp_0=/768x0/filters:no_upscale():max_bytes(150000):strip_icc()/Apollo8-earthrise-clr-3000-3x2Nasa-5a92e427ff1b780037f909f7.jpg,"The {Celestial Body} captured from the vantage point of the {Spacecraft}, with a backdrop of the {Black Sky}."
conflict_temp_e91c016d_f84e693f,temporal_transformation,conflict,e91c016d738c8981682a96d5d19a8ffc,https://us.123rf.com/450wm/yderbisheva/yderbisheva2012/yderbisheva201200010/160438373-watercolor-cocoa-set-with-leaves-hand-painted-gold-linear-fruits-isolated-on-white-background-autumn.jpg?ver=6,"A detailed view of the life cycle of a {Plant}, highlighting its {Seed}, {Sprout}, {Leaves}, and {Flower/Bloom} stages.",ea1420666aa1e3fa5fb6b25561688fff,https://coolcreativity.com/wp-content/uploads/2014/05/egg-carton-flower-f.jpg,Step-by-step guide on transforming {Recycled Material} into an elegant {Object}.,f84e693f9be137de582463b538a9a065,https://us.123rf.com/450wm/maritime/maritime1604/maritime160400049/55599107-birch-leaf-isolated-elements-for-design-on-a-white-background-vector-set-hand-drawn-illustration.jpg?ver=6,"Different styles and shades of {Object} are displayed, ranging from solid colors to detailed outlines and bold silhouettes."
conflict_temp_e91c016d_f8ae57be,temporal_transformation,conflict,e91c016d738c8981682a96d5d19a8ffc,https://us.123rf.com/450wm/yderbisheva/yderbisheva2012/yderbisheva201200010/160438373-watercolor-cocoa-set-with-leaves-hand-painted-gold-linear-fruits-isolated-on-white-background-autumn.jpg?ver=6,"A detailed view of the life cycle of a {Plant}, highlighting its {Seed}, {Sprout}, {Leaves}, and {Flower/Bloom} stages.",ea1420666aa1e3fa5fb6b25561688fff,https://coolcreativity.com/wp-content/uploads/2014/05/egg-carton-flower-f.jpg,Step-by-step guide on transforming {Recycled Material} into an elegant {Object}.,f8ae57beb301f3c302361044d6a89e49,https://us.123rf.com/450wm/claudiodivizia/claudiodivizia0912/claudiodivizia091200857/6136627-collage-of-food-isolated-over-white-background.jpg?ver=6,"An assortment of diverse {Food Items} organized by {Type}, {Ingredient}, or {Theme}."
conflict_temp_e91c016d_ecf449c9,temporal_transformation,conflict,e91c016d738c8981682a96d5d19a8ffc,https://us.123rf.com/450wm/yderbisheva/yderbisheva2012/yderbisheva201200010/160438373-watercolor-cocoa-set-with-leaves-hand-painted-gold-linear-fruits-isolated-on-white-background-autumn.jpg?ver=6,"A detailed view of the life cycle of a {Plant}, highlighting its {Seed}, {Sprout}, {Leaves}, and {Flower/Bloom} stages.",ea1420666aa1e3fa5fb6b25561688fff,https://coolcreativity.com/wp-content/uploads/2014/05/egg-carton-flower-f.jpg,Step-by-step guide on transforming {Recycled Material} into an elegant {Object}.,ecf449c9866dc5eb843a212c3f49ccc9,https://us.123rf.com/450wm/blulilues/blulilues1603/blulilues160300006/53276138-vector-image--a-set-of-products-for-the-preparation-of-national-soup-is-borscht.jpg?ver=6,The creation of {Food} through the combination of {Raw Ingredients} in a {Cooking Process}.
conflict_temp_e0077c41_eb354b76,temporal_transformation,conflict,e0077c41c38d5e6857a4d343c0cbc889,https://i0.wp.com/s2.storage.snapzu.com/b8/2d/a3/45/Maternitus/snaps/a4/7e/185241/thumbs/61bb37facb6d21a1_fpi_large.jpg,"A transformation story of {Subject} from its initial state to a refined, enhanced version, emphasizing changes in {Appearance}, {Design}, or {Function}.",e0fa6b5ae10efedbd0d7132ab05cf39f,https://images-na.ssl-images-amazon.com/images/I/417Dc3ix1yL._SL480_.jpg,"A series of images showcasing {Action} performed by a {Person} with a {Object}, highlighting the progression of {Motion}.",eb354b7696549fd097a044a80db7828f,https://cdn.shopify.com/s/files/1/0027/3229/4213/products/Doors_Collage_label_resized_grande.jpg?v=1613197726,"A collection of diverse {Objects} highlighting unique designs, patterns, and tones in an artistic arrangement."
conflict_temp_e0077c41_ea131676,temporal_transformation,conflict,e0077c41c38d5e6857a4d343c0cbc889,https://i0.wp.com/s2.storage.snapzu.com/b8/2d/a3/45/Maternitus/snaps/a4/7e/185241/thumbs/61bb37facb6d21a1_fpi_large.jpg,"A transformation story of {Subject} from its initial state to a refined, enhanced version, emphasizing changes in {Appearance}, {Design}, or {Function}.",e0fa6b5ae10efedbd0d7132ab05cf39f,https://images-na.ssl-images-amazon.com/images/I/417Dc3ix1yL._SL480_.jpg,"A series of images showcasing {Action} performed by a {Person} with a {Object}, highlighting the progression of {Motion}.",ea131676b6beb34de454ae471060899b,https://forestwoodfolkart.files.wordpress.com/2016/10/p1000902-2.jpg,"Reflective water surfaces highlight symmetrical arrangements of {Buildings} in a row, producing clean and mirrored designs."
conflict_temp_f37aebc5_e2840d4f,temporal_transformation,conflict,f37aebc58e6f499c7b3bdf740e730ca1,https://us.123rf.com/450wm/mathisa/mathisa1606/mathisa160600092/60898309-isolated-five-bar-swordtail-butterfly-life-cycle-antiphates-pompilius-on-twig-with-clipping-path.jpg?ver=6,"The life cycle of a {Insect}, showcasing its development from a {larva} through metamorphosis to a fully formed {adult}.",f55b60c9a935834ea147badeb2553e73,https://images-wixmp-ed30a86b8c4ca887773594c2.wixmp.com/f/bae76985-7a1a-49e4-b25f-b851e73cd15d/dchzfag-50188a71-a559-455f-9ba0-9d12218df60a.png?token=eyJ0eXAiOiJKV1QiLCJhbGciOiJIUzI1NiJ9.eyJpc3MiOiJ1cm46YXBwOjdlMGQxODg5ODIyNjQzNzNhNWYwZDQxNWVhMGQyNmUwIiwic3ViIjoidXJuOmFwcDo3ZTBkMTg4OTgyMjY0MzczYTVmMGQ0MTVlYTBkMjZlMCIsImF1ZCI6WyJ1cm46c2VydmljZTpmaWxlLmRvd25sb2FkIl0sIm9iaiI6W1t7InBhdGgiOiIvZi9iYWU3Njk4NS03YTFhLTQ5ZTQtYjI1Zi1iODUxZTczY2QxNWQvZGNoemZhZy01MDE4OGE3MS1hNTU5LTQ1NWYtOWJhMC05ZDEyMjE4ZGY2MGEucG5nIn1dXX0.f86XCIV_hnnE8LWksDCYsNW5Pk8Tc7iep4er-xnHpAA,"Follow the detailed development of {Subject} as it progresses from rough sketches to polished final art, incorporating fine details and precise proportions.",e2840d4faae37e2a68fbab19e7630b62,https://i.pinimg.com/736x/a1/f3/81/a1f3819f67554ec2b06381624c8ca11a.jpg,Unique artistic creations made from {Materials} to mimic imaginative {Animals}.
conflict_temp_f37aebc5_e1644c03,temporal_transformation,conflict,f37aebc58e6f499c7b3bdf740e730ca1,https://us.123rf.com/450wm/mathisa/mathisa1606/mathisa160600092/60898309-isolated-five-bar-swordtail-butterfly-life-cycle-antiphates-pompilius-on-twig-with-clipping-path.jpg?ver=6,"The life cycle of a {Insect}, showcasing its development from a {larva} through metamorphosis to a fully formed {adult}.",f55b60c9a935834ea147badeb2553e73,https://images-wixmp-ed30a86b8c4ca887773594c2.wixmp.com/f/bae76985-7a1a-49e4-b25f-b851e73cd15d/dchzfag-50188a71-a559-455f-9ba0-9d12218df60a.png?token=eyJ0eXAiOiJKV1QiLCJhbGciOiJIUzI1NiJ9.eyJpc3MiOiJ1cm46YXBwOjdlMGQxODg5ODIyNjQzNzNhNWYwZDQxNWVhMGQyNmUwIiwic3ViIjoidXJuOmFwcDo3ZTBkMTg4OTgyMjY0MzczYTVmMGQ0MTVlYTBkMjZlMCIsImF1ZCI6WyJ1cm46c2VydmljZTpmaWxlLmRvd25sb2FkIl0sIm9iaiI6W1t7InBhdGgiOiIvZi9iYWU3Njk4NS03YTFhLTQ5ZTQtYjI1Zi1iODUxZTczY2QxNWQvZGNoemZhZy01MDE4OGE3MS1hNTU5LTQ1NWYtOWJhMC05ZDEyMjE4ZGY2MGEucG5nIn1dXX0.f86XCIV_hnnE8LWksDCYsNW5Pk8Tc7iep4er-xnHpAA,"Follow the detailed development of {Subject} as it progresses from rough sketches to polished final art, incorporating fine details and precise proportions.",e1644c0337b88924fc56eef4638c1f91,https://pix.avax.news/avaxnews/be/1a/00011abe_medium.jpeg,Artistic depictions of {Animal} creatively fused with everyday {Objects} into one-of-a-kind designs.
conflict_temp_fd170b47_f84e693f,temporal_transformation,conflict,fd170b47807317844cf1df55b1bce272,https://us.123rf.com/450wm/beaubelle/beaubelle1509/beaubelle150900004/44846317-%E7%94%9F%E5%91%BD%E3%81%AE%E6%A8%B9%E3%80%81%E3%83%8F%E3%83%BC%E3%83%88%E5%BD%A2%E3%81%AE%E6%9E%9D%E3%81%A8%E6%A0%B9.jpg?ver=6,"Artwork showing {Tree} with heart-shaped {Leaves} and {Roots}, symbolizing {Love} and {Growth}.",fec41d2a8ae1a3702dd12e0ab695cdaa,https://piximus.net/media2/48647/thumb_fw.jpg,Before-and-after portrayal of {Animal} showcasing their transformation from {Environment/Condition 1} to {Environment/Condition 2}.,f84e693f9be137de582463b538a9a065,https://us.123rf.com/450wm/maritime/maritime1604/maritime160400049/55599107-birch-leaf-isolated-elements-for-design-on-a-white-background-vector-set-hand-drawn-illustration.jpg?ver=6,"Different styles and shades of {Object} are displayed, ranging from solid colors to detailed outlines and bold silhouettes."
conflict_temp_fd170b47_ef99b0d4,temporal_transformation,conflict,fd170b47807317844cf1df55b1bce272,https://us.123rf.com/450wm/beaubelle/beaubelle1509/beaubelle150900004/44846317-%E7%94%9F%E5%91%BD%E3%81%AE%E6%A8%B9%E3%80%81%E3%83%8F%E3%83%BC%E3%83%88%E5%BD%A2%E3%81%AE%E6%9E%9D%E3%81%A8%E6%A0%B9.jpg?ver=6,"Artwork showing {Tree} with heart-shaped {Leaves} and {Roots}, symbolizing {Love} and {Growth}.",fec41d2a8ae1a3702dd12e0ab695cdaa,https://piximus.net/media2/48647/thumb_fw.jpg,Before-and-after portrayal of {Animal} showcasing their transformation from {Environment/Condition 1} to {Environment/Condition 2}.,ef99b0d40cc703687e90a4383c2e66ec,http://us.123rf.com/450wm/jordygraph/jordygraph1305/jordygraph130500038/19900109-tree-in-the-shape-of-heart-hit-from-a-lightning.jpg,A {Tree} shaped like a {Symbol} in a {Background} setting.
conflict_temp_ea7b1312_e9b34df4,temporal_transformation,conflict,ea7b131201f4ec87f23caade7326f630,https://images.squarespace-cdn.com/content/v1/566763bf25981d4412e0f3ff/1458608823753-L5ATZQL34ALWBSR2D08J/ke17ZwdGBToddI8pDm48kFQQgP34qnCpeHaeAOzTt7pZw-zPPgdn4jUwVcJE1ZvWQUxwkmyExglNqGp0IvTJZamWLI2zvYWH8K3-s_4yszcp2ryTI0HqTOaaUohrI8PICHnXC1b9smDvYLPdL-DS7U1pkhCtl83kemXd5r3C5ngKMshLAGzx4R3EDFOm1kBS/Munny+13,"Hand-drawn design for {Character/Object} transformed into a physical prototype, displayed alongside its sketch.",ebb0a441f27c21308e90b6f3f9ab0d3f,http://1tb.favim.com/preview/7/763/7632/76327/7632706.jpg,"The transformation of {Ingredient} into {Product} shown through stages: {Raw Material}, {Processed Form}, {Finished Item}",e9b34df47d5603d8e1219d9fc02039f1,https://p1.liveauctioneers.com/1221/131746/67098102_1_x.jpg?version=1544025970&amp;format=pjpg&amp;auto=webp&amp;quality=50,Creative representation of {Human Characters} interacting with {Animals} in artistic and imaginative styles.
conflict_temp_ea7b1312_f104ebeb,temporal_transformation,conflict,ea7b131201f4ec87f23caade7326f630,https://images.squarespace-cdn.com/content/v1/566763bf25981d4412e0f3ff/1458608823753-L5ATZQL34ALWBSR2D08J/ke17ZwdGBToddI8pDm48kFQQgP34qnCpeHaeAOzTt7pZw-zPPgdn4jUwVcJE1ZvWQUxwkmyExglNqGp0IvTJZamWLI2zvYWH8K3-s_4yszcp2ryTI0HqTOaaUohrI8PICHnXC1b9smDvYLPdL-DS7U1pkhCtl83kemXd5r3C5ngKMshLAGzx4R3EDFOm1kBS/Munny+13,"Hand-drawn design for {Character/Object} transformed into a physical prototype, displayed alongside its sketch.",ebb0a441f27c21308e90b6f3f9ab0d3f,http://1tb.favim.com/preview/7/763/7632/76327/7632706.jpg,"The transformation of {Ingredient} into {Product} shown through stages: {Raw Material}, {Processed Form}, {Finished Item}",f104ebebe210b9a7cb9addedc0d03100,https://i.imgur.com/JDQTAr.jpg,A unique design showing {Animal 1} with its head merged into the body of {Animal 2}.
conflict_temp_ea142066_fe4867b5,temporal_transformation,conflict,ea1420666aa1e3fa5fb6b25561688fff,https://coolcreativity.com/wp-content/uploads/2014/05/egg-carton-flower-f.jpg,Step-by-step guide on transforming {Recycled Material} into an elegant {Object}.,ea7b131201f4ec87f23caade7326f630,https://images.squarespace-cdn.com/content/v1/566763bf25981d4412e0f3ff/1458608823753-L5ATZQL34ALWBSR2D08J/ke17ZwdGBToddI8pDm48kFQQgP34qnCpeHaeAOzTt7pZw-zPPgdn4jUwVcJE1ZvWQUxwkmyExglNqGp0IvTJZamWLI2zvYWH8K3-s_4yszcp2ryTI0HqTOaaUohrI8PICHnXC1b9smDvYLPdL-DS7U1pkhCtl83kemXd5r3C5ngKMshLAGzx4R3EDFOm1kBS/Munny+13,"Hand-drawn design for {Character/Object} transformed into a physical prototype, displayed alongside its sketch.",fe4867b5ea44175f71d90824f3524789,https://cdn.shopify.com/s/files/1/0023/8950/8132/products/PVC_Grey_Gradient_cropped_450x.jpg?v=1539704958,"Innovative {Object} designed for holding {Flower}, showcasing a unique design and artistic flair."
conflict_temp_ea142066_e995bf12,temporal_transformation,conflict,ea1420666aa1e3fa5fb6b25561688fff,https://coolcreativity.com/wp-content/uploads/2014/05/egg-carton-flower-f.jpg,Step-by-step guide on transforming {Recycled Material} into an elegant {Object}.,ea7b131201f4ec87f23caade7326f630,https://images.squarespace-cdn.com/content/v1/566763bf25981d4412e0f3ff/1458608823753-L5ATZQL34ALWBSR2D08J/ke17ZwdGBToddI8pDm48kFQQgP34qnCpeHaeAOzTt7pZw-zPPgdn4jUwVcJE1ZvWQUxwkmyExglNqGp0IvTJZamWLI2zvYWH8K3-s_4yszcp2ryTI0HqTOaaUohrI8PICHnXC1b9smDvYLPdL-DS7U1pkhCtl83kemXd5r3C5ngKMshLAGzx4R3EDFOm1kBS/Munny+13,"Hand-drawn design for {Character/Object} transformed into a physical prototype, displayed alongside its sketch.",e995bf12825a7c078c81d0285370e5c9,https://blog.medillsb.com/wp-content/uploads/2019/07/step-by-step-everlasting-sweet-pea-botanical-illustration-3.jpg,"""Process of drawing and coloring a detailed {Subject} using a reference {Object} for precise details."""
conflict_comp_df567ccf_ef99b0d4,compositional_formation,conflict,df567ccf0076cfe15dc758ce5179fc77,https://img.freepik.com/free-photo/coffee-grains-heart-form_23-2147896434.jpg?size=626&ext=jpg,Creative use of {Objects} to form a {Shape}.,e255b2c5d74978e6e5e70df7e43836d0,https://img1.etsystatic.com/203/0/5236506/il_340x270.1263092685_78ni.jpg,A heart-shaped arrangement made with {Objects} of different {Colors} and {Shapes}.,ef99b0d40cc703687e90a4383c2e66ec,http://us.123rf.com/450wm/jordygraph/jordygraph1305/jordygraph130500038/19900109-tree-in-the-shape-of-heart-hit-from-a-lightning.jpg,A {Tree} shaped like a {Symbol} in a {Background} setting.
conflict_temp_eeb47991_e699eb5f,temporal_transformation,conflict,eeb47991ca59d3ad8b44eb97ded966a1,https://www.welovesolo.com/wp-content/uploads/vecteezy/03/bd1n0vjinyq.jpg,"The life cycle of {Plant} unfolds through the stages: {Seed}, {Sprout}, {Leaves/Buds}, {Flower}, {Fruit/Seed Dispersal}",f1ff4ab844a704d88cb60740bfed50cc,https://img.freepik.com/free-photo/customer-service-evaluation-rating-feedback-satisfaction-survey-concept-hand-holding-sad-failed-emoticon-face-wooden-ball-dark-background_36367-2195.jpg?size=626&ext=jpg,"Visual representation of {Object} with evolving {Features} or {Emotions}, illustrating changes in {Theme} or {Feeling}.",e699eb5f80a49467733cd08230692473,https://img3.stockfresh.com/files/c/cienpies/m/91/1921477_stock-photo-isolated-diversity-tree-hands.jpg,A tree design made from {Hands} in various {Colors} and {Positions}.
conflict_comp_f54e3fef_ef99b0d4,compositional_formation,conflict,f54e3fefe4206f79a3b37bfac1db08c8,https://img2.goodfon.com/wallpaper/big/b/26/fon-trava-listya-cvety-belye.jpg,A creative display of {Flowers} forming a {Symbol}.,f7a829fad79772994d2abe53177f4e93,http://static9.depositphotos.com/1010535/1178/i/450/depositphotos_11783955-coffee-cup-image-made-up-of-coffee-beans-on-sack.jpg,A creative use of {Creative Object} made from {Ingredients} on a {Surface}.,ef99b0d40cc703687e90a4383c2e66ec,http://us.123rf.com/450wm/jordygraph/jordygraph1305/jordygraph130500038/19900109-tree-in-the-shape-of-heart-hit-from-a-lightning.jpg,A {Tree} shaped like a {Symbol} in a {Background} setting.
conflict_comp_f54e3fef_f66447c3,compositional_formation,conflict,f54e3fefe4206f79a3b37bfac1db08c8,https://img2.goodfon.com/wallpaper/big/b/26/fon-trava-listya-cvety-belye.jpg,A creative display of {Flowers} forming a {Symbol}.,f7a829fad79772994d2abe53177f4e93,http://static9.depositphotos.com/1010535/1178/i/450/depositphotos_11783955-coffee-cup-image-made-up-of-coffee-beans-on-sack.jpg,A creative use of {Creative Object} made from {Ingredients} on a {Surface}.,f66447c31f7cdea1b76e4d04b61eafb1,https://us.123rf.com/450wm/morrbyte/morrbyte0911/morrbyte091100031/5892581-a-romantic-love-heart-inscribed-on-the-beach-with-waves-in-the-background-on-a-hot-sunny-day.jpg?ver=6,A heart shape crafted with {Material} on a {Surface}.
conflict_comp_f54e3fef_f8612290,compositional_formation,conflict,f54e3fefe4206f79a3b37bfac1db08c8,https://img2.goodfon.com/wallpaper/big/b/26/fon-trava-listya-cvety-belye.jpg,A creative display of {Flowers} forming a {Symbol}.,f7a829fad79772994d2abe53177f4e93,http://static9.depositphotos.com/1010535/1178/i/450/depositphotos_11783955-coffee-cup-image-made-up-of-coffee-beans-on-sack.jpg,A creative use of {Creative Object} made from {Ingredients} on a {Surface}.,f861229071c77edcb2cdad5217d3052c,https://h2orevival.files.wordpress.com/2013/06/water-drop-amazing-beautiful-blue-favim-com-683970.jpg?w=1000,A splash of {Liquid} forming a {Shape} upon impact.
conflict_temp_fed9fc9f_ff288b61,temporal_transformation,conflict,fed9fc9fae675ca840f42c9e34601329,https://images-na.ssl-images-amazon.com/images/I/81k97bXKbIL._AC_SL1500_.jpg,"""Step-by-step instructions for using {Object} to achieve {Action}, illustrated with multiple stages of {Process}.""",df060e263ffcb757d257f8e7e61aaad4,http://d2jv9003bew7ag.cloudfront.net/uploads/8613006112007329-450x404.jpg,"Step-by-step {Process} presented through four sequential stages: {Initial State}, {Transformation 1}, {Transformation 2}, {Final Outcome}, highlighted by evolving {Details} and {Textures}.",ff288b61c1b42db67dba426d14ddab1b,https://lh5.googleusercontent.com/-rK4-XIhLeZc/TkE64UriCNI/AAAAAAAAA-Q/59WLu17XPSY/s800/tap-water-ipod-iphone-stand.jpg,Innovative use of {Material} to attach a {Device} securely onto a {Surface}.
conflict_temp_fec41d2a_f31f59ef,temporal_transformation,conflict,fec41d2a8ae1a3702dd12e0ab695cdaa,https://piximus.net/media2/48647/thumb_fw.jpg,Before-and-after portrayal of {Animal} showcasing their transformation from {Environment/Condition 1} to {Environment/Condition 2}.,fed9fc9fae675ca840f42c9e34601329,https://images-na.ssl-images-amazon.com/images/I/81k97bXKbIL._AC_SL1500_.jpg,"""Step-by-step instructions for using {Object} to achieve {Action}, illustrated with multiple stages of {Process}.""",f31f59efd0d6d241bd89f842d0cf9fda,https://imgix.bustle.com/uploads/image/2019/9/16/9a1dea83-f8e2-4f43-aa45-7747d75b22b9-il_794xn1722355609_kjwo.jpg?w=400&h=383&fit=crop&crop=faces&auto=format%2Ccompress,Animals adorned with {Unicorn Horn} to mimic the magical {Color} and {Appearance} of unicorns.
conflict_temp_fec41d2a_f9a513c1,temporal_transformation,conflict,fec41d2a8ae1a3702dd12e0ab695cdaa,https://piximus.net/media2/48647/thumb_fw.jpg,Before-and-after portrayal of {Animal} showcasing their transformation from {Environment/Condition 1} to {Environment/Condition 2}.,fed9fc9fae675ca840f42c9e34601329,https://images-na.ssl-images-amazon.com/images/I/81k97bXKbIL._AC_SL1500_.jpg,"""Step-by-step instructions for using {Object} to achieve {Action}, illustrated with multiple stages of {Process}.""",f9a513c153a0dbecd1973de3a55e70ea,https://4.bp.blogspot.com/-X751b7p8bsU/VN8KNc-5Q9I/AAAAAAAAOpk/T-xSSoKP2WE/s1600/Roxy%2Bwith%2Bher%2Bpainting.jpg,Side-by-side view of the real {Subject} and their {Portrait/Representation} on canvas.
conflict_temp_e662ccd0_e9059a0f,temporal_transformation,conflict,e662ccd0b2764ab04d4b4ac5d7f3d24f,https://lovingitvegan.com/wp-content/uploads/2020/12/Vegan-Ginger-Cookies-Collage-2.jpg,"Visual representation of the {Process} of making {Food Item} from {Raw Material}, illustrating each stage with {Ingredients}, {Tools}, and {Environment}.",e6a4c118dc80a2c4835737319d43ca4b,https://frakerfire.com/wp-content/uploads/2021/04/Facts-About-Fire-Spread-You-May-Have-Not-Known-e1618426343904.jpg,"""Progression of {Object} from initial state to final state, illustrated by incremental changes in {Appearance}.""",e9059a0f6a75a3c71ef8fdd2b599b839,https://us.123rf.com/450wm/dmstudio/dmstudio1902/dmstudio190200036/124987922-vector-set-of-pans-with-small-pancakes-fried-egg-omelet-and-grilled-sausages-collection-of-breakfast.jpg?ver=6,"Different cooking stages of {Food Item} in {Utensil}, including {Ingredient 1}, {Ingredient 2}, {Ingredient 3}, {Ingredient 4}."
conflict_comp_f7a829fa_fbef00d0,compositional_formation,conflict,f7a829fad79772994d2abe53177f4e93,http://static9.depositphotos.com/1010535/1178/i/450/depositphotos_11783955-coffee-cup-image-made-up-of-coffee-beans-on-sack.jpg,A creative use of {Creative Object} made from {Ingredients} on a {Surface}.,f7f2191179e226b24aa8a20d9297f0f5,https://cdn.shopify.com/s/files/1/2297/0353/products/United-States-Map-Sticker_600x.jpg?v=1553216844,"An artistic depiction of {Region}'s iconic symbols and landmarks arranged within the map outline, highlighted by diverse {Color} and {Details}.",fbef00d09d05a527eb908a2dd887f44b,"https://static.wixstatic.com/media/nsplsh_5433536e57676761785777~mv2.jpg/v1/fill/w_1000,h_750,al_c,q_90,usm_0.66_1.00_0.01/nsplsh_5433536e57676761785777~mv2.jpg",Creative use of {Shadow} to portray the form and texture of {Object} on a {Surface}.
conflict_comp_f9575588_e7edc491,compositional_formation,conflict,f9575588fb765aac970bc1766efd47f6,https://i.pinimg.com/736x/44/d2/bd/44d2bd716582c8f399f6a0a51bce66d4.jpg,Artistic arrangements of {Fruit} and {Vegetables} shaped into the forms of various {Characters}.,fa47ad7edf121b34a95477cd08191028,http://ak1.ostkcdn.com/images/products/10240491/Kitten-Ice-Cream-Cone-Zip-around-Wallet-6f114edc-3528-490b-9496-ac8d38843e22_600.jpg,"A unique design of {Object} shaped like a stacked arrangement of {Variation 1}, {Variation 2}, and {Variation 3}.",e7edc491e400dfd63ed69de5aefdc002,https://i1.wp.com/blovelyevents.com/wp-content/uploads/2017/04/Cactus-Cake-Pops-SO-Cute-for-Cinco-De-Mayo.jpg?resize=650%2C673,"Arrangement of {Food} shaped like {Fruits}, {Beverages}, or {Animals}."
conflict_comp_ed4e5647_e6598661,compositional_formation,conflict,ed4e56476e4d0b60f47f65e85f6f64cb,https://i1.pickpik.com/photos/386/261/100/flowers-tree-harmony-harmonious-thumb.jpg,Creative tree designs using {Flowers} arranged to form a {Shape}.,ed7babd29e13995276c81cbb4bd1c9b5,https://i.pinimg.com/736x/ff/35/a4/ff35a4cba3cfb8a46b54ff78e6fa2c8c--white-swan-life-photo.jpg,Two {Animals} positioned in a way that forms a {Symbolic Shape}.,e6598661363f0501e69101ee159e317b,https://www.viesdecouleurs.fr/wp-content/uploads/2016/03/Fotolia_99671851_XS.jpg,A heart-shaped {Tree} rising from a {Background} to embody love or nature.
conflict_comp_ed4e5647_f053de6f,compositional_formation,conflict,ed4e56476e4d0b60f47f65e85f6f64cb,https://i1.pickpik.com/photos/386/261/100/flowers-tree-harmony-harmonious-thumb.jpg,Creative tree designs using {Flowers} arranged to form a {Shape}.,ed7babd29e13995276c81cbb4bd1c9b5,https://i.pinimg.com/736x/ff/35/a4/ff35a4cba3cfb8a46b54ff78e6fa2c8c--white-swan-life-photo.jpg,Two {Animals} positioned in a way that forms a {Symbolic Shape}.,f053de6fca4190f2f7578a83daa3547c,https://cdn1.eyeem.com/thumb/b10209a4f5970c17543cedb93937a37df26309e3-1478965824996/w/700,"A {Shadow} cast on the surface by a {Object}, emphasizing depth and contrast."
conflict_comp_ed4e5647_f41ac4c9,compositional_formation,conflict,ed4e56476e4d0b60f47f65e85f6f64cb,https://i1.pickpik.com/photos/386/261/100/flowers-tree-harmony-harmonious-thumb.jpg,Creative tree designs using {Flowers} arranged to form a {Shape}.,ed7babd29e13995276c81cbb4bd1c9b5,https://i.pinimg.com/736x/ff/35/a4/ff35a4cba3cfb8a46b54ff78e6fa2c8c--white-swan-life-photo.jpg,Two {Animals} positioned in a way that forms a {Symbolic Shape}.,f41ac4c9320a5cdd405a68c1c09e9081,https://us.123rf.com/450wm/serazetdinov/serazetdinov1411/serazetdinov141100024/33532965-illustration-of-a-four-seasons.jpg?ver=6,Illustrated representation of {Seasons} featuring a {Tree} in four distinct {Scenes} with varying {Colors} and {Elements}.
conflict_comp_e255b2c5_f14eed62,compositional_formation,conflict,e255b2c5d74978e6e5e70df7e43836d0,https://img1.etsystatic.com/203/0/5236506/il_340x270.1263092685_78ni.jpg,A heart-shaped arrangement made with {Objects} of different {Colors} and {Shapes}.,e291af82274868828f158594ef94fb55,https://i.pinimg.com/736x/e4/a6/51/e4a651e69ad6908e101bbf71e4c59708.jpg,"A whimsical arrangement of {Object} imitating a tree, with creative touches like {Material} for branches and {Item} for leaves.",f14eed629c671ca320414b7bed2dc430,https://us.123rf.com/450wm/somyoma/somyoma1201/somyoma120100012/12056957-heart-created-by-light-over-black-background.jpg,Light trails forming {Shape} on a dark background with {Color} accents.
conflict_comp_f54e3fef_e6598661,compositional_formation,conflict,f54e3fefe4206f79a3b37bfac1db08c8,https://img2.goodfon.com/wallpaper/big/b/26/fon-trava-listya-cvety-belye.jpg,A creative display of {Flowers} forming a {Symbol}.,f7a29de93eda4fe16ad3de37aa5fe409,https://i.pinimg.com/736x/e8/36/2f/e8362f3983a8020d5be7d9bd47e5b5af.jpg,Artistic representation of {Fruits} and {Vegetables} arranged into a {Face} design on a plate.,e6598661363f0501e69101ee159e317b,https://www.viesdecouleurs.fr/wp-content/uploads/2016/03/Fotolia_99671851_XS.jpg,A heart-shaped {Tree} rising from a {Background} to embody love or nature.
conflict_comp_f54e3fef_f14eed62,compositional_formation,conflict,f54e3fefe4206f79a3b37bfac1db08c8,https://img2.goodfon.com/wallpaper/big/b/26/fon-trava-listya-cvety-belye.jpg,A creative display of {Flowers} forming a {Symbol}.,f7a29de93eda4fe16ad3de37aa5fe409,https://i.pinimg.com/736x/e8/36/2f/e8362f3983a8020d5be7d9bd47e5b5af.jpg,Artistic representation of {Fruits} and {Vegetables} arranged into a {Face} design on a plate.,f14eed629c671ca320414b7bed2dc430,https://us.123rf.com/450wm/somyoma/somyoma1201/somyoma120100012/12056957-heart-created-by-light-over-black-background.jpg,Light trails forming {Shape} on a dark background with {Color} accents.
conflict_comp_f54e3fef_f053de6f,compositional_formation,conflict,f54e3fefe4206f79a3b37bfac1db08c8,https://img2.goodfon.com/wallpaper/big/b/26/fon-trava-listya-cvety-belye.jpg,A creative display of {Flowers} forming a {Symbol}.,f7a29de93eda4fe16ad3de37aa5fe409,https://i.pinimg.com/736x/e8/36/2f/e8362f3983a8020d5be7d9bd47e5b5af.jpg,Artistic representation of {Fruits} and {Vegetables} arranged into a {Face} design on a plate.,f053de6fca4190f2f7578a83daa3547c,https://cdn1.eyeem.com/thumb/b10209a4f5970c17543cedb93937a37df26309e3-1478965824996/w/700,"A {Shadow} cast on the surface by a {Object}, emphasizing depth and contrast."
conflict_comp_df567ccf_f14eed62,compositional_formation,conflict,df567ccf0076cfe15dc758ce5179fc77,https://img.freepik.com/free-photo/coffee-grains-heart-form_23-2147896434.jpg?size=626&ext=jpg,Creative use of {Objects} to form a {Shape}.,e1b1cdde809da456dd6ab858a339b3b2,https://www.picturemosaics.com/photo-mosaic-tool/hotlink.php?file=storage/s3/v2/M8352320/p3/pmt-thumb&e=jpg&s=1,"A picture of a {Person} made from small tiles featuring {Scenes}, {Objects}, or {Animals}.",f14eed629c671ca320414b7bed2dc430,https://us.123rf.com/450wm/somyoma/somyoma1201/somyoma120100012/12056957-heart-created-by-light-over-black-background.jpg,Light trails forming {Shape} on a dark background with {Color} accents.
conflict_comp_df567ccf_e41101b8,compositional_formation,conflict,df567ccf0076cfe15dc758ce5179fc77,https://img.freepik.com/free-photo/coffee-grains-heart-form_23-2147896434.jpg?size=626&ext=jpg,Creative use of {Objects} to form a {Shape}.,e1b1cdde809da456dd6ab858a339b3b2,https://www.picturemosaics.com/photo-mosaic-tool/hotlink.php?file=storage/s3/v2/M8352320/p3/pmt-thumb&e=jpg&s=1,"A picture of a {Person} made from small tiles featuring {Scenes}, {Objects}, or {Animals}.",e41101b86180e9cd957adf83826f9f00,https://us.123rf.com/450wm/deyangeorgiev/deyangeorgiev1301/deyangeorgiev130100780/17515419-heart-shape-closeup-carved-in-red-apple.jpg,A {Fruit} with a carved-out {Symbol} that resembles a {Character} or {Object}.
conflict_comp_df567ccf_e6598661,compositional_formation,conflict,df567ccf0076cfe15dc758ce5179fc77,https://img.freepik.com/free-photo/coffee-grains-heart-form_23-2147896434.jpg?size=626&ext=jpg,Creative use of {Objects} to form a {Shape}.,e1b1cdde809da456dd6ab858a339b3b2,https://www.picturemosaics.com/photo-mosaic-tool/hotlink.php?file=storage/s3/v2/M8352320/p3/pmt-thumb&e=jpg&s=1,"A picture of a {Person} made from small tiles featuring {Scenes}, {Objects}, or {Animals}.",e6598661363f0501e69101ee159e317b,https://www.viesdecouleurs.fr/wp-content/uploads/2016/03/Fotolia_99671851_XS.jpg,A heart-shaped {Tree} rising from a {Background} to embody love or nature.
conflict_comp_df567ccf_fbef00d0,compositional_formation,conflict,df567ccf0076cfe15dc758ce5179fc77,https://img.freepik.com/free-photo/coffee-grains-heart-form_23-2147896434.jpg?size=626&ext=jpg,Creative use of {Objects} to form a {Shape}.,e1b1cdde809da456dd6ab858a339b3b2,https://www.picturemosaics.com/photo-mosaic-tool/hotlink.php?file=storage/s3/v2/M8352320/p3/pmt-thumb&e=jpg&s=1,"A picture of a {Person} made from small tiles featuring {Scenes}, {Objects}, or {Animals}.",fbef00d09d05a527eb908a2dd887f44b,"https://static.wixstatic.com/media/nsplsh_5433536e57676761785777~mv2.jpg/v1/fill/w_1000,h_750,al_c,q_90,usm_0.66_1.00_0.01/nsplsh_5433536e57676761785777~mv2.jpg",Creative use of {Shadow} to portray the form and texture of {Object} on a {Surface}.
conflict_comp_e602b6e9_f7834e45,compositional_formation,conflict,e602b6e92f6c54573e1bb4ad48667e69,http://cute-n-tiny.com/wp-content/uploads/2010/05/cute-penguin-bento-400x300.jpg,Imaginative food arrangements transforming {Ingredients} into recognizable {Shapes} or {Characters}.,e79ae1196097a1e758d42426856eae47,https://us.123rf.com/450wm/helios8/helios81505/helios8150500053/40076976-human-eye-composed-of-the-tools-and-screw-on-a-dark-background.jpg?ver=6,"A creative composition made using {Recycled Materials}, forming an {Object} with imaginative flair.",f7834e45e54bf1730c9beb37302baa5b,https://wonder-life.info:443/wp-content/uploads/2018/05/000-13.jpg,"""Creative presentation of {Food Items} shaped into a {Theme or Character} on a plate."""
conflict_comp_e439da05_ececb0e0,compositional_formation,conflict,e439da05427b410c1f832742dc38c5a8,http://static7.depositphotos.com/1006480/683/v/950/depositphotos_6838608-Set-of-Colorful-Art-Pencils.jpg,A collection of {Objects} arranged in a circular formation with varying {Colors} or {Patterns}.,e4402b2e7348f555b141c775291a2957,https://us.123rf.com/450wm/vsurkov/vsurkov1310/vsurkov131000013/23018109-burning-match-in-hand-near-the-model-of-the-house.jpg?veru003d6,Fire is ignited from a {Match} to form a {Scene/Object}.,ececb0e026f2bb4c8a2d8ced440f7799,https://us.123rf.com/450wm/viktarmalyshchyts/viktarmalyshchyts1202/viktarmalyshchyts120200202/12671095-oranges-and-color-pencils-concept.jpg?ver=6,"A visually striking arrangement featuring {Fruit} and matching {Colors} or {Objects}, representing the hues of {Theme}."
conflict_comp_f7f21911_ed490820,compositional_formation,conflict,f7f2191179e226b24aa8a20d9297f0f5,https://cdn.shopify.com/s/files/1/2297/0353/products/United-States-Map-Sticker_600x.jpg?v=1553216844,"An artistic depiction of {Region}'s iconic symbols and landmarks arranged within the map outline, highlighted by diverse {Color} and {Details}.",f844a6ad2a6e9c4e9c1b18804ac753de,https://edc2.healthtap.com/ht-staging/user_answer/avatars/1309938/large/open-uri20130821-19144-x07ndg.jpeg?1386596227,Creative design of {Tree} with foliage crafted from repeated {Symbol or Object}.,ed4908205b43c4e69fcb2172a50661ac,https://us.123rf.com/450wm/stringerphotography/stringerphotography1408/stringerphotography140800469/31009392-a-map-of-the-world-filled-with-a-elephant-pattern.jpg,A world map design incorporating {Pattern} as the background texture in a {Color} setting.
conflict_comp_f7f21911_f0179de6,compositional_formation,conflict,f7f2191179e226b24aa8a20d9297f0f5,https://cdn.shopify.com/s/files/1/2297/0353/products/United-States-Map-Sticker_600x.jpg?v=1553216844,"An artistic depiction of {Region}'s iconic symbols and landmarks arranged within the map outline, highlighted by diverse {Color} and {Details}.",f844a6ad2a6e9c4e9c1b18804ac753de,https://edc2.healthtap.com/ht-staging/user_answer/avatars/1309938/large/open-uri20130821-19144-x07ndg.jpeg?1386596227,Creative design of {Tree} with foliage crafted from repeated {Symbol or Object}.,f0179de6164d0122bdbf52bb279a776c,https://us.123rf.com/450wm/davidzydd/davidzydd1511/davidzydd151100577/47711231-stock-vector-charlotte-city-skyline-silhouette-multicolor-line-art.jpg?ver=6,A detailed outline of a {City Skyline} showcasing various {Buildings} in a vibrant {Color Palette}.
conflict_comp_e2c54863_ed3c7c91,compositional_formation,conflict,e2c548634699e005593eff2f73406127,https://cdn11.bigcommerce.com/s-t5mzvifm/images/stencil/760x760/products/472/685/1BACFPT42-a__53881.1463085504.jpg?c=2,"A {Tree} shape crafted from {Fruits}, with an array of {Colors} and {Types} arranged at the base.",e439da05427b410c1f832742dc38c5a8,http://static7.depositphotos.com/1006480/683/v/950/depositphotos_6838608-Set-of-Colorful-Art-Pencils.jpg,A collection of {Objects} arranged in a circular formation with varying {Colors} or {Patterns}.,ed3c7c91c841e2768bf9c713593b940a,https://i.pinimg.com/736x/76/68/aa/7668aac0a752cf8e4a7876984d592d91--tropical-christmas-trees-coastal-christmas.jpg,Creative fusion of {Tree} and unexpected {Seasonal Decorations} for a one-of-a-kind visual effect.
conflict_comp_ece780da_f1e0f426,compositional_formation,conflict,ece780da732cddd0812c30257270852a,https://media01.stockfood.com/previews/MjIzNDA4OA==/00186174-Food-collage-Vegetable-face-on-plate.jpg,"""Creative use of {Food Items} to form a {Face} with elements like {Eyes}, {Nose}, and {Mouth}.""",ed3d84c842377464f884c300e72912c5,https://s3.amazonaws.com/freestock-prod/450/freestock_58144744.jpg,A group of {People} arranged in a circular formation around a central {Object}.,f1e0f42672aff1a50d9d7f3f8595739e,https://cdn.flipboard.com/huffingtonpost.com/829a482af30b3f6828790ffcd06fc013ff316962/original.jpg,"""Arrangement of {Objects} on forks placed vertically, creating a visually appealing pattern."""
conflict_comp_ece780da_f031e302,compositional_formation,conflict,ece780da732cddd0812c30257270852a,https://media01.stockfood.com/previews/MjIzNDA4OA==/00186174-Food-collage-Vegetable-face-on-plate.jpg,"""Creative use of {Food Items} to form a {Face} with elements like {Eyes}, {Nose}, and {Mouth}.""",ed3d84c842377464f884c300e72912c5,https://s3.amazonaws.com/freestock-prod/450/freestock_58144744.jpg,A group of {People} arranged in a circular formation around a central {Object}.,f031e302107087880f5c64cee7fb37ca,https://us.123rf.com/450wm/ja_rek/ja_rek1011/ja_rek101100025/8188807-assortment-of-happy-vegetable-smileys-isolated-on-white-background.jpg?ver=6,Creative illustrations featuring {Fruits} or {Vegetables} with human-like faces and expressive emotions.
conflict_comp_ece780da_faf49f4a,compositional_formation,conflict,ece780da732cddd0812c30257270852a,https://media01.stockfood.com/previews/MjIzNDA4OA==/00186174-Food-collage-Vegetable-face-on-plate.jpg,"""Creative use of {Food Items} to form a {Face} with elements like {Eyes}, {Nose}, and {Mouth}.""",ed3d84c842377464f884c300e72912c5,https://s3.amazonaws.com/freestock-prod/450/freestock_58144744.jpg,A group of {People} arranged in a circular formation around a central {Object}.,faf49f4a225e86bcd07dbdd1c7ca6c25,https://img.freepik.com/free-photo/strawberries-splashing-into-water_101945-2149.jpg?size=338&ext=jpg,"The moment {Fruit} hits the water, creating splashes and bubbles against a dark background."
conflict_comp_ebb54082_f8ae57be,compositional_formation,conflict,ebb5408257fe0b7ddad9ca0ccbd9a3d8,https://imgix.bustle.com/uploads/getty/2021/8/24/98075d42-0997-4792-b86b-dcd927305d92-getty-89127926.jpg?w=1020&h=576&fit=crop&crop=faces&auto=format%2Ccompress,"Unique shapes created with {Ingredients} and {Arrangement}, forming creative depictions of {Objects} or {Characters}.",ec46ab4c0047376101de83dd39032dfc,https://live.staticflickr.com/65535/49029286312_9d3ddb5e9c_b.jpg,"""Group photo of {Group} arranged in a {Shape} formation on a {Background}.""",f8ae57beb301f3c302361044d6a89e49,https://us.123rf.com/450wm/claudiodivizia/claudiodivizia0912/claudiodivizia091200857/6136627-collage-of-food-isolated-over-white-background.jpg?ver=6,"An assortment of diverse {Food Items} organized by {Type}, {Ingredient}, or {Theme}."
conflict_comp_ebb54082_f39baa59,compositional_formation,conflict,ebb5408257fe0b7ddad9ca0ccbd9a3d8,https://imgix.bustle.com/uploads/getty/2021/8/24/98075d42-0997-4792-b86b-dcd927305d92-getty-89127926.jpg?w=1020&h=576&fit=crop&crop=faces&auto=format%2Ccompress,"Unique shapes created with {Ingredients} and {Arrangement}, forming creative depictions of {Objects} or {Characters}.",ec46ab4c0047376101de83dd39032dfc,https://live.staticflickr.com/65535/49029286312_9d3ddb5e9c_b.jpg,"""Group photo of {Group} arranged in a {Shape} formation on a {Background}.""",f39baa5961ba30fc1943d0cd737c73e3,https://us.123rf.com/450wm/magicleaf/magicleaf1810/magicleaf181003977/110280680-vector-design-of-burger-and-sandwich-logo-set-of-burger-and-slice-vector-icon-for-stock-.jpg?ver=6,"""Breakdown of a {Food Item} featuring individual components: {Ingredient 1}, {Ingredient 2}, {Ingredient 3}, assembled into a complete {Dish}"""
conflict_comp_ef627e29_effa9ae0,compositional_formation,conflict,ef627e29095ef3964e0e9681577c4868,https://us.123rf.com/450wm/alphaspirit/alphaspirit1711/alphaspirit171100024/89052361-aerial-view-of-people-forming-the-shape-of-a-christmas-tree-3d-rendering.jpg?ver=6,A gathering of {People} forming a {Shape}.,f00c22c8e3adf8001d0c0d59b8db7c61,https://cdn.specialneedstoys.com/products/images/l/9PWFT.jpeg,"A circular arrangement of {Objects} categorized by their {Type}, {Theme}, or {Characteristics}.",effa9ae0fa5da83de8d07260db84bcac,https://us.123rf.com/450wm/byrdyak/byrdyak1804/byrdyak180400002/98725698-360-degree-view-of-single-blossoming-tree-in-spring-on-rural-meadow.jpg?ver=6,"""360-degree view of {Landscapes} or {Structures} in a spherical panorama, showcasing {Scenery} from all angles."""
conflict_comp_ef627e29_e6598661,compositional_formation,conflict,ef627e29095ef3964e0e9681577c4868,https://us.123rf.com/450wm/alphaspirit/alphaspirit1711/alphaspirit171100024/89052361-aerial-view-of-people-forming-the-shape-of-a-christmas-tree-3d-rendering.jpg?ver=6,A gathering of {People} forming a {Shape}.,f00c22c8e3adf8001d0c0d59b8db7c61,https://cdn.specialneedstoys.com/products/images/l/9PWFT.jpeg,"A circular arrangement of {Objects} categorized by their {Type}, {Theme}, or {Characteristics}.",e6598661363f0501e69101ee159e317b,https://www.viesdecouleurs.fr/wp-content/uploads/2016/03/Fotolia_99671851_XS.jpg,A heart-shaped {Tree} rising from a {Background} to embody love or nature.
conflict_comp_e79ae119_fe7b6120,compositional_formation,conflict,e79ae1196097a1e758d42426856eae47,https://us.123rf.com/450wm/helios8/helios81505/helios8150500053/40076976-human-eye-composed-of-the-tools-and-screw-on-a-dark-background.jpg?ver=6,"A creative composition made using {Recycled Materials}, forming an {Object} with imaginative flair.",e7c44a402383f0881f075fa7fdde6888,https://i.pinimg.com/736x/3a/af/5f/3aaf5f713ce6f1576e86f0c5b8f90885--christmas-eve-christmas-parties.jpg,Creative use of {Food Items} to form the shape of a {Christmas Tree}.,fe7b612089322546a93e51d399fa9a64,https://i.ytimg.com/vi/cFrFGYaQ5Jo/0.jpg,Creative spray paint art blending {Object} with a {Scene/Environment} to form a unique and imaginative design.
conflict_comp_e9bbae0e_f1e0f426,compositional_formation,conflict,e9bbae0e4f3ead3060b916e63593ad9d,https://www.spring.org.uk/images/veg_brain.jpg,"""Creative representation of {Brain} made from various {Fruits} and {Vegetables} arranged in a realistic design.""",e9f1105995cfa1ba8673317081ddfd59,https://us.123rf.com/450wm/imagesourceprem/imagesourceprem1706/imagesourceprem170664785/82214248-aerial-view-of-friends-lying-in-star-shape-on-sand.jpg?ver=6,"""Group of {People} forming a {Shape} on the ground using {Object}.""",f1e0f42672aff1a50d9d7f3f8595739e,https://cdn.flipboard.com/huffingtonpost.com/829a482af30b3f6828790ffcd06fc013ff316962/original.jpg,"""Arrangement of {Objects} on forks placed vertically, creating a visually appealing pattern."""
conflict_comp_e9bbae0e_f8ae57be,compositional_formation,conflict,e9bbae0e4f3ead3060b916e63593ad9d,https://www.spring.org.uk/images/veg_brain.jpg,"""Creative representation of {Brain} made from various {Fruits} and {Vegetables} arranged in a realistic design.""",e9f1105995cfa1ba8673317081ddfd59,https://us.123rf.com/450wm/imagesourceprem/imagesourceprem1706/imagesourceprem170664785/82214248-aerial-view-of-friends-lying-in-star-shape-on-sand.jpg?ver=6,"""Group of {People} forming a {Shape} on the ground using {Object}.""",f8ae57beb301f3c302361044d6a89e49,https://us.123rf.com/450wm/claudiodivizia/claudiodivizia0912/claudiodivizia091200857/6136627-collage-of-food-isolated-over-white-background.jpg?ver=6,"An assortment of diverse {Food Items} organized by {Type}, {Ingredient}, or {Theme}."
conflict_comp_e9bbae0e_ecf449c9,compositional_formation,conflict,e9bbae0e4f3ead3060b916e63593ad9d,https://www.spring.org.uk/images/veg_brain.jpg,"""Creative representation of {Brain} made from various {Fruits} and {Vegetables} arranged in a realistic design.""",e9f1105995cfa1ba8673317081ddfd59,https://us.123rf.com/450wm/imagesourceprem/imagesourceprem1706/imagesourceprem170664785/82214248-aerial-view-of-friends-lying-in-star-shape-on-sand.jpg?ver=6,"""Group of {People} forming a {Shape} on the ground using {Object}.""",ecf449c9866dc5eb843a212c3f49ccc9,https://us.123rf.com/450wm/blulilues/blulilues1603/blulilues160300006/53276138-vector-image--a-set-of-products-for-the-preparation-of-national-soup-is-borscht.jpg?ver=6,The creation of {Food} through the combination of {Raw Ingredients} in a {Cooking Process}.
conflict_comp_e9bbae0e_f031e302,compositional_formation,conflict,e9bbae0e4f3ead3060b916e63593ad9d,https://www.spring.org.uk/images/veg_brain.jpg,"""Creative representation of {Brain} made from various {Fruits} and {Vegetables} arranged in a realistic design.""",e9f1105995cfa1ba8673317081ddfd59,https://us.123rf.com/450wm/imagesourceprem/imagesourceprem1706/imagesourceprem170664785/82214248-aerial-view-of-friends-lying-in-star-shape-on-sand.jpg?ver=6,"""Group of {People} forming a {Shape} on the ground using {Object}.""",f031e302107087880f5c64cee7fb37ca,https://us.123rf.com/450wm/ja_rek/ja_rek1011/ja_rek101100025/8188807-assortment-of-happy-vegetable-smileys-isolated-on-white-background.jpg?ver=6,Creative illustrations featuring {Fruits} or {Vegetables} with human-like faces and expressive emotions.
conflict_comp_e9f11059_f03e3425,compositional_formation,conflict,e9f1105995cfa1ba8673317081ddfd59,https://us.123rf.com/450wm/imagesourceprem/imagesourceprem1706/imagesourceprem170664785/82214248-aerial-view-of-friends-lying-in-star-shape-on-sand.jpg?ver=6,"""Group of {People} forming a {Shape} on the ground using {Object}.""",ebb5408257fe0b7ddad9ca0ccbd9a3d8,https://imgix.bustle.com/uploads/getty/2021/8/24/98075d42-0997-4792-b86b-dcd927305d92-getty-89127926.jpg?w=1020&h=576&fit=crop&crop=faces&auto=format%2Ccompress,"Unique shapes created with {Ingredients} and {Arrangement}, forming creative depictions of {Objects} or {Characters}.",f03e342598038304a70998b40c77b7f5,https://us.123rf.com/450wm/bialasiewicz/bialasiewicz2007/bialasiewicz200700079/151837837-four-young-women-on-a-therapy-working-in-a-group.jpg?ver=6,Visual representation of {Group} engaging in a {Task/Activity} around a {Object/Subject}.
conflict_comp_f3b7f230_f1e0f426,compositional_formation,conflict,f3b7f230282e4d94752423bd1dd5cd24,https://mangiarebuono.it/wp-content/uploads/2013/10/Fotolia_19415933_Subscription_Monthly_M.jpg,Creative use of {Food Items} to form a representation of {Terrain Features} on a plate.,f3c9463ad33ca289567c0c759a4f3a84,https://d2c5oomqu2hs08.cloudfront.net/wp-content/uploads/2018/02/cactus-1-web.jpg,A creative arrangement of {Balloon} shaped like a {Object}.,f1e0f42672aff1a50d9d7f3f8595739e,https://cdn.flipboard.com/huffingtonpost.com/829a482af30b3f6828790ffcd06fc013ff316962/original.jpg,"""Arrangement of {Objects} on forks placed vertically, creating a visually appealing pattern."""
conflict_comp_f3b7f230_ed490820,compositional_formation,conflict,f3b7f230282e4d94752423bd1dd5cd24,https://mangiarebuono.it/wp-content/uploads/2013/10/Fotolia_19415933_Subscription_Monthly_M.jpg,Creative use of {Food Items} to form a representation of {Terrain Features} on a plate.,f3c9463ad33ca289567c0c759a4f3a84,https://d2c5oomqu2hs08.cloudfront.net/wp-content/uploads/2018/02/cactus-1-web.jpg,A creative arrangement of {Balloon} shaped like a {Object}.,ed4908205b43c4e69fcb2172a50661ac,https://us.123rf.com/450wm/stringerphotography/stringerphotography1408/stringerphotography140800469/31009392-a-map-of-the-world-filled-with-a-elephant-pattern.jpg,A world map design incorporating {Pattern} as the background texture in a {Color} setting.
conflict_comp_ff94486f_e292802c,compositional_formation,conflict,ff94486f2fb662ef963bb3c9d62a8e65,"https://images-wixmp-ed30a86b8c4ca887773594c2.wixmp.com/f/330850b0-94df-44eb-a396-938a7de99d11/d3dgwdl-cd3fb11c-5415-4e0c-b101-0fee5656cde9.jpg/v1/fill/w_900,h_598,q_75,strp/3d_origami_pikachu_by_ibeautylovely-d3dgwdl.jpg?token=eyJ0eXAiOiJKV1QiLCJhbGciOiJIUzI1NiJ9.eyJpc3MiOiJ1cm46YXBwOjdlMGQxODg5ODIyNjQzNzNhNWYwZDQxNWVhMGQyNmUwIiwic3ViIjoidXJuOmFwcDo3ZTBkMTg4OTgyMjY0MzczYTVmMGQ0MTVlYTBkMjZlMCIsImF1ZCI6WyJ1cm46c2VydmljZTppbWFnZS5vcGVyYXRpb25zIl0sIm9iaiI6W1t7InBhdGgiOiIvZi8zMzA4NTBiMC05NGRmLTQ0ZWItYTM5Ni05MzhhN2RlOTlkMTEvZDNkZ3dkbC1jZDNmYjExYy01NDE1LTRlMGMtYjEwMS0wZmVlNTY1NmNkZTkuanBnIiwid2lkdGgiOiI8PTkwMCIsImhlaWdodCI6Ijw9NTk4In1dXX0.kjwEeJcTmOrgFv5gvxPE_Pr9wF8muWQaagwsH9kYyt0",An intricately folded {Paper} origami creation shaped like a {Character/Animal}.,df567ccf0076cfe15dc758ce5179fc77,https://img.freepik.com/free-photo/coffee-grains-heart-form_23-2147896434.jpg?size=626&ext=jpg,Creative use of {Objects} to form a {Shape}.,e292802cdb81357577a1e87346fe76a5,https://us.123rf.com/450wm/strekoza/strekoza1008/strekoza100800030/7638768-rabbit-in-sunglasses-isolated.jpg?ver=6,Animals sporting {Accessory} to look like they're wearing {Style}
conflict_comp_ed3d84c8_fff8c604,compositional_formation,conflict,ed3d84c842377464f884c300e72912c5,https://s3.amazonaws.com/freestock-prod/450/freestock_58144744.jpg,A group of {People} arranged in a circular formation around a central {Object}.,ed4e56476e4d0b60f47f65e85f6f64cb,https://i1.pickpik.com/photos/386/261/100/flowers-tree-harmony-harmonious-thumb.jpg,Creative tree designs using {Flowers} arranged to form a {Shape}.,fff8c6048ea8e4744aff3f8b5985393e,https://us.123rf.com/450wm/6kor3dos/6kor3dos1207/6kor3dos120700083/14520282-3d-person-climbing-stairs-to-join-three-people-waiting-at-the-top.jpg?ver=6,"Visual representation of {Action} leading to {Goal}, depicted by {Subject} climbing {Steps}."
conflict_comp_ec46ab4c_e3033baf,compositional_formation,conflict,ec46ab4c0047376101de83dd39032dfc,https://live.staticflickr.com/65535/49029286312_9d3ddb5e9c_b.jpg,"""Group photo of {Group} arranged in a {Shape} formation on a {Background}.""",ece780da732cddd0812c30257270852a,https://media01.stockfood.com/previews/MjIzNDA4OA==/00186174-Food-collage-Vegetable-face-on-plate.jpg,"""Creative use of {Food Items} to form a {Face} with elements like {Eyes}, {Nose}, and {Mouth}.""",e3033baff84e6bc612a5ecaefe9d2f94,https://www.romanticasheville.com/sites/default/files/u13/tryon-WEG-2018-FEI.jpg,Synchronized acts performed by {Performers} on {Animal} in front of an attentive {Audience}.
conflict_comp_ec46ab4c_fca0947a,compositional_formation,conflict,ec46ab4c0047376101de83dd39032dfc,https://live.staticflickr.com/65535/49029286312_9d3ddb5e9c_b.jpg,"""Group photo of {Group} arranged in a {Shape} formation on a {Background}.""",ece780da732cddd0812c30257270852a,https://media01.stockfood.com/previews/MjIzNDA4OA==/00186174-Food-collage-Vegetable-face-on-plate.jpg,"""Creative use of {Food Items} to form a {Face} with elements like {Eyes}, {Nose}, and {Mouth}.""",fca0947a0bb5636dded2d9d068ead2f0,http://s3.amazonaws.com/darkroom-cdn/2015/09/AP-APTOPIX-Canada-Daily-Lif-760x506.jpg,Aerial view of a {Group} interacting with their {Leader} in a {Setting}.
conflict_comp_ec46ab4c_e5a1aa8b,compositional_formation,conflict,ec46ab4c0047376101de83dd39032dfc,https://live.staticflickr.com/65535/49029286312_9d3ddb5e9c_b.jpg,"""Group photo of {Group} arranged in a {Shape} formation on a {Background}.""",ece780da732cddd0812c30257270852a,https://media01.stockfood.com/previews/MjIzNDA4OA==/00186174-Food-collage-Vegetable-face-on-plate.jpg,"""Creative use of {Food Items} to form a {Face} with elements like {Eyes}, {Nose}, and {Mouth}.""",e5a1aa8b1666791f62e65924d65474cf,https://farm4.staticflickr.com/3344/3333486097_2f21dcc969.jpg,A massive gathering of {People} organized in {Arrangement}.
conflict_comp_f00c22c8_f8ae57be,compositional_formation,conflict,f00c22c8e3adf8001d0c0d59b8db7c61,https://cdn.specialneedstoys.com/products/images/l/9PWFT.jpeg,"A circular arrangement of {Objects} categorized by their {Type}, {Theme}, or {Characteristics}.",f3b7f230282e4d94752423bd1dd5cd24,https://mangiarebuono.it/wp-content/uploads/2013/10/Fotolia_19415933_Subscription_Monthly_M.jpg,Creative use of {Food Items} to form a representation of {Terrain Features} on a plate.,f8ae57beb301f3c302361044d6a89e49,https://us.123rf.com/450wm/claudiodivizia/claudiodivizia0912/claudiodivizia091200857/6136627-collage-of-food-isolated-over-white-background.jpg?ver=6,"An assortment of diverse {Food Items} organized by {Type}, {Ingredient}, or {Theme}."
conflict_comp_f00c22c8_ecf449c9,compositional_formation,conflict,f00c22c8e3adf8001d0c0d59b8db7c61,https://cdn.specialneedstoys.com/products/images/l/9PWFT.jpeg,"A circular arrangement of {Objects} categorized by their {Type}, {Theme}, or {Characteristics}.",f3b7f230282e4d94752423bd1dd5cd24,https://mangiarebuono.it/wp-content/uploads/2013/10/Fotolia_19415933_Subscription_Monthly_M.jpg,Creative use of {Food Items} to form a representation of {Terrain Features} on a plate.,ecf449c9866dc5eb843a212c3f49ccc9,https://us.123rf.com/450wm/blulilues/blulilues1603/blulilues160300006/53276138-vector-image--a-set-of-products-for-the-preparation-of-national-soup-is-borscht.jpg?ver=6,The creation of {Food} through the combination of {Raw Ingredients} in a {Cooking Process}.
conflict_comp_f00c22c8_fc385887,compositional_formation,conflict,f00c22c8e3adf8001d0c0d59b8db7c61,https://cdn.specialneedstoys.com/products/images/l/9PWFT.jpeg,"A circular arrangement of {Objects} categorized by their {Type}, {Theme}, or {Characteristics}.",f3b7f230282e4d94752423bd1dd5cd24,https://mangiarebuono.it/wp-content/uploads/2013/10/Fotolia_19415933_Subscription_Monthly_M.jpg,Creative use of {Food Items} to form a representation of {Terrain Features} on a plate.,fc385887524ecc8a2d6d0e090e63afa2,https://us.123rf.com/450wm/artinspiring/artinspiring1909/artinspiring190900199/130768107-cutting-red-tomato-using-a-knife-vegetable-food-fresh.jpg?ver=6,The transformation of {Whole Object} into multiple {Pieces/Segments} is shown through the use of {Tool/Action}.
conflict_comp_f00c22c8_ecd09e61,compositional_formation,conflict,f00c22c8e3adf8001d0c0d59b8db7c61,https://cdn.specialneedstoys.com/products/images/l/9PWFT.jpeg,"A circular arrangement of {Objects} categorized by their {Type}, {Theme}, or {Characteristics}.",f3b7f230282e4d94752423bd1dd5cd24,https://mangiarebuono.it/wp-content/uploads/2013/10/Fotolia_19415933_Subscription_Monthly_M.jpg,Creative use of {Food Items} to form a representation of {Terrain Features} on a plate.,ecd09e61f99b3ec56c9be9708133860c,http://designingsound.org/wp-content/uploads/2017/05/Translation.jpg,Visual representation of a whole {Fruit} alongside a sliced piece showcasing the inner details and seeds.
conflict_comp_f00c22c8_f031e302,compositional_formation,conflict,f00c22c8e3adf8001d0c0d59b8db7c61,https://cdn.specialneedstoys.com/products/images/l/9PWFT.jpeg,"A circular arrangement of {Objects} categorized by their {Type}, {Theme}, or {Characteristics}.",f3b7f230282e4d94752423bd1dd5cd24,https://mangiarebuono.it/wp-content/uploads/2013/10/Fotolia_19415933_Subscription_Monthly_M.jpg,Creative use of {Food Items} to form a representation of {Terrain Features} on a plate.,f031e302107087880f5c64cee7fb37ca,https://us.123rf.com/450wm/ja_rek/ja_rek1011/ja_rek101100025/8188807-assortment-of-happy-vegetable-smileys-isolated-on-white-background.jpg?ver=6,Creative illustrations featuring {Fruits} or {Vegetables} with human-like faces and expressive emotions.
conflict_comp_e1b1cdde_efaf88d9,compositional_formation,conflict,e1b1cdde809da456dd6ab858a339b3b2,https://www.picturemosaics.com/photo-mosaic-tool/hotlink.php?file=storage/s3/v2/M8352320/p3/pmt-thumb&e=jpg&s=1,"A picture of a {Person} made from small tiles featuring {Scenes}, {Objects}, or {Animals}.",e255b2c5d74978e6e5e70df7e43836d0,https://img1.etsystatic.com/203/0/5236506/il_340x270.1263092685_78ni.jpg,A heart-shaped arrangement made with {Objects} of different {Colors} and {Shapes}.,efaf88d95c61c6f8cd7182445c7279d7,https://i.pinimg.com/736x/ac/ee/c1/aceec1e75328e9cc205b35311a8eeee3--the-simpsons-maxis.jpg,"""Hidden {Object} within a crowd of diverse {People} in a creative and artistic arrangement."""
conflict_comp_e4d8628d_ff614f32,compositional_formation,conflict,e4d8628d8b475bed5210fd7f6dd5fd94,https://worleygig.files.wordpress.com/2013/06/100_2872.jpg?w=571&h=428,A creative display of {Creative Object} made from stacked {Blocks} on a {Background}.,e602b6e92f6c54573e1bb4ad48667e69,http://cute-n-tiny.com/wp-content/uploads/2010/05/cute-penguin-bento-400x300.jpg,Imaginative food arrangements transforming {Ingredients} into recognizable {Shapes} or {Characters}.,ff614f3283a76d9778dd5c11be099b62,https://i2.wp.com/www.ninisworld.com/wordpress/wp-content/uploads/2014/02/furniture_9.jpg?w=530&h=708,A stack of {Seating Arrangement} chairs folded for convenient storage.
